"scenario","n","alpha_true","beta_true","lambda_true","replication","alpha_hat","beta_hat","lambda_hat","logLik","convergence","seconds"
"S1",500,0.5,1,0.8,1,0.631770553340519,0.987883940625402,0.937893333615145,-21.8736348014481,0,1.07300000000001
"S1",500,0.5,1,0.8,2,0.255168644230688,1.01365132907251,0.449325785264686,-44.1019371985243,0,1.12899999999999
"S1",500,0.5,1,0.8,3,0.582631389852755,0.994084522449252,0.910567318665268,-12.1912277036588,0,0.964999999999975
"S1",500,0.5,1,0.8,4,0.828937984221911,1.01264254036689,1.03463222209734,-64.6924506354156,0,1.102
"S1",500,0.5,1,0.8,5,0.448894465370339,1.06079465836176,0.815305828714107,8.02506065584316,0,1.09900000000002
"S1",500,0.5,1,0.8,6,0.302278425269287,0.985975742031873,0.545500992014589,-17.5732547454265,0,1.03300000000002
"S1",500,0.5,1,0.8,7,0.493144554754337,1.05472783533529,0.781960981353679,-46.2708740876675,0,0.995999999999981
"S1",500,0.5,1,0.8,8,0.66622450114919,1.01204380408482,1.03252959805013,0.551830315867846,0,0.967000000000013
"S1",500,0.5,1,0.8,9,0.425855943581257,1.06900977009618,0.731451787078717,-37.4242001512463,0,0.995999999999981
"S1",500,0.5,1,0.8,10,0.653154987994234,0.968079639664663,0.928812602580232,-31.2022356056283,0,1.05699999999999
"S1",500,0.5,1,0.8,11,0.437504242393695,1.00802748375966,0.729047039333759,-26.1597039754829,0,1.06400000000002
"S1",500,0.5,1,0.8,12,0.229971066211627,1.05475946573796,0.425727309489085,-46.3359065531585,0,1.09400000000002
"S1",500,0.5,1,0.8,13,0.439314586431656,1.02684749499049,0.796358239887846,7.55599865002011,0,1.006
"S1",500,0.5,1,0.8,14,0.66146167152046,0.969656716398001,0.952817244001907,-21.3355457458168,0,1.131
"S1",500,0.5,1,0.8,15,0.412892937846445,0.983516200734402,0.643227477016446,-52.0693659708285,0,1.07900000000001
"S1",500,0.5,1,0.8,16,1.73947585222787,0.899763658213023,1.59323899404851,8.2592641508179,0,0.975999999999999
"S1",500,0.5,1,0.8,17,0.521878392258148,0.987204361493627,0.796689641639627,-38.0128367680304,0,0.948999999999984
"S1",500,0.5,1,0.8,18,0.525510219957709,0.972079868859883,0.767802381602986,-58.8560146071267,0,1.14099999999999
"S1",500,0.5,1,0.8,19,0.53421630790603,1.02086682444021,0.762875654821278,-77.7063186416176,0,1.02100000000002
"S1",500,0.5,1,0.8,20,1.10231775923229,0.943991098599441,1.37866409895003,26.3644111546218,0,0.969999999999999
"S1",500,0.5,1,0.8,21,0.832286203584231,0.948565482612617,0.934587180778434,-99.7960844070794,0,1.06100000000001
"S1",500,0.5,1,0.8,22,0.556784262031253,0.966385704205826,0.858889601030261,-9.61317184783115,0,1.07400000000001
"S1",500,0.5,1,0.8,23,0.842322691803855,1.04087945168004,1.14644598288744,-26.1339535685928,0,1.16400000000002
"S1",500,0.5,1,0.8,24,1.08149215461239,0.928770165584785,1.16835290017886,-52.5630326259982,0,1.29999999999998
"S1",500,0.5,1,0.8,25,0.429983117608878,1.06357195273033,0.759557146013839,-23.4858680211134,0,1.172
"S1",500,0.5,1,0.8,26,0.409100292872548,0.994601471078738,0.664202602298541,-35.7562964912543,0,1.267
"S1",500,0.5,1,0.8,27,0.993741315431258,0.983030104049418,1.2760080017767,1.49879244868464,0,1.02099999999999
"S1",500,0.5,1,0.8,28,0.371167547742954,1.0129129118665,0.686230442530873,-2.6563599694565,0,1.09
"S1",500,0.5,1,0.8,29,0.503143532887905,1.00321063121099,0.82092363356668,-18.0923632910271,0,1.054
"S1",500,0.5,1,0.8,30,0.686674485822767,1.03085850141308,1.06153631813053,-0.88667944199085,0,1.03399999999999
"S1",500,0.5,1,0.8,31,1.75053908175609,0.897902762040158,1.47564067206814,-31.3388468638689,0,1.02799999999999
"S1",500,0.5,1,0.8,32,0.289963452882961,1.01895085786766,0.558131357219444,5.14155850202042,0,1.137
"S1",500,0.5,1,0.8,33,0.429754884460738,0.954319091940451,0.678886452445812,-43.5713693916459,0,1.006
"S1",500,0.5,1,0.8,34,0.360342062475647,0.977319958836727,0.662980779284456,15.8299832093063,0,1.03899999999999
"S1",500,0.5,1,0.8,35,0.879302399384823,0.960886747124881,1.13353090179512,-23.3918204286367,0,1.089
"S1",500,0.5,1,0.8,36,0.294908446570601,1.01787197256127,0.549470736188311,-16.6226369755236,0,1.16899999999998
"S1",500,0.5,1,0.8,37,0.296046827511668,0.9773222228683,0.518953822439854,-29.9114463559421,0,1.08100000000002
"S1",500,0.5,1,0.8,38,0.27106842350668,0.979457720169049,0.462893573562772,-50.6969200289267,0,1.04499999999999
"S1",500,0.5,1,0.8,39,0.514401723824377,0.976154844022533,0.837360667727208,2.41693633806062,0,1.078
"S1",500,0.5,1,0.8,40,0.310078516058452,0.995445775894299,0.527525763887769,-47.7928636820189,0,1.125
"S1",500,0.5,1,0.8,41,0.371201148387466,1.01097723974539,0.606864019436041,-48.7506746213079,0,1.184
"S1",500,0.5,1,0.8,42,0.331571075177262,1.03132515966907,0.641848759267946,14.8530034827936,0,1.077
"S1",500,0.5,1,0.8,43,0.381388539748291,1.00832661228119,0.633125002944956,-43.8157251476891,0,1.15700000000001
"S1",500,0.5,1,0.8,44,0.956791180118677,0.940213861769713,1.05090764144759,-81.1378345765559,0,0.969999999999999
"S1",500,0.5,1,0.8,45,0.399030438115043,1.02548946861895,0.666862040725432,-38.5267062529829,0,0.992999999999995
"S1",500,0.5,1,0.8,46,4.90429955776336,0.866140331027795,2.06306662769006,5.30580643229257,0,1.07399999999998
"S1",500,0.5,1,0.8,47,0.662496879623283,0.960683854067763,0.953783379870212,-21.5266968069394,0,1.04600000000002
"S1",500,0.5,1,0.8,48,0.392639654214948,0.953869403330782,0.672031187136185,-1.95537833293179,0,0.997000000000014
"S1",500,0.5,1,0.8,49,0.145773491397829,1.06870024436668,0.306220234404271,-19.4890723862854,0,1.24699999999999
"S1",500,0.5,1,0.8,50,0.730631799288565,0.97671037070367,1.03488483703629,-13.7719734462821,0,1.096
"S1",500,0.5,1,0.8,51,0.54413240279928,0.997127686420849,0.851537797075337,-19.2493229681345,0,1.09099999999998
"S1",500,0.5,1,0.8,52,0.332553617842986,1.05513239924623,0.683358441373811,28.9610457572346,0,1.101
"S1",500,0.5,1,0.8,53,0.862539278160198,0.982636042759216,1.14294294951452,-15.3018857184031,0,1.096
"S1",500,0.5,1,0.8,54,0.461638708391868,1.06287582115344,0.808783594838053,-13.4033363247963,0,1.03999999999999
"S1",500,0.5,1,0.8,55,1.77140159459285,0.941756802544127,1.57287972991543,-19.0812644972822,0,1.05799999999999
"S1",500,0.5,1,0.8,56,0.6103788332733,0.987958363621814,0.998643570734567,16.247411420635,0,1.005
"S1",500,0.5,1,0.8,57,0.573134900235781,0.983251235930014,0.906690993428582,-2.46575629766289,0,1.02799999999999
"S1",500,0.5,1,0.8,58,0.367980116108266,1.03755588862443,0.688699690546302,3.87231823906495,0,1.273
"S1",500,0.5,1,0.8,59,0.331773814034649,0.968735751291977,0.560539413891148,-34.4793217213345,0,1.08799999999999
"S1",500,0.5,1,0.8,60,0.747897775404546,0.954663014406477,1.03474185501901,-15.1361381132227,0,1.02500000000001
"S1",500,0.5,1,0.8,61,1.63499093446498,0.895014730730917,1.57014657340812,17.6861483373465,0,1.06899999999999
"S1",500,0.5,1,0.8,62,0.766480963532518,0.994604506774278,1.01674039048134,-38.285774571814,0,1.06100000000001
"S1",500,0.5,1,0.8,63,0.676688251909605,0.983594840372462,0.93321255342557,-44.7948703246665,0,1.00700000000001
"S1",500,0.5,1,0.8,64,0.493225863657721,1.03803862121124,0.75152071236456,-58.8281142141108,0,1.06700000000001
"S1",500,0.5,1,0.8,65,0.838591575803724,1.00474357975602,1.1090097534577,-32.9984462685819,0,1.03099999999998
"S1",500,0.5,1,0.8,66,0.468754788388767,1.04250411705221,0.775295283656196,-32.3992908977149,0,1.06100000000001
"S1",500,0.5,1,0.8,67,0.877020326517514,0.966329047208836,1.07043808310444,-48.3204240883761,0,1.006
"S1",500,0.5,1,0.8,68,0.330923055742697,1.03986708104333,0.65363966486013,18.5484823841272,0,1.03299999999999
"S1",500,0.5,1,0.8,69,0.512403594196183,0.972102219744093,0.821135659057592,-11.9561763313615,0,1.00200000000001
"S1",500,0.5,1,0.8,70,0.278382943341492,1.03332168220396,0.513458042345402,-29.4041155192434,0,1.10199999999998
"S1",500,0.5,1,0.8,71,0.830916644219765,1.00868566281624,1.16630620694765,-3.89651866201268,0,1.024
"S1",500,0.5,1,0.8,72,0.508070206395307,1.06882736429719,0.893870086716682,0.0480445734317527,0,1.035
"S1",500,0.5,1,0.8,73,0.604815381513069,0.971362669779172,0.870202539066077,-36.0092623296331,0,1.01000000000002
"S1",500,0.5,1,0.8,74,0.685072915268559,0.98299423935802,0.938195695224245,-47.6703951798365,0,1.09699999999998
"S1",500,0.5,1,0.8,75,0.410670028952133,1.0198206282742,0.681565606254221,-40.2332022327583,0,1.08800000000002
"S1",500,0.5,1,0.8,76,0.488517852324263,0.982079660744307,0.864844752924216,30.0805779577499,0,0.997000000000014
"S1",500,0.5,1,0.8,77,0.491772223530804,1.02053492171483,0.870698227604439,18.017081740351,0,1.048
"S1",500,0.5,1,0.8,78,1.32185578982344,0.928980146560993,1.31934522580237,-42.6429731176625,0,0.930999999999983
"S1",500,0.5,1,0.8,79,0.800808891555445,0.966676076251379,1.11618694352651,-2.27696511662123,0,0.970000000000027
"S1",500,0.5,1,0.8,80,0.363685147148144,0.993034897290684,0.623978934720199,-22.6029516525127,0,1.101
"S1",500,0.5,1,0.8,81,0.838936917316078,0.986407677634584,1.08341712536845,-40.321945646429,0,1.03899999999999
"S1",500,0.5,1,0.8,82,0.3158707368966,1.04041561881204,0.580358589847229,-22.254374753262,0,1.02100000000002
"S1",500,0.5,1,0.8,83,0.640876422656457,1.00567613719457,0.889878442811947,-59.7221533259841,0,0.932999999999993
"S1",500,0.5,1,0.8,84,0.448980844919592,0.994581205082973,0.661015654469585,-76.0640032606772,0,0.966000000000008
"S1",500,0.5,1,0.8,85,0.419175319441269,0.995277572659177,0.730950066000221,-0.250498854067587,0,0.995999999999981
"S1",500,0.5,1,0.8,86,0.345987172148258,1.00226839398696,0.590216226883169,-32.8671588892236,0,0.990999999999985
"S1",500,0.5,1,0.8,87,0.988867203360784,0.919709754073953,1.17312323545321,-21.9172858213831,0,1.00100000000003
"S1",500,0.5,1,0.8,88,0.442098081963451,0.972638069247528,0.711374655912764,-21.051530582217,0,1.07400000000001
"S1",500,0.5,1,0.8,89,4.11605161170615,0.912076325018899,1.81662571032737,-66.6062593924436,0,1.096
"S1",500,0.5,1,0.8,90,0.542405838271662,0.946334340575216,0.813414773593441,-26.2130543657379,0,1.05799999999999
"S1",500,0.5,1,0.8,91,0.461492523513466,1.01174221619592,0.695369917116846,-66.880066039413,0,1.02100000000002
"S1",500,0.5,1,0.8,92,1.05921180779427,1.00941405354147,1.34651626538488,-0.733197009015271,0,0.954999999999984
"S1",500,0.5,1,0.8,93,0.512008381955296,0.962006051791032,0.715766416944886,-77.5373395181875,0,1.04499999999996
"S1",500,0.5,1,0.8,94,0.291347997367428,1.06182653715853,0.608220247992001,27.4741986334103,0,1.23599999999999
"S1",500,0.5,1,0.8,95,0.619946319705422,1.00246314999997,0.837189432904331,-76.0782992018295,0,0.955000000000041
"S1",500,0.5,1,0.8,96,1.15473579953403,1.01212665347929,1.37857238705251,-16.1356543354332,0,0.99799999999999
"S1",500,0.5,1,0.8,97,1.12585237746223,0.958152064799432,1.22166336468118,-49.0969019502666,0,0.998999999999967
"S1",500,0.5,1,0.8,98,0.774652289989096,0.957238900203169,1.02100727907439,-32.5933752190315,0,1.00999999999999
"S1",500,0.5,1,0.8,99,0.751324597041027,0.946430136383752,0.955264282018117,-55.00166511357,0,1.09300000000002
"S1",500,0.5,1,0.8,100,0.790634948145278,0.960074470552584,1.14279073949322,17.8272612634408,0,1.08499999999998
"S1",500,0.5,1,0.8,101,0.43874692741896,1.02786340847771,0.797781049994388,13.0229524250333,0,1.09899999999999
"S1",500,0.5,1,0.8,102,0.5592572928035,1.03794019615111,0.925279790641621,-7.15881848239508,0,1.02600000000001
"S1",500,0.5,1,0.8,103,0.655973286121251,0.963326745305857,0.93934045383921,-23.7219318826945,0,1.03799999999995
"S1",500,0.5,1,0.8,104,0.566620250886351,1.04105631289431,0.905377392740431,-17.8271005539336,0,1.05500000000001
"S1",500,0.5,1,0.8,105,0.365809689826934,1.06699858420878,0.691001786880069,-4.2477764541519,0,1.00400000000002
"S1",500,0.5,1,0.8,106,0.372176280856281,1.0669136307591,0.643768748733188,-44.4797898328151,0,1.02800000000002
"S1",500,0.5,1,0.8,107,0.591139830005307,0.954071232062425,0.982303371262794,42.3281727243422,0,1.04200000000003
"S1",500,0.5,1,0.8,108,0.360036755744322,0.995102135572274,0.685237545918503,23.6286163690376,0,1.09700000000004
"S1",500,0.5,1,0.8,109,0.644820519980457,0.987283400793876,0.983753879045327,-2.14945400927013,0,1.00299999999999
"S1",500,0.5,1,0.8,110,0.623778895605002,0.978311555445568,0.978758808463223,7.16417061033314,0,1.16399999999999
"S1",500,0.5,1,0.8,111,0.497620139235766,1.04457918529277,0.866257942813286,-1.98754125031087,0,1.04700000000003
"S1",500,0.5,1,0.8,112,0.425216168456847,1.0225605569607,0.705085806609038,-37.2971887441122,0,1.053
"S1",500,0.5,1,0.8,113,0.63791895056369,0.943099237677878,0.885655148728916,-34.5731971977993,0,1.02499999999998
"S1",500,0.5,1,0.8,114,0.524206650959658,1.06401779901491,0.79601950348125,-64.6411489287515,0,1.01000000000005
"S1",500,0.5,1,0.8,115,0.5879781464667,0.996787119589895,0.885556921926746,-23.2777047090389,0,1.05900000000003
"S1",500,0.5,1,0.8,116,0.235786615320971,1.0574149196675,0.445792034984798,-41.7770374510341,0,1.07499999999999
"S1",500,0.5,1,0.8,117,0.421189187159175,1.0000556158999,0.714597368097234,-16.4159575185711,0,1.09399999999999
"S1",500,0.5,1,0.8,118,0.302199244251553,1.02229163630635,0.624743523543013,31.67781528188,0,1.13399999999996
"S1",500,0.5,1,0.8,119,0.899457502468738,1.00951211087846,1.17200930278058,-23.5284500639601,0,1.108
"S1",500,0.5,1,0.8,120,0.769236063256189,1.00466537639991,1.08885560426749,-15.7688054657904,0,0.961000000000013
"S1",500,0.5,1,0.8,121,0.389382910457265,1.01791325563496,0.627617220664594,-60.9214160740665,0,1.04600000000005
"S1",500,0.5,1,0.8,122,0.487813576588167,0.962889134600082,0.710447336231903,-63.8604661890308,0,1.065
"S1",500,0.5,1,0.8,123,0.651152004931467,0.972818693061261,0.924213638589354,-30.3095082902604,0,0.989000000000033
"S1",500,0.5,1,0.8,124,1.14932594958334,0.960159801835841,1.32157322072951,-16.699944594129,0,0.981999999999971
"S1",500,0.5,1,0.8,125,0.744422143411081,1.02240999614697,1.02081154797419,-43.8177203373889,0,1.08999999999997
"S1",500,0.5,1,0.8,126,0.880819985395664,0.960737870181626,1.27019247544132,42.7702885326626,0,1.02699999999999
"S1",500,0.5,1,0.8,127,0.764399810130668,0.957429050635964,0.936845646946588,-71.1133160091491,0,1.00399999999996
"S1",500,0.5,1,0.8,128,0.342065327765138,0.99254361049853,0.608945048039646,-12.3684481445466,0,1.06299999999999
"S1",500,0.5,1,0.8,129,1.20700376802365,0.935453722541304,1.23071505902044,-57.2419310223017,0,1.125
"S1",500,0.5,1,0.8,130,0.885385707370992,0.978455694735141,1.29500702238518,40.7482684902981,0,0.976999999999975
"S1",500,0.5,1,0.8,131,0.396732997799106,0.960071258216969,0.665798933039558,-3.83547108051937,0,1.17099999999999
"S1",500,0.5,1,0.8,132,0.304993573074569,0.988290279757121,0.57898651812561,10.8755329041726,0,1.06999999999999
"S1",500,0.5,1,0.8,133,0.936578661211955,0.915954827577213,1.18601776817657,3.90447757796267,0,1.01599999999996
"S1",500,0.5,1,0.8,134,0.260423370184066,1.03937420865034,0.4829382412268,-36.0073337590759,0,1.12900000000002
"S1",500,0.5,1,0.8,135,0.724181583580838,0.95265979203408,0.98342190834777,-33.6397450667189,0,1.08999999999997
"S1",500,0.5,1,0.8,136,1.51972504290679,0.918191619148353,1.45510896615216,-15.9884447978644,0,1.00599999999997
"S1",500,0.5,1,0.8,137,0.762694612606835,0.983794378683254,1.04254338753767,-28.9198344200148,0,1.11199999999997
"S1",500,0.5,1,0.8,138,0.272660195961513,1.03480188320336,0.525025085544685,-18.6523588117213,0,1.10499999999996
"S1",500,0.5,1,0.8,139,0.285382921153675,0.988301240818727,0.544716804537704,-0.74027853047653,0,1.08099999999996
"S1",500,0.5,1,0.8,140,0.409106987109264,1.04075951552989,0.719291868840908,-20.2086811022119,0,1.12700000000001
"S1",500,0.5,1,0.8,141,0.497919276657624,0.972878408876567,0.833721490548277,8.22107242681614,0,1.048
"S1",500,0.5,1,0.8,142,0.656019203865361,0.959969289141846,1.02900279343722,21.6764954211272,0,1
"S1",500,0.5,1,0.8,143,0.535290630360921,1.00465837328686,0.906857875048099,13.6932643361598,0,1.04699999999997
"S1",500,0.5,1,0.8,144,0.501441426714849,0.992505728337012,0.781443119881353,-32.3445482633962,0,1.113
"S1",500,0.5,1,0.8,145,1.49534718943449,0.87239835751629,1.33643204710677,-43.272851550146,0,1.012
"S1",500,0.5,1,0.8,146,0.820697458617649,0.981119087315176,1.10173243278157,-15.0301104207954,0,1.12
"S1",500,0.5,1,0.8,147,0.576175684875879,0.990031713960085,0.880000872140391,-18.9728432020456,0,1.14699999999999
"S1",500,0.5,1,0.8,148,0.541279730821233,0.978111132949866,0.8076112964893,-36.093250389247,0,1.19799999999998
"S1",500,0.5,1,0.8,149,0.443195239175082,1.09487183117104,0.774376574451077,-24.322122195049,0,1.18799999999999
"S1",500,0.5,1,0.8,150,0.35080215137344,1.03576156667286,0.66513310421521,0.0439735861743884,0,1.03899999999999
"S1",500,0.5,1,0.8,151,1.66177724445014,0.863165612851005,1.43741173681883,-21.2082435770175,0,1.01600000000002
"S1",500,0.5,1,0.8,152,0.410020606595161,0.994888974500909,0.724042898786282,6.65542639186424,0,1.02699999999999
"S1",500,0.5,1,0.8,153,0.471294699119432,0.973377274678216,0.749197540526878,-24.780198041042,0,1.15500000000003
"S1",500,0.5,1,0.8,154,0.211940882214607,1.03535410627366,0.441775028669101,6.64155425441902,0,1.08199999999999
"S1",500,0.5,1,0.8,155,0.54070981048073,1.0048502519742,0.897710576033268,5.20012612045366,0,1.11099999999999
"S1",500,0.5,1,0.8,156,1.1458545503081,0.985550705047378,1.31086900712581,-26.2144809933452,0,1.03500000000003
"S1",500,0.5,1,0.8,157,0.533647167579588,1.0176714659904,0.84465081409859,-24.3814801944229,0,1.12100000000004
"S1",500,0.5,1,0.8,158,0.617567131373841,0.978074016801759,0.832863255809933,-76.0792803587536,0,1.11799999999999
"S1",500,0.5,1,0.8,159,0.50731735050411,0.991489660710327,0.808861365421304,-17.6120911469873,0,1.07600000000002
"S1",500,0.5,1,0.8,160,0.320827255783412,1.01051572478987,0.609493690979417,9.81564024458214,0,1.05200000000002
"S1",500,0.5,1,0.8,161,0.463559825613945,1.00589088490638,0.746854351648841,-30.3451364840726,0,1.142
"S1",500,0.5,1,0.8,162,0.282451049928621,1.01197051773873,0.549274929877518,5.46760494495982,0,1.16800000000001
"S1",500,0.5,1,0.8,163,0.807406326824955,0.92478578502044,1.07211905461997,-6.0322098290859,0,1.08000000000004
"S1",500,0.5,1,0.8,164,0.317684626520746,1.01317273170747,0.615867818893246,12.3698658551649,0,1.048
"S1",500,0.5,1,0.8,165,0.621723598868333,0.998132304270614,1.02083337315795,20.6980537581971,0,1.01500000000004
"S1",500,0.5,1,0.8,166,1.07015394206452,0.931051832935404,1.2246413317302,-25.0148740756523,0,1.12099999999998
"S1",500,0.5,1,0.8,167,0.365686611904231,0.994412938185555,0.583472447609746,-66.9892482287307,0,1.21799999999996
"S1",500,0.5,1,0.8,168,0.645179040369594,0.910290712156736,0.817338819965134,-73.2131301113919,0,1.10399999999998
"S1",500,0.5,1,0.8,169,1.31457230695766,0.94033078461958,1.38353978583801,-20.5251516607126,0,0.978999999999985
"S1",500,0.5,1,0.8,170,0.619942206726796,0.945081570756746,0.973441785235171,17.9361481565198,0,1.00899999999996
"S1",500,0.5,1,0.8,171,0.55873379799957,1.0245026875355,0.990171976298175,34.3899775211605,0,1.10899999999998
"S1",500,0.5,1,0.8,172,0.580477192311792,0.928778233867314,0.747560167819477,-84.19621679613,0,1.00999999999999
"S1",500,0.5,1,0.8,173,0.949948556888761,0.983975619731366,1.20771059241804,-17.1749721295017,0,1.00999999999999
"S1",500,0.5,1,0.8,174,0.302702125143473,1.08072457585537,0.601701975328757,-2.48351123960242,0,1.12299999999999
"S1",500,0.5,1,0.8,175,0.657266561735462,0.967876330610516,0.874818663505818,-63.2469489190131,0,1.07400000000001
"S1",500,0.5,1,0.8,176,0.991477402232253,0.970408998611642,1.18836337968515,-36.1658116256335,0,1.09499999999997
"S1",500,0.5,1,0.8,177,0.389061636504846,1.04774580016348,0.641657643445231,-52.5233751587532,0,1.07000000000005
"S1",500,0.5,1,0.8,178,0.215893026141463,1.02416472754244,0.417158098661545,-20.2132947981502,0,1.12400000000002
"S1",500,0.5,1,0.8,179,0.691282853270643,1.03560572118053,1.0321173886424,-23.2067357822244,0,0.988
"S1",500,0.5,1,0.8,180,0.411871553933977,1.03378726085813,0.72488057591687,-11.1423342692786,0,1.06
"S1",500,0.5,1,0.8,181,0.459467322912211,0.989790429542448,0.78066764433955,-2.61315766748805,0,1.01999999999998
"S1",500,0.5,1,0.8,182,0.357483498083292,1.06003771346699,0.616334324023719,-41.4267348379086,0,1.04700000000003
"S1",500,0.5,1,0.8,183,0.489453188321461,0.987260122039662,0.790687738971318,-17.9405168397095,0,1.19999999999999
"S1",500,0.5,1,0.8,184,0.448502618188289,1.01167113844018,0.769533636035242,-6.77918772121336,0,1.11899999999997
"S1",500,0.5,1,0.8,185,0.470651097925308,1.07003835340557,0.759210898211379,-46.7262220148556,0,1.10299999999995
"S1",500,0.5,1,0.8,186,0.312300704312265,1.05673630326683,0.658783114265044,30.9784293996049,0,1.08500000000004
"S1",500,0.5,1,0.8,187,0.440830463279499,1.07971299838461,0.781452506949252,-23.1482759421343,0,1.065
"S1",500,0.5,1,0.8,188,0.410798369415042,1.0041449479613,0.712112307463358,-6.06999526758966,0,1.12899999999996
"S1",500,0.5,1,0.8,189,0.181681132118664,1.06125915291827,0.363546777264324,-31.56435696551,0,1.13400000000001
"S1",500,0.5,1,0.8,190,0.847441314189839,1.0133950569741,1.16240680825324,-14.4203067671945,0,1.012
"S1",500,0.5,1,0.8,191,0.906455110591408,1.00582610259037,1.27664650019482,12.2320570909413,0,0.96999999999997
"S1",500,0.5,1,0.8,192,0.842181830125158,0.959894318389988,1.0855877192999,-27.8025067039272,0,1.09399999999999
"S1",500,0.5,1,0.8,193,0.646170224577611,0.958383038147715,0.936139485834359,-17.7148727321851,0,1.21899999999999
"S1",500,0.5,1,0.8,194,0.387376286249791,0.999959945362925,0.622226055724116,-55.2886709799565,0,1.22300000000001
"S1",500,0.5,1,0.8,195,0.397164250822871,1.03150167539541,0.719466318415765,-2.45712949082872,0,1.12200000000001
"S1",500,0.5,1,0.8,196,0.702018201514019,0.962154985839915,1.02685681331749,-6.6076647112385,0,1.01799999999997
"S1",500,0.5,1,0.8,197,0.269045159616641,1.07222237423184,0.492179841641868,-51.0212039179187,0,1.05000000000001
"S1",500,0.5,1,0.8,198,0.534431237158293,1.02455481962863,0.856618409950174,-18.2149401318073,0,1.04999999999995
"S1",500,0.5,1,0.8,199,1.02475178358851,0.949519150303102,1.18715726688388,-38.1768245253295,0,0.956000000000017
"S1",500,0.5,1,0.8,200,1.07383865180943,0.950263449489673,1.30480684569962,-2.46510871983128,0,0.939999999999998
"S1",500,0.5,1,0.8,201,1.48286616802267,0.959644228960861,1.53830066785808,3.27897646788222,0,0.965000000000032
"S1",500,0.5,1,0.8,202,0.379323765167721,0.984668988723327,0.652199968705912,-18.8037091757529,0,1.06900000000002
"S1",500,0.5,1,0.8,203,0.398428747882249,1.01431488167254,0.656890217530132,-44.5317100237073,0,1.00300000000004
"S1",500,0.5,1,0.8,204,0.461093502126152,1.01910056058016,0.759174939017052,-26.1793586526243,0,1.05200000000002
"S1",500,0.5,1,0.8,205,0.306956413685203,0.967844762805313,0.535621604536096,-21.3691680348337,0,1.17000000000002
"S1",500,0.5,1,0.8,206,0.342538304323034,1.05866709843864,0.688853993811439,16.8241777255206,0,1.06999999999999
"S1",500,0.5,1,0.8,207,0.523533103418746,0.935189243097862,0.777389330435163,-36.0912700836669,0,0.926999999999964
"S1",500,0.5,1,0.8,208,0.968348885488824,0.987432196035549,1.31511139813755,18.1446547004502,0,1.04200000000003
"S1",500,0.5,1,0.8,209,0.631322663963366,1.01527902462376,0.969384267705031,-12.5672242793171,0,0.986999999999966
"S1",500,0.5,1,0.8,210,0.676339911869295,0.965379002005427,0.997430866404954,-6.05648423448736,0,1.02999999999997
"S1",500,0.5,1,0.8,211,0.391622685006724,1.07274372299257,0.676853401183683,-39.6072596170947,0,1.05700000000002
"S1",500,0.5,1,0.8,212,0.377884685927293,1.00032487846289,0.591473874360296,-69.9414387192654,0,1.05799999999999
"S1",500,0.5,1,0.8,213,0.217048117014792,1.05848357505763,0.462548328874191,21.1323770283727,0,1.06700000000001
"S1",500,0.5,1,0.8,214,0.593645642354059,1.02407296929623,0.993897861656252,13.2917959922046,0,1.03400000000005
"S1",500,0.5,1,0.8,215,0.257683101490154,1.01720914293377,0.524470209979733,20.4150814028789,0,1.06900000000002
"S1",500,0.5,1,0.8,216,0.241375709243523,1.01193748351339,0.43482240737913,-38.842792209145,0,1.036
"S1",500,0.5,1,0.8,217,0.355679546649459,1.01513476695806,0.541092947238328,-98.1264518280407,0,0.953000000000031
"S1",500,0.5,1,0.8,218,0.59295265059105,1.01221904693791,1.01161442877987,30.0151950434121,0,0.97199999999998
"S1",500,0.5,1,0.8,219,0.537695301633267,0.995690009278758,0.878546593932656,0.622508343980599,0,1.02199999999999
"S1",500,0.5,1,0.8,220,0.630708947549785,0.995820051770188,0.901083454068548,-41.9397390622381,0,1.02299999999997
"S1",500,0.5,1,0.8,221,0.683257997601826,1.01265510958309,0.940624836406098,-52.8002816186215,0,1.02600000000001
"S1",500,0.5,1,0.8,222,0.942206349302568,0.908441206465184,1.099732207447,-35.3850753220324,0,1.05700000000002
"S1",500,0.5,1,0.8,223,0.540185200940664,1.00848071940789,0.809724325944137,-44.4470793006159,0,1.10300000000001
"S1",500,0.5,1,0.8,224,0.840402268468854,1.00729261301639,1.34976680851141,65.1164013819089,0,1.065
"S1",500,0.5,1,0.8,225,0.281993198269889,1.0193804267943,0.522728076117427,-20.5550362925492,0,1.16200000000003
"S1",500,0.5,1,0.8,226,1.00760826625277,0.89138838946678,1.11070107673856,-47.0165553563835,0,0.954000000000008
"S1",500,0.5,1,0.8,227,0.0954174250852027,1.10245209941484,0.196892076784632,-43.5530419897806,0,1.11200000000002
"S1",500,0.5,1,0.8,228,0.51827221918278,1.05919019972111,0.861628854425168,-19.0816828130152,0,1.07300000000004
"S1",500,0.5,1,0.8,229,0.60642552679415,0.975678950570606,0.875058094998188,-34.2951268992271,0,1.02800000000002
"S1",500,0.5,1,0.8,230,0.781745003419788,0.963086500821056,0.999565072534599,-47.8517438298193,0,1.00700000000001
"S1",500,0.5,1,0.8,231,0.354978889481058,1.04355147211713,0.621933219527874,-38.4000054216369,0,1
"S1",500,0.5,1,0.8,232,1.27129944815065,0.977501616554231,1.37432345217216,-31.3273921007744,0,1.029
"S1",500,0.5,1,0.8,233,0.516935252337462,1.09381352268049,0.887939144615652,-16.4582997962669,0,1.14300000000003
"S1",500,0.5,1,0.8,234,1.42989043473092,0.940652905654654,1.43555994264244,-19.4877288457135,0,0.981999999999971
"S1",500,0.5,1,0.8,235,0.282849203621044,1.09970497460517,0.522215339306201,-51.7958757747994,0,1.05399999999997
"S1",500,0.5,1,0.8,236,0.313002589099805,1.02205644766324,0.546592915745527,-42.6496254927273,0,1.06100000000004
"S1",500,0.5,1,0.8,237,1.12661668245541,0.918173743131793,1.24212281077991,-26.5299669321886,0,0.980999999999995
"S1",500,0.5,1,0.8,238,0.766769466951771,0.938461453758297,1.00043386935675,-30.5898831394412,0,1.06200000000001
"S1",500,0.5,1,0.8,239,0.457028998332812,0.977690276084564,0.720330996338096,-36.9894684262053,0,1.00600000000003
"S1",500,0.5,1,0.8,240,0.115431585567662,1.03657402868367,0.237204272792216,-24.811905621597,0,1.202
"S1",500,0.5,1,0.8,241,1.2060904658196,0.961177053739796,1.25134159920538,-59.409575995842,0,0.986000000000047
"S1",500,0.5,1,0.8,242,0.581450559821757,1.0149022371508,0.893786775877798,-25.7486925084236,0,0.974999999999966
"S1",500,0.5,1,0.8,243,0.141390282105223,1.01004095669691,0.279568419576527,-24.0536798182768,0,1.10599999999999
"S1",500,0.5,1,0.8,244,0.328421609050236,1.03749704515661,0.537424065771255,-74.1965981543982,0,1.08600000000001
"S1",500,0.5,1,0.8,245,0.38134579825845,1.04703527201139,0.651795698383854,-43.2069539257153,0,0.951000000000022
"S1",500,0.5,1,0.8,246,0.296787777971521,1.01752013988563,0.562387400010762,1.69447167830037,0,1.10500000000002
"S1",500,0.5,1,0.8,247,0.757375409294082,0.955732608734974,1.15059608333455,33.9704885282018,0,0.970000000000027
"S1",500,0.5,1,0.8,248,0.496583741792621,1.06441319603064,0.799009312343076,-45.3062199176794,0,1.07999999999998
"S1",500,0.5,1,0.8,249,1.02852497338397,1.01620839563027,1.29729909676115,-17.245037490758,0,1.01499999999999
"S1",500,0.5,1,0.8,250,0.667041862603649,0.930578925733999,1.0345636161168,37.5929208735216,0,1.03300000000002
"S1",500,0.5,1,0.8,251,0.564773372098865,0.986767098793975,0.818430036985334,-55.8072523439472,0,1
"S1",500,0.5,1,0.8,252,1.19745714589516,0.972234026810593,1.38236191021935,-8.0930338492924,0,0.993999999999971
"S1",500,0.5,1,0.8,253,0.685459048010066,0.952200668942076,0.985869264487241,-14.5624242607576,0,0.974000000000046
"S1",500,0.5,1,0.8,254,0.924222478286744,1.00002508297116,1.17874338466129,-29.5707633106449,0,0.980999999999995
"S1",500,0.5,1,0.8,255,0.898812040949591,1.00988611842632,1.2240403088305,-8.62039403418555,0,0.940999999999974
"S1",500,0.5,1,0.8,256,0.458580545472486,1.03278087739038,0.752997247898586,-34.7635739930025,0,0.989000000000033
"S1",500,0.5,1,0.8,257,1.84173849049482,0.951509318776378,1.54265478386322,-40.5787573615761,0,1.10200000000003
"S1",500,0.5,1,0.8,258,0.5022548367539,0.954638357936283,0.760509054865355,-31.1640597129347,0,1.08499999999998
"S1",500,0.5,1,0.8,259,0.985294233643608,0.967127020637217,1.22576585890399,-17.8523943823533,0,1.07900000000001
"S1",500,0.5,1,0.8,260,1.73419762744161,1.01368293974278,1.69535525963168,-1.16925758034427,0,1.06999999999999
"S1",500,0.5,1,0.8,261,0.941596363726964,0.899291867788533,1.14825372636273,-7.10891056832577,0,0.990999999999985
"S1",500,0.5,1,0.8,262,0.517289995860388,0.982678603642553,0.744420743970543,-69.0210132869628,0,1.11099999999999
"S1",500,0.5,1,0.8,263,0.594822238581501,0.993043645976233,0.905258116153193,-22.4268807706126,0,1.08100000000002
"S1",500,0.5,1,0.8,264,0.705560848025169,1.03324839579136,0.925991737450427,-76.8663777516072,0,0.968000000000018
"S1",500,0.5,1,0.8,265,0.419568208164002,0.97370581470988,0.668696201345706,-45.8466961278136,0,0.956999999999994
"S1",500,0.5,1,0.8,266,0.576269863679366,0.996022844119418,0.890366517225296,-21.5404702741517,0,0.973000000000013
"S1",500,0.5,1,0.8,267,0.328822950947756,1.08788371940682,0.571970333107172,-64.3625606998645,0,1.12800000000004
"S1",500,0.5,1,0.8,268,0.4013146523497,1.02949023653747,0.725598954504988,-3.23151863710416,0,1.16199999999998
"S1",500,0.5,1,0.8,269,0.593923243050584,0.992335796518289,0.992037462060665,26.9092786745081,0,1.09499999999997
"S1",500,0.5,1,0.8,270,0.391195077822389,0.985343656413634,0.716958433035988,17.762202336605,0,1.09499999999997
"S1",500,0.5,1,0.8,271,0.522247322688467,0.973245952748112,0.842015537460493,-4.00826286054883,0,1.11799999999999
"S1",500,0.5,1,0.8,272,0.676644809512345,0.93164670286557,0.954859075197845,-10.6879087201983,0,1.012
"S1",500,0.5,1,0.8,273,0.402714359143802,1.00551330899354,0.738265859032612,10.6854210791749,0,0.961999999999989
"S1",500,0.5,1,0.8,274,0.931268664246216,0.990937046159932,1.20391324185795,-15.3632845369248,0,0.901999999999987
"S1",500,0.5,1,0.8,275,1.22400535624959,0.947424114550707,1.31531350082721,-31.6335436252152,0,0.896999999999991
"S1",500,0.5,1,0.8,276,2.61867672842817,0.896230134008256,1.76739544183728,-10.2503711945782,0,1.05600000000004
"S1",500,0.5,1,0.8,277,0.428561973376503,0.992856860355869,0.707584556461714,-27.2245390385325,0,1.09199999999998
"S1",500,0.5,1,0.8,278,0.791375946686111,0.932248708795525,0.993172930313792,-45.2784859982046,0,1.03399999999999
"S1",500,0.5,1,0.8,279,0.265103583139977,1.00306224920849,0.441284557841022,-68.9129719116115,0,1.053
"S1",500,0.5,1,0.8,280,0.708701095990237,0.968964969693616,0.954933252995666,-47.6274749223641,0,1.00099999999998
"S1",500,0.5,1,0.8,281,0.421033080419093,1.04471238329656,0.640260193663382,-86.3994045644286,0,1.053
"S1",500,0.5,1,0.8,282,0.73739315838999,0.957101044826936,1.01449889593588,-18.1947760741461,0,1.02600000000001
"S1",500,0.5,1,0.8,283,0.471828439646208,1.02135554563558,0.817204240441059,4.63390431311041,0,0.979000000000042
"S1",500,0.5,1,0.8,284,0.259146873308318,1.08250854928601,0.497781735039877,-29.6544576490461,0,1.05799999999999
"S1",500,0.5,1,0.8,285,0.546768504971119,1.02191941366651,0.892806172953301,-8.85367688275915,0,0.993999999999971
"S1",500,0.5,1,0.8,286,0.389815589267657,1.0076641426635,0.689348332744291,-7.05602315457861,0,1.25700000000001
"S1",500,0.5,1,0.8,287,0.744544419997,0.978022368511792,1.0327833819718,-23.0839280024082,0,1.18399999999997
"S1",500,0.5,1,0.8,288,0.445126694789752,1.0173635172826,0.829247539928375,29.0669248295756,0,1.11699999999996
"S1",500,0.5,1,0.8,289,0.301124960316117,1.03169385612067,0.546848320651237,-31.8455854256677,0,1.04599999999999
"S1",500,0.5,1,0.8,290,0.0643657030621398,1.03321990482997,0.136248120333227,-28.1572413758843,0,1.12800000000004
"S1",500,0.5,1,0.8,291,0.334461038408104,1.0558743575865,0.638073289596822,-0.292404223868175,0,1.161
"S1",500,0.5,1,0.8,292,0.903142951206153,0.939314559949623,1.15855733774525,-2.86383920363266,0,1.12799999999999
"S1",500,0.5,1,0.8,293,0.480122238701692,0.958532947137817,0.791743112372444,-0.78568394540298,0,0.967999999999961
"S1",500,0.5,1,0.8,294,0.955863149254194,0.972743338676656,1.21656255209622,-9.38399702343929,0,1.07499999999999
"S1",500,0.5,1,0.8,295,0.496999949708721,0.950096966814016,0.835868523503535,21.391548164401,0,1.161
"S1",500,0.5,1,0.8,296,0.6170963869234,0.989032520798612,0.910790425797487,-24.9724304190059,0,1.20499999999998
"S1",500,0.5,1,0.8,297,0.643417915423178,0.990853121620288,0.97208471928442,-4.66323191171659,0,1.19499999999999
"S1",500,0.5,1,0.8,298,0.475128903994427,0.939823868805271,0.789275009469682,13.3671575080203,0,1.12399999999997
"S1",500,0.5,1,0.8,299,0.703735345928008,0.98127025612446,0.96318682611798,-37.4164344885006,0,1.16800000000001
"S1",500,0.5,1,0.8,300,1.25869339169248,0.974008164138742,1.42312300593562,-3.349599302662,0,1.08100000000002
"S1",500,0.5,1,0.8,301,0.879164062027983,0.929724176356685,0.990118351308968,-81.3314163300518,0,1.005
"S1",500,0.5,1,0.8,302,0.326117771108035,1.08346099367407,0.621163900871687,-15.4077675518,0,1.08800000000002
"S1",500,0.5,1,0.8,303,0.700998841646938,1.00746659499089,0.938404485305091,-64.1884309490097,0,1.07499999999999
"S1",500,0.5,1,0.8,304,1.63678513357273,0.876372615192895,1.42935080604347,-25.4146623159156,0,1.14999999999998
"S1",500,0.5,1,0.8,305,1.26409138107159,0.919917695756203,1.27476745298954,-42.3801147319291,0,0.954999999999984
"S1",500,0.5,1,0.8,306,0.423154261706551,1.0376418766492,0.797042168736448,22.5946343299138,0,1.06999999999999
"S1",500,0.5,1,0.8,307,0.309465769163537,1.02730125108562,0.589181722300136,-5.77674235955772,0,1.13200000000001
"S1",500,0.5,1,0.8,308,0.320149577817657,0.99916933215387,0.609708669257591,9.75065530468123,0,1.08499999999998
"S1",500,0.5,1,0.8,309,0.307637094312789,1.02359890668087,0.524388397702466,-59.6247728558958,0,0.992999999999995
"S1",500,0.5,1,0.8,310,0.616776428972631,0.974127533329543,0.917075065841316,-18.5528161012785,0,1.17599999999999
"S1",500,0.5,1,0.8,311,0.420550095306261,1.06338455763274,0.80580624843195,21.4889545773732,0,1.03399999999999
"S1",500,0.5,1,0.8,312,0.180646896049482,1.02038766288627,0.365636994725213,-12.2169125084888,0,1.01300000000003
"S1",500,0.5,1,0.8,313,1.03990106149439,0.906066309044798,1.1209965756903,-54.2989063557239,0,0.989000000000033
"S1",500,0.5,1,0.8,314,0.736280389657542,0.899380164207476,1.04603035929129,21.2525082482151,0,1.065
"S1",500,0.5,1,0.8,315,0.369035358396613,1.02054719699037,0.667289687251793,-12.7348019248674,0,1.19099999999997
"S1",500,0.5,1,0.8,316,0.487147584455471,1.00599390085387,0.784450764668554,-28.750803867217,0,1.10399999999993
"S1",500,0.5,1,0.8,317,0.786930321005514,0.945283490339774,1.03368342867784,-24.1709929967266,0,1.01900000000001
"S1",500,0.5,1,0.8,318,0.279346077294012,1.09280286927055,0.543249066286958,-23.2481914464011,0,1.053
"S1",500,0.5,1,0.8,319,0.405731408592827,0.953274892408408,0.636993996764453,-45.3154687651313,0,1.20600000000002
"S1",500,0.5,1,0.8,320,0.491304230795799,1.0020479302816,0.830173036092362,-0.684956304853472,0,1.05799999999999
"S1",500,0.5,1,0.8,321,0.32334551402725,1.0203677300469,0.537207149927499,-69.5136371077537,0,1.05100000000004
"S1",500,0.5,1,0.8,322,2.11125932012027,0.956431395190865,1.70848191427835,-15.9293320804767,0,1.00800000000004
"S1",500,0.5,1,0.8,323,0.5345095944444,1.06490843938085,0.963418700546561,22.1225389460393,0,1.03200000000004
"S1",500,0.5,1,0.8,324,0.78756953853506,1.00014959684544,1.02618787967846,-53.7763583650312,0,1.18399999999997
"S1",500,0.5,1,0.8,325,0.243100618945908,1.01790050025035,0.432670956439002,-48.5795326725889,0,1.178
"S1",500,0.5,1,0.8,326,1.06126596186464,0.938612803048379,1.32898598231369,16.2914233732929,0,1.00300000000004
"S1",500,0.5,1,0.8,327,0.402125162879818,0.976938624597107,0.649341416871111,-40.1907213890046,0,0.979000000000042
"S1",500,0.5,1,0.8,328,1.46020218177691,0.91965829906612,1.54528282887587,24.6831346902618,0,1.09100000000001
"S1",500,0.5,1,0.8,329,0.884242765551344,0.956177648007065,1.18098080354785,1.78061942968463,0,1.20600000000002
"S1",500,0.5,1,0.8,330,0.0799523376993049,1.06263517377139,0.171262036263494,-21.5632795603267,0,1.18299999999999
"S1",500,0.5,1,0.8,331,0.318068635692731,1.04872598086184,0.585042543765579,-25.965915823523,0,1.08399999999995
"S1",500,0.5,1,0.8,332,0.555583621868375,1.04861084425433,0.861518608201354,-42.7987261070036,0,1.08699999999999
"S1",500,0.5,1,0.8,333,1.2515086639041,0.943365773722762,1.29335925400552,-43.8568134853081,0,1.06700000000001
"S1",500,0.5,1,0.8,334,0.57643028129812,0.972770370555237,0.833427428229291,-50.3711418869509,0,1.16
"S1",500,0.5,1,0.8,335,0.179919026134605,1.03264930225105,0.364945796409623,-11.8735266847316,0,1.12899999999999
"S1",500,0.5,1,0.8,336,0.89902421692926,0.957679863402917,1.17550485486042,-1.82152024000027,0,1.126
"S1",500,0.5,1,0.8,337,0.206093949184758,1.03628981967813,0.380785080399753,-39.8695138435978,0,1.20499999999998
"S1",500,0.5,1,0.8,338,0.356947775840797,0.9990368686382,0.686160641082065,27.8438562255225,0,1.011
"S1",500,0.5,1,0.8,339,0.378807405549712,1.00242162638834,0.67099069406412,-8.10568553032283,0,1.047
"S1",500,0.5,1,0.8,340,0.574354196021174,0.979560344186639,0.747626584704305,-104.41338970857,0,1.02000000000001
"S1",500,0.5,1,0.8,341,0.828360691776085,0.973758727086666,0.990810392552025,-71.2842804386543,0,1.036
"S1",500,0.5,1,0.8,342,0.266164203392928,0.986499043272852,0.490685444818914,-10.1630403430755,0,1.14000000000001
"S1",500,0.5,1,0.8,343,0.418329716837161,0.945023777625986,0.662673452963823,-29.0449426297348,0,0.994999999999976
"S1",500,0.5,1,0.8,344,0.520489783864618,1.005059060668,0.757682955302453,-74.9720279607398,0,1.05799999999999
"S1",500,0.5,1,0.8,345,0.333290283534726,0.978842018699408,0.586519760390165,-25.2874687154464,0,1.03300000000002
"S1",500,0.5,1,0.8,346,0.588626544414087,0.962766976291727,0.847502455323856,-37.0389196012771,0,1.05099999999999
"S1",500,0.5,1,0.8,347,0.651033525689855,0.965409293917027,0.913081425752785,-34.6642057787589,0,1.119
"S1",500,0.5,1,0.8,348,0.850798097194826,0.972994654138684,1.11003867891533,-26.858853372994,0,1.05999999999997
"S1",500,0.5,1,0.8,349,0.680789914861561,1.01029203571347,0.900505071768682,-69.1261644263026,0,1.113
"S1",500,0.5,1,0.8,350,1.54708520917597,0.974750223245762,1.50349065717179,-25.9819365396022,0,0.997000000000014
"S1",500,0.5,1,0.8,351,0.887514933554091,0.973223371967898,1.18059246798517,-10.2017313841077,0,1.136
"S1",500,0.5,1,0.8,352,0.278175462025811,1.0509434895771,0.579996220892938,15.4058936365431,0,1.04399999999998
"S1",500,0.5,1,0.8,353,0.239552812843684,1.03984361164131,0.436464624833297,-49.9654855265502,0,1.08199999999999
"S1",500,0.5,1,0.8,354,0.74001396232112,0.985418552062775,0.91091373954236,-93.7664216878424,0,1.08500000000001
"S1",500,0.5,1,0.8,355,0.330303140746637,1.03349343060099,0.609197120854426,-11.4265286242488,0,1.11699999999999
"S1",500,0.5,1,0.8,356,0.28175569168553,1.09112935119984,0.531035157259977,-34.2876506240428,0,1.19899999999998
"S1",500,0.5,1,0.8,357,0.738932072331034,1.0656851763078,1.17711563034895,17.4259732381033,0,1.161
"S1",500,0.5,1,0.8,358,0.708666303991755,0.939489683948209,0.876903746808233,-74.5390674255489,0,1.18000000000001
"S1",500,0.5,1,0.8,359,0.419425934898159,1.01093912545422,0.774020127952468,19.7732233886958,0,1.19499999999999
"S1",500,0.5,1,0.8,360,0.543462086886168,0.987114278651497,0.784298078774614,-57.9891720201617,0,1.09799999999998
"S1",500,0.5,1,0.8,361,0.501939036852344,0.985667343846504,0.85699139495817,10.1066940026124,0,1.078
"S1",500,0.5,1,0.8,362,0.702450821574554,1.00658765827922,1.0135572113167,-20.0291178622626,0,1.023
"S1",500,0.5,1,0.8,363,0.356736220305387,1.01884555613036,0.656348107271008,-2.54635163900593,0,1.08799999999999
"S1",500,0.5,1,0.8,364,0.544046115664567,0.98348406304388,0.867290538507967,-5.71589466722344,0,1.089
"S1",500,0.5,1,0.8,365,0.620134337963069,0.987457039858983,0.891623369113213,-39.6106240121399,0,1.03100000000001
"S1",500,0.5,1,0.8,366,2.14513299476198,0.917179332252515,1.58184745731866,-42.9227503920265,0,0.984000000000009
"S1",500,0.5,1,0.8,367,0.279181764656541,0.998029442613708,0.479344366265131,-51.3167942550973,0,1.11799999999999
"S1",500,0.5,1,0.8,368,0.705678917146604,1.00519572637662,1.0585417203528,-1.24315944048863,0,1.154
"S1",500,0.5,1,0.8,369,0.567018610877392,1.0167169270303,0.89009601500723,-18.3041406507194,0,1.036
"S1",500,0.5,1,0.8,370,0.355044185738834,0.98303331714223,0.579347266550775,-49.2806987148865,0,1.06200000000001
"S1",500,0.5,1,0.8,371,0.632306573251913,1.04824508735233,1.07753457445391,22.0061002208411,0,0.971000000000004
"S1",500,0.5,1,0.8,372,0.246435961173716,1.04689037288303,0.497650065837075,3.93370213678668,0,1.06200000000001
"S1",500,0.5,1,0.8,373,0.510820878504835,0.977620323507493,0.734363770740405,-68.6437305382333,0,0.959000000000003
"S1",500,0.5,1,0.8,374,0.329344523666604,0.964003263076175,0.516262561321628,-70.0323977541385,0,1.01600000000002
"S1",500,0.5,1,0.8,375,0.534558871212483,0.98700536278717,0.794542289801469,-46.0564738343935,0,1.023
"S1",500,0.5,1,0.8,376,1.13670007416051,1.01450418571204,1.29695594443811,-42.9413614579859,0,0.947000000000003
"S1",500,0.5,1,0.8,377,0.532688706582028,0.960981487845528,0.829280560092462,-12.9171275519441,0,0.998999999999995
"S1",500,0.5,1,0.8,378,0.448219307552016,0.969533915605056,0.714871238930771,-32.2973510872627,0,0.980000000000018
"S1",500,0.5,1,0.8,379,0.752133090051771,0.978736377863851,1.12406053052404,19.9949420765523,0,0.919000000000011
"S1",500,0.5,1,0.8,380,0.625169155832955,1.03197217096123,1.03484303751168,19.2688407520046,0,0.97999999999999
"S1",500,0.5,1,0.8,381,0.585611323019292,1.01366785746957,0.9161627452684,-20.537714047752,0,0.966000000000008
"S1",500,0.5,1,0.8,382,0.7921006220018,1.02564205616298,1.11927833373267,-17.8416277656776,0,1.054
"S1",500,0.5,1,0.8,383,1.39965448404284,0.976367235505985,1.4072080375315,-35.7711071905949,0,1.12
"S1",500,0.5,1,0.8,384,0.458192432543131,1.0383685096427,0.814079850825395,-3.9128126177352,0,0.962000000000018
"S1",500,0.5,1,0.8,385,0.372920571564834,1.00299997670582,0.66643304480233,-13.5901505431315,0,0.970999999999975
"S1",500,0.5,1,0.8,386,0.676391197338023,1.00139049623689,1.07916113181424,20.3391708231164,0,1.00200000000001
"S1",500,0.5,1,0.8,387,0.402673755216103,0.988812556090488,0.761711899133146,40.9108414252154,0,1.17999999999998
"S1",500,0.5,1,0.8,388,0.509741717003348,1.01569986870257,0.840295022216309,-16.3478091858927,0,1.02800000000002
"S1",500,0.5,1,0.8,389,0.616244050319399,1.01414718625654,0.948646173308042,-18.6485772850676,0,1.04500000000002
"S1",500,0.5,1,0.8,390,0.655218936842259,0.962335403246192,0.833966595319336,-89.0759420539034,0,0.947000000000003
"S1",500,0.5,1,0.8,391,0.681788263103752,0.983381670258522,1.0173875231904,-0.703962635392031,0,1.06900000000002
"S1",500,0.5,1,0.8,392,1.4700087054147,0.980856107023913,1.35614213398087,-65.1638012673217,0,1.011
"S1",500,0.5,1,0.8,393,0.586644260907719,1.0221989617719,0.85037791373493,-52.4366843389533,0,1.18599999999998
"S1",500,0.5,1,0.8,394,0.615339669598566,0.978556403081673,1.00668838038573,29.9898337216976,0,1.01300000000001
"S1",500,0.5,1,0.8,395,0.404310550016764,0.97674104096712,0.714250836023848,5.27782850126346,0,1.00399999999999
"S1",500,0.5,1,0.8,396,1.05862363058382,0.972604675421334,1.19968405159657,-51.075539069445,0,0.966000000000008
"S1",500,0.5,1,0.8,397,0.851012022760306,0.96792197378883,1.17917012202357,6.00578939104514,0,1.042
"S1",500,0.5,1,0.8,398,0.877491493281009,0.934822097012979,1.08875498268859,-30.8151345925253,0,1.00400000000002
"S1",500,0.5,1,0.8,399,0.604939567749176,0.946253360769364,0.98927855777902,37.1727537387434,0,1.012
"S1",500,0.5,1,0.8,400,0.769066312778388,0.969044717795054,0.983831654179528,-54.6718723263666,0,1.04100000000003
"S1",500,0.5,1,0.8,401,0.616785860664723,1.03473976966602,1.07551890798412,39.0873040842887,0,1.161
"S1",500,0.5,1,0.8,402,0.125502969612324,1.09781862093075,0.268717894002815,-22.0176445714627,0,1.11199999999999
"S1",500,0.5,1,0.8,403,0.86528329616822,0.994110330278347,1.16291257410476,-17.031781829044,0,1.11700000000002
"S1",500,0.5,1,0.8,404,0.744262085438753,0.982154568091435,1.01126115928091,-37.1560076763557,0,0.970999999999975
"S1",500,0.5,1,0.8,405,1.48549154864968,0.931230776866357,1.43422319606722,-24.5602479760505,0,1.04000000000002
"S1",500,0.5,1,0.8,406,0.69558398934263,1.03729074066121,0.989152334311358,-44.7057784997718,0,0.981000000000023
"S1",500,0.5,1,0.8,407,1.34572720862166,0.924934840159931,1.33470222457512,-39.0589577748437,0,1.04599999999999
"S1",500,0.5,1,0.8,408,0.767058327438104,0.984080470419651,1.02160014569303,-42.1531285546134,0,1.03100000000001
"S1",500,0.5,1,0.8,409,0.643624553476167,0.978801881748325,0.983596080918781,0.87219842082709,0,1.05599999999998
"S1",500,0.5,1,0.8,410,0.699212329462364,1.01452631699319,1.08221140517718,7.80260172737565,0,0.975999999999999
"S1",500,0.5,1,0.8,411,0.930471340497609,0.985599468575139,1.27734609225692,18.6383773261927,0,0.975000000000023
"S1",500,0.5,1,0.8,412,0.6045492196805,0.965629061550511,0.926119276495138,-3.30892662338181,0,1.07100000000003
"S1",500,0.5,1,0.8,413,0.553330995963171,0.968373780164199,0.925955892881725,32.2949422194207,0,1.08100000000002
"S1",500,0.5,1,0.8,414,0.333014802972765,0.983768834217072,0.612313984952473,6.38338767542496,0,1.07900000000001
"S1",500,0.5,1,0.8,415,0.342849084948904,1.07936224313572,0.612223499653242,-37.3640048138645,0,1.08599999999996
"S1",500,0.5,1,0.8,416,1.37756115388725,0.974267705222818,1.33913276557068,-56.0933044949928,0,1.06900000000002
"S1",500,0.5,1,0.8,417,0.240440669936573,1.00164735847396,0.454284422167321,-14.8028877074123,0,1.09300000000002
"S1",500,0.5,1,0.8,418,0.366931953208985,1.04106532453858,0.664742675806874,-14.9056009820017,0,1.04300000000001
"S1",500,0.5,1,0.8,419,1.0563945004078,0.970862128863617,1.30088500588576,-9.68521224778283,0,0.927000000000021
"S1",500,0.5,1,0.8,420,0.669273558101553,1.01610863905357,0.925736335995158,-58.9839352169651,0,0.95999999999998
"S1",500,0.5,1,0.8,421,0.29272683548142,1.02317090208133,0.528088104183776,-31.15158679158,0,1.11399999999998
"S1",500,0.5,1,0.8,422,0.344099420612753,1.07954709011769,0.627609274524443,-33.2441403097645,0,1.17899999999997
"S1",500,0.5,1,0.8,423,0.549926529748704,0.974278774281192,0.845435972530448,-24.2432904803097,0,0.947000000000003
"S1",500,0.5,1,0.8,424,1.74439199675577,0.924036051803933,1.4187642178063,-60.5915784567023,0,1.13400000000001
"S1",500,0.5,1,0.8,425,1.66716028049575,0.936026080856737,1.60168605435844,6.99773546890435,0,0.996999999999957
"S1",500,0.5,1,0.8,426,0.268560507485909,0.9416533195922,0.475949410422796,-14.1457693636003,0,1.10899999999998
"S1",500,0.5,1,0.8,427,1.56871426567203,0.905805360643567,1.50007996016202,-3.64991380062202,0,1.137
"S1",500,0.5,1,0.8,428,0.835747568539973,0.940345646358917,1.06932419242102,-23.6201375218469,0,1.09800000000001
"S1",500,0.5,1,0.8,429,0.518170050622624,1.01628774651062,0.826481163232462,-30.2382078556562,0,0.990000000000009
"S1",500,0.5,1,0.8,430,0.27267761154504,1.0668289288335,0.552673298691185,2.82783068074366,0,1.02300000000002
"S1",500,0.5,1,0.8,431,0.838495749178008,0.967355841214675,1.12989179974455,-9.01046063293916,0,1.12900000000002
"S1",500,0.5,1,0.8,432,0.201114012211605,1.06014774652743,0.392096204907452,-27.9179661794799,0,1.18400000000003
"S1",500,0.5,1,0.8,433,0.690748192366131,0.986215480460311,0.948938647218811,-46.0558046651323,0,0.98399999999998
"S1",500,0.5,1,0.8,434,0.443958814442805,1.04641297881256,0.694733006749251,-70.4705415840097,0,0.974999999999966
"S1",500,0.5,1,0.8,435,0.26730783595946,1.04053477608923,0.502948959156799,-21.0827930256615,0,1.10399999999998
"S1",500,0.5,1,0.8,436,0.64018088793019,0.981685799076286,0.977120020198964,-6.653394985923,0,0.944000000000017
"S1",500,0.5,1,0.8,437,0.62829706161723,0.902003365424302,0.878353519173372,-15.4932344220417,0,0.965999999999951
"S1",500,0.5,1,0.8,438,1.206374217851,0.989828412128663,1.53945867281503,40.1079592268721,0,0.995000000000005
"S1",500,0.5,1,0.8,439,0.408475408956053,1.00260340490145,0.760883967755579,21.7186215355443,0,1.03500000000003
"S1",500,0.5,1,0.8,440,0.474854873539472,0.965029349073113,0.710183897978331,-45.0895038470652,0,1.10700000000003
"S1",500,0.5,1,0.8,441,0.597129510917835,1.00975850988094,0.879805474161676,-42.8500614530844,0,1.14400000000001
"S1",500,0.5,1,0.8,442,0.502700993131954,0.980961932072531,0.758939908331573,-43.9990820192905,0,1.23699999999997
"S1",500,0.5,1,0.8,443,0.67987619024386,0.974610169892418,0.918685177314742,-50.3151321662237,0,1.10199999999998
"S1",500,0.5,1,0.8,444,1.8198590952138,0.936635105207219,1.55737307878755,-25.3373110693226,0,1.04199999999997
"S1",500,0.5,1,0.8,445,0.535496526298652,0.943974109300543,0.812070875796604,-23.8439010697434,0,1.03199999999998
"S1",500,0.5,1,0.8,446,0.239971808247124,1.0191225049227,0.497233781321208,14.112337890783,0,1.03300000000002
"S1",500,0.5,1,0.8,447,0.350391922572927,1.04395298716752,0.603143875117417,-44.7058020804955,0,1.048
"S1",500,0.5,1,0.8,448,1.30631763324486,0.976757036075103,1.41542630139012,-14.7412771566611,0,0.983000000000004
"S1",500,0.5,1,0.8,449,0.275774587811601,0.984994966624416,0.532915191066876,12.5019745128369,0,1.16000000000003
"S1",500,0.5,1,0.8,450,0.413906893940466,1.11372355006461,0.833406895298319,21.5362772575871,0,1.11799999999999
"S1",500,0.5,1,0.8,451,0.235445051929407,1.02175182545404,0.41431347257176,-66.5454168510001,0,1.11099999999999
"S1",500,0.5,1,0.8,452,0.284987508357409,1.00282005913999,0.482151805174149,-54.8831904280303,0,1.005
"S1",500,0.5,1,0.8,453,0.899294771286979,0.978804979649516,1.13675671533026,-31.3381275596043,0,0.978000000000009
"S1",500,0.5,1,0.8,454,0.496173447751416,1.02284436841092,0.731521965759869,-75.5501724914882,0,1.00200000000001
"S1",500,0.5,1,0.8,455,0.657984232844865,0.97949287673391,1.00423382265184,0.859556261233934,0,1.09200000000004
"S1",500,0.5,1,0.8,456,0.972012056133148,0.942266215590951,1.1821471926826,-23.2411583236403,0,0.963999999999999
"S1",500,0.5,1,0.8,457,0.434817505343532,1.02546245325336,0.691018960607205,-56.2378633728913,0,1.06700000000001
"S1",500,0.5,1,0.8,458,0.189336351485075,1.06204059760536,0.427926989785102,30.3237742955471,0,1.15100000000001
"S1",500,0.5,1,0.8,459,0.474359475750009,1.04241470914329,0.770982119564866,-35.7879324536552,0,1.19
"S1",500,0.5,1,0.8,460,0.348728080520349,0.968420721478566,0.606530102918842,-19.0666141329584,0,1.24099999999999
"S1",500,0.5,1,0.8,461,1.09738150905448,0.937496923408538,1.08179356137175,-98.8923591141634,0,1.13000000000005
"S1",500,0.5,1,0.8,462,0.88910561713786,0.941221543153852,1.08599044441085,-37.1072009853872,0,1.14799999999997
"S1",500,0.5,1,0.8,463,0.0808536335407767,1.14660563597563,0.211534841490546,38.5085846734929,0,1.24100000000004
"S1",500,0.5,1,0.8,464,0.543520115346529,0.980266953271167,0.899031884560552,9.66728390373044,0,1.08600000000001
"S1",500,0.5,1,0.8,465,0.364306647932689,1.03782132218534,0.696392444886593,13.8276490411333,0,1.012
"S1",500,0.5,1,0.8,466,0.304162197008309,0.965318353977511,0.562230625424126,-0.900897101029841,0,1.03999999999996
"S1",500,0.5,1,0.8,467,0.564888541236521,0.988552595654557,0.839380537684386,-38.6917854751543,0,1.11400000000003
"S1",500,0.5,1,0.8,468,0.27309190745922,1.03644072270856,0.606032939259153,58.0992316114418,0,1.14000000000004
"S1",500,0.5,1,0.8,469,0.439935287335567,0.967527225044965,0.71426549897486,-24.4413225368781,0,1.23700000000002
"S1",500,0.5,1,0.8,470,0.518430698922686,1.0413412009427,0.877905184831953,-11.5850717549812,0,1.03499999999997
"S1",500,0.5,1,0.8,471,0.273250362326047,1.03578957559475,0.510687420597161,-32.1988523968899,0,1.077
"S1",500,0.5,1,0.8,472,0.760414544887598,0.984105167480623,1.10698143412005,2.10088513973744,0,0.959000000000003
"S1",500,0.5,1,0.8,473,0.31951408512203,1.07346314155374,0.560904207175975,-57.9563252553513,0,0.980999999999995
"S1",500,0.5,1,0.8,474,0.350132884197962,1.07209795316221,0.682966070737731,7.41597178398899,0,1.03300000000002
"S1",500,0.5,1,0.8,475,0.616863860228981,0.971980591636293,0.879832794314709,-40.7094861444024,0,0.98399999999998
"S1",500,0.5,1,0.8,476,0.431053874901487,0.99690758567443,0.666217449690582,-59.4122517388043,0,1.00700000000001
"S1",500,0.5,1,0.8,477,0.490669383611791,1.0263761150845,0.811739961994047,-13.8136333992078,0,1.03100000000001
"S1",500,0.5,1,0.8,478,1.82526629299393,0.857104952047631,1.39981520743273,-55.3469309117669,0,1.29400000000004
"S1",500,0.5,1,0.8,479,0.599220651811911,0.965639050194472,0.821218080946937,-63.8689295245563,0,1.12700000000001
"S1",500,0.5,1,0.8,480,0.414995946431364,1.04460509413438,0.712634151228187,-26.5448020957143,0,1.08100000000002
"S1",500,0.5,1,0.8,481,0.407281625043906,1.03343724075528,0.747989025250957,8.54140881943556,0,1.05799999999999
"S1",500,0.5,1,0.8,482,1.12489546908988,0.969405634520373,1.20452062031015,-59.5903910714288,0,1.13299999999998
"S1",500,0.5,1,0.8,483,1.75692476462131,0.904293078677085,1.59521295247602,5.97071736804435,0,0.967000000000041
"S1",500,0.5,1,0.8,484,0.307150694952832,1.04095826699817,0.553825637669526,-34.0482750631764,0,1.04700000000003
"S1",500,0.5,1,0.8,485,0.285891561232501,1.04345227292163,0.56026523517044,0.30486484870994,0,1.06700000000001
"S1",500,0.5,1,0.8,486,0.597539458308322,0.985847426202453,0.942146863841451,2.49429332119951,0,1.02000000000004
"S1",500,0.5,1,0.8,487,0.58573869641604,0.969012652977237,0.823493490176872,-47.9059157882833,0,1.09100000000001
"S1",500,0.5,1,0.8,488,0.450464782966203,1.03287782961869,0.653383852627641,-101.238259425701,0,1.108
"S1",500,0.5,1,0.8,489,0.77038672910892,0.953606771178194,1.17303868644942,41.8079374320603,0,1.06999999999999
"S1",500,0.5,1,0.8,490,0.455295678149293,0.978864470073417,0.730193555099564,-26.3131823977166,0,1.173
"S1",500,0.5,1,0.8,491,0.281794971418695,1.04809379143532,0.539045987517514,-26.2223392141964,0,1.08699999999999
"S1",500,0.5,1,0.8,492,0.428195200179579,1.00232118133506,0.748507600946789,-0.265866822878706,0,1.07100000000003
"S1",500,0.5,1,0.8,493,0.473300059383927,1.00241636885366,0.735134109500196,-50.0491918622379,0,1.02199999999999
"S1",500,0.5,1,0.8,494,0.466664186093701,0.985589000843726,0.723420062663933,-45.995238759108,0,1.14299999999997
"S1",500,0.5,1,0.8,495,0.106382574377586,1.09824590417302,0.207214492629477,-62.4320967600062,0,1.428
"S1",500,0.5,1,0.8,496,0.306601343243584,1.01350985989844,0.581310218608062,0.771770922193355,0,1.22000000000003
"S1",500,0.5,1,0.8,497,0.415797848435083,1.03010786940006,0.657166643643834,-62.9735348763963,0,1.15500000000003
"S1",500,0.5,1,0.8,498,0.938851226088472,0.969605630060222,1.15922343686833,-34.1130461847742,0,1
"S1",500,0.5,1,0.8,499,0.426179660312761,0.984943319855551,0.662144806106862,-57.479003761258,0,1.23600000000005
"S1",500,0.5,1,0.8,500,0.470873171915124,1.03918805960999,0.715915124737384,-71.1558096644962,0,1.02100000000002
"S1",500,0.5,1,0.8,501,0.488947506886551,0.934895104744102,0.721075072739558,-48.5141995980653,0,0.994999999999948
"S1",500,0.5,1,0.8,502,0.999768767439513,0.987985838869945,1.35789307273122,24.7205250690392,0,1.024
"S1",500,0.5,1,0.8,503,0.566626469394719,1.00460055770522,0.858035444559503,-33.5103410164196,0,1.072
"S1",500,0.5,1,0.8,504,1.22262355805863,0.96989801579716,1.16762275354094,-98.3927015068941,0,1.05699999999996
"S1",500,0.5,1,0.8,505,0.705499058260567,0.942696763556605,0.935730721438682,-40.9758108544531,0,0.98599999999999
"S1",500,0.5,1,0.8,506,0.921301759125133,0.955595689497626,1.05019747585092,-68.4033924046208,0,1.05799999999999
"S1",500,0.5,1,0.8,507,0.684969192444848,0.987209854744666,0.932626814996867,-48.1766142087042,0,1.10599999999999
"S1",500,0.5,1,0.8,508,0.307323332740177,0.976010102759264,0.51220876779898,-41.2519908877825,0,1.12300000000005
"S1",500,0.5,1,0.8,509,0.692390924149525,1.05273723635157,1.11764823746019,13.9151108837762,0,1.012
"S1",500,0.5,1,0.8,510,0.683553080683922,1.00011763541682,0.936778717536627,-49.5472577907723,0,1.09300000000002
"S1",500,0.5,1,0.8,511,0.465874211211393,1.00854217785626,0.760469107692768,-27.8432536242949,0,1.01400000000001
"S1",500,0.5,1,0.8,512,0.728546275744732,1.00536313825227,1.01865100147204,-38.6515586639878,0,1.041
"S1",500,0.5,1,0.8,513,0.338662734024863,1.06032624302489,0.650516247001784,-3.50180610430982,0,1.10699999999997
"S1",500,0.5,1,0.8,514,0.433605020697114,0.968951239964851,0.718617016920823,-11.1241931009253,0,1.08199999999999
"S1",500,0.5,1,0.8,515,0.529044724289668,1.01845602920815,0.888725560433608,1.55819013916812,0,1.11700000000002
"S1",500,0.5,1,0.8,516,0.494460403446457,0.977137215991628,0.756175823746369,-39.5228602872866,0,1.041
"S1",500,0.5,1,0.8,517,0.329107117954898,0.992408762294336,0.558397076361088,-43.6282782971631,0,0.988999999999976
"S1",500,0.5,1,0.8,518,0.816799924086668,0.954686179902267,0.981057272820004,-71.2925553191646,0,0.975999999999999
"S1",500,0.5,1,0.8,519,0.795189649074993,1.07070280986805,1.26379717474646,27.6528334422936,0,1.017
"S1",500,0.5,1,0.8,520,0.391509996585191,0.951863152800983,0.601946134068344,-59.5365083676369,0,1.10299999999995
"S1",500,0.5,1,0.8,521,1.24214565991657,0.928227138934292,1.37675634514721,1.63289393868058,0,1.03100000000001
"S1",500,0.5,1,0.8,522,0.578751181049517,0.980343584810029,0.885744424438037,-22.017447300114,0,1.065
"S1",500,0.5,1,0.8,523,0.439051813884222,1.00224064412893,0.753589994679795,-6.6911292802456,0,1.10000000000002
"S1",500,0.5,1,0.8,524,0.728238081655396,1.00308751145536,0.987413241747196,-48.0275048828796,0,1.04000000000002
"S1",500,0.5,1,0.8,525,0.496422487248262,1.00555757801542,0.77126901879691,-40.1214421196202,0,1.154
"S1",500,0.5,1,0.8,526,0.821980527042986,0.976247338874824,1.00431134374182,-68.5500104932156,0,1.14299999999997
"S1",500,0.5,1,0.8,527,0.500412725222947,1.07932527344881,0.920974554321526,17.013677232213,0,1.11000000000001
"S1",500,0.5,1,0.8,528,0.621164130068395,1.0045983616123,1.00730912601525,10.996250750352,0,1.012
"S1",500,0.5,1,0.8,529,0.654734271086668,0.985575406451837,0.967723341918958,-16.2942812957032,0,1.00600000000003
"S1",500,0.5,1,0.8,530,2.35517160487932,0.91571116602455,1.72526956732115,-12.2157189821222,0,1.06100000000004
"S1",500,0.5,1,0.8,531,0.196718295634647,1.0931781726422,0.384013509509162,-48.3690198535818,0,1.03100000000001
"S1",500,0.5,1,0.8,532,0.388552943711121,0.999536596683547,0.658666520359106,-28.630728773169,0,1.04500000000002
"S1",500,0.5,1,0.8,533,0.365645055778106,1.01454917223877,0.631578407947794,-28.1984058058921,0,1.03000000000003
"S1",500,0.5,1,0.8,534,0.216667975102742,1.07136184526826,0.421006741766846,-35.9303726831598,0,1.108
"S1",500,0.5,1,0.8,535,0.53322778152992,0.958720095841505,0.783400838765107,-36.3727317027225,0,1.10299999999995
"S1",500,0.5,1,0.8,536,0.486994020410279,1.01532259798428,0.78020182341258,-32.9053469560852,0,1.04900000000004
"S1",500,0.5,1,0.8,537,0.915013356015796,0.988093917230214,1.26394359738536,15.1443106773623,0,1.09899999999999
"S1",500,0.5,1,0.8,538,1.03475843441373,0.921370777833046,1.13273122363269,-54.2841291668451,0,1.10400000000004
"S1",500,0.5,1,0.8,539,0.431794805814115,1.00385868503358,0.705180021189086,-36.5707189632019,0,1.024
"S1",500,0.5,1,0.8,540,0.38449662635017,1.0372386926893,0.579070191819989,-90.8648024217634,0,1.13499999999999
"S1",500,0.5,1,0.8,541,0.385796990841604,1.00617635763413,0.642275134762608,-43.077811999126,0,1.06
"S1",500,0.5,1,0.8,542,1.06105259390444,0.970199467919239,1.16775019950099,-59.6139359336233,0,0.992999999999995
"S1",500,0.5,1,0.8,543,0.181275424618066,1.06668950634561,0.314194548716429,-98.6668326176095,0,1.26600000000002
"S1",500,0.5,1,0.8,544,0.465983786781404,1.00046243377645,0.706461657366721,-60.7801294426894,0,1.137
"S1",500,0.5,1,0.8,545,0.36514585501215,1.02043834793227,0.667675028336198,-2.01958140958573,0,1.26499999999999
"S1",500,0.5,1,0.8,546,0.636653201845953,0.96397267195292,0.92549848058504,-20.8065152606408,0,1.01599999999996
"S1",500,0.5,1,0.8,547,0.402803197232323,0.980317501699553,0.637593163774662,-51.5021280326849,0,0.944999999999993
"S1",500,0.5,1,0.8,548,1.37107498445608,0.915194132202215,1.38958376147261,-16.2163993519022,0,0.978000000000009
"S1",500,0.5,1,0.8,549,0.612497186807947,1.02694852163668,0.941489387468799,-21.9339001431788,0,0.991000000000042
"S1",500,0.5,1,0.8,550,0.290310104770458,1.01326748919472,0.543776332438823,-6.68205212054545,0,1.15899999999999
"S1",500,0.5,1,0.8,551,0.729026620645017,0.99335358732098,0.908795367341622,-85.8220650051234,0,0.975999999999999
"S1",500,0.5,1,0.8,552,0.673706263256394,0.899735505450734,0.952670576828122,2.33691816230851,0,0.960000000000036
"S1",500,0.5,1,0.8,553,0.473937185943989,1.00093228355673,0.763788830154618,-32.9580106140688,0,1.02100000000002
"S1",500,0.5,1,0.8,554,0.784005830932625,0.994781227804643,1.05602869558861,-30.4591337237881,0,1.06400000000002
"S1",500,0.5,1,0.8,555,0.528567350389731,0.963674644528503,0.85096093900195,-1.63640579701882,0,1.11900000000003
"S1",500,0.5,1,0.8,556,0.525484358089753,1.03136891594929,0.895265633140689,3.1572308391693,0,1.11000000000001
"S1",500,0.5,1,0.8,557,0.707583495073658,0.995239033413612,0.991656866055188,-34.7384516298807,0,1.01299999999998
"S1",500,0.5,1,0.8,558,1.46662504888453,0.947245775618543,1.38055961025564,-47.8801263344512,0,0.988
"S1",500,0.5,1,0.8,559,0.356165284557599,1.04122009050435,0.630459181392263,-24.7001686304282,0,0.983000000000004
"S1",500,0.5,1,0.8,560,0.748269216638734,1.05424126061088,1.17683475547492,15.4006572077375,0,1.12
"S1",500,0.5,1,0.8,561,0.578612545597359,0.964734517929422,0.834974712507617,-41.0477607226483,0,1.08900000000006
"S1",500,0.5,1,0.8,562,0.251704261893147,1.06532217140886,0.455800455013817,-58.8349175353851,0,1.11700000000002
"S1",500,0.5,1,0.8,563,0.86199697441383,0.993468305832515,1.161378022469,-15.1436445859493,0,0.995000000000005
"S1",500,0.5,1,0.8,564,0.373366823003097,0.991427057792268,0.699027803294802,20.0041106560436,0,1.11100000000005
"S1",500,0.5,1,0.8,565,0.335574292478535,0.977220842266604,0.556976420165223,-45.9998241607777,0,1.09899999999999
"S1",500,0.5,1,0.8,566,0.664470851194418,0.984378057752572,0.94939644715762,-31.9320554651007,0,0.990999999999985
"S1",500,0.5,1,0.8,567,0.602306782179207,0.980370713739376,0.910335733853115,-18.4771931447937,0,1.09299999999996
"S1",500,0.5,1,0.8,568,0.24206128657828,1.01792709223649,0.423994114243772,-56.8007490255534,0,1.048
"S1",500,0.5,1,0.8,569,0.679981906830345,0.953304771698798,0.864063077353914,-76.8484692766273,0,1
"S1",500,0.5,1,0.8,570,0.445885428287982,0.992454769697836,0.710774965470531,-38.4564189139101,0,1.024
"S1",500,0.5,1,0.8,571,0.771463907975759,1.00005940281597,1.10477482716001,-10.2402246936891,0,0.980000000000018
"S1",500,0.5,1,0.8,572,0.749256897663208,0.999828951439265,1.09132338245021,-4.46906087760931,0,1.05700000000002
"S1",500,0.5,1,0.8,573,0.734699193743229,0.993456130268081,1.14019716359083,27.4111074013556,0,1.02300000000002
"S1",500,0.5,1,0.8,574,0.474298265230551,0.981891302513417,0.73662601005655,-42.4736779047061,0,0.966999999999985
"S1",500,0.5,1,0.8,575,0.357512899718039,0.983575438797988,0.697849665753126,39.0836369359738,0,1.108
"S1",500,0.5,1,0.8,576,0.285257114657436,1.02985782784583,0.487868894567706,-65.3184525243294,0,1.05899999999997
"S1",500,0.5,1,0.8,577,0.516972426702897,1.01219134655004,0.794754745707093,-39.3339397413067,0,0.975999999999999
"S1",500,0.5,1,0.8,578,0.670758400473311,0.990275136027479,0.92353484294083,-47.42853372707,0,1.05599999999998
"S1",500,0.5,1,0.8,579,1.33763076216139,0.959520146063576,1.29094184644552,-64.884827068647,0,0.988
"S1",500,0.5,1,0.8,580,0.730030232754466,0.993952574427778,1.00922501135572,-31.0034545534884,0,1.02700000000004
"S1",500,0.5,1,0.8,581,0.565009709170022,0.930573815533281,0.770531134942078,-61.2558996604851,0,1.01400000000001
"S1",500,0.5,1,0.8,582,1.33940521080622,0.951822854188239,1.50506146096721,19.1484724620028,0,1.04399999999998
"S1",500,0.5,1,0.8,583,0.524306252332884,0.970004646641986,0.909395860056915,33.2046688896245,0,1.125
"S1",500,0.5,1,0.8,584,0.336841188116082,1.04119625844571,0.699140888996284,36.849319245128,0,0.998999999999967
"S1",500,0.5,1,0.8,585,0.30537362211574,1.07706571086292,0.525014637936528,-61.0824496822407,0,1.09800000000001
"S1",500,0.5,1,0.8,586,0.268723532717141,1.02452440089118,0.484261052393765,-35.3821682898596,0,1.11700000000002
"S1",500,0.5,1,0.8,587,0.969201228746139,0.965185826230346,1.23129838907015,-8.64214370430227,0,1.02300000000002
"S1",500,0.5,1,0.8,588,0.367219083409098,1.04654955827185,0.60188759759445,-63.6145527167029,0,1.06
"S1",500,0.5,1,0.8,589,0.250114586698486,1.02807850619257,0.43929744435301,-64.7578451350603,0,1.113
"S1",500,0.5,1,0.8,590,0.451705714133969,1.05153885570818,0.71862377112954,-53.4901326844288,0,1.01999999999998
"S1",500,0.5,1,0.8,591,0.525933755089865,1.01383747017556,0.8323633756043,-25.1957592421596,0,1.18299999999999
"S1",500,0.5,1,0.8,592,0.559246607273059,0.98392909711067,0.861579423944568,-14.2189484868647,0,1.20600000000002
"S1",500,0.5,1,0.8,593,0.360121193644148,1.0078142074892,0.610587239013608,-36.9984148354851,0,1.12100000000004
"S1",500,0.5,1,0.8,594,1.12861575279915,0.993632926678415,1.29187161188574,-30.5053656460584,0,1.06900000000002
"S1",500,0.5,1,0.8,595,0.447050875262561,1.04529667664294,0.734259943173264,-41.6716758296435,0,1.05400000000003
"S1",500,0.5,1,0.8,596,0.984587436127554,0.974556761065808,1.09684579234665,-73.7615631798025,0,0.994000000000028
"S1",500,0.5,1,0.8,597,0.649317743374553,0.979370780073437,1.08157164702229,46.5055932483186,0,0.978000000000009
"S1",500,0.5,1,0.8,598,1.95877152151508,0.886933711883071,1.50998275657867,-38.4842930679903,0,1.142
"S1",500,0.5,1,0.8,599,0.201190978442629,1.03526510034029,0.410550094901094,-6.63179106403584,0,1.06900000000002
"S1",500,0.5,1,0.8,600,1.20566083838898,0.967147884878805,1.33499632761825,-24.1024442436911,0,1.113
"S1",500,0.5,1,0.8,601,0.527400556570455,1.04409862066642,0.880894877987677,-9.77811545399891,0,1.04599999999999
"S1",500,0.5,1,0.8,602,0.299320134871686,1.05421026260174,0.600017808652768,14.8038589696546,0,1.21600000000001
"S1",500,0.5,1,0.8,603,0.748765096345827,0.936010010407917,0.989786832230846,-33.7322290273815,0,1.04399999999998
"S1",500,0.5,1,0.8,604,1.32540879476422,0.90319593797439,1.31008586789209,-33.2563745467464,0,1.03399999999999
"S1",500,0.5,1,0.8,605,0.145491584240152,0.975235361755598,0.262061913937438,-55.4715130629845,0,1.096
"S1",500,0.5,1,0.8,606,0.59558177303056,1.04832627838707,1.01025331464238,8.33862405629327,0,0.989000000000033
"S1",500,0.5,1,0.8,607,0.0959904695610159,1.04231367351301,0.194603098346826,-39.0968672777665,0,1.21099999999996
"S1",500,0.5,1,0.8,608,0.524632443446501,1.01807795285616,0.892936824899521,8.66366273285394,0,1.04899999999998
"S1",500,0.5,1,0.8,609,0.654586704994243,0.962315219859101,0.858576687335909,-69.0855235577022,0,1.01400000000001
"S1",500,0.5,1,0.8,610,0.868531329264615,1.03733221300443,1.22788064845797,-1.74893513165625,0,0.981000000000051
"S1",500,0.5,1,0.8,611,0.909496937832474,0.930575277698487,1.12412558434745,-19.5708949960194,0,1.03899999999999
"S1",500,0.5,1,0.8,612,0.758275969229179,1.00676381477875,0.974519727455256,-66.4008898193084,0,0.977999999999952
"S1",500,0.5,1,0.8,613,0.578744032872245,0.974776442110111,0.825650341290854,-55.7086413121482,0,0.997000000000014
"S1",500,0.5,1,0.8,614,0.656653680043935,0.993546294107279,0.9667441510415,-26.5253524370646,0,1.036
"S1",500,0.5,1,0.8,615,0.874684524740946,0.97219489525012,1.10787032939718,-37.4408277358917,0,1.12700000000001
"S1",500,0.5,1,0.8,616,0.167879699367981,1.00933932533551,0.330824606873825,-23.8458686118142,0,1.084
"S1",500,0.5,1,0.8,617,0.545655450205576,0.970096385369381,0.859640315690635,-6.71889739827634,0,1.12200000000001
"S1",500,0.5,1,0.8,618,0.177872774602864,1.01924332135214,0.376923294493716,19.0810843587902,0,1.25700000000001
"S1",500,0.5,1,0.8,619,0.320356989270182,1.04796724013477,0.524077909805246,-77.7443905093537,0,1.21999999999997
"S1",500,0.5,1,0.8,620,0.447529356095375,0.975803081155378,0.739748278252114,-15.7203229279091,0,1.06799999999998
"S1",500,0.5,1,0.8,621,0.333419541303775,1.05442758681044,0.625332343359096,-19.8531667731006,0,1.137
"S1",500,0.5,1,0.8,622,0.196972235932625,1.0376915580378,0.345997226563506,-71.5527335698022,0,1.16299999999995
"S1",500,0.5,1,0.8,623,0.804167327262961,0.966008419169791,1.03039228229542,-48.8113718159144,0,1.03899999999999
"S1",500,0.5,1,0.8,624,0.231229792801793,0.978402825810237,0.435865402443869,-11.834483480135,0,1.23400000000004
"S1",500,0.5,1,0.8,625,0.527537798387483,1.02731319599675,0.86828383042264,-13.4753241654471,0,1.166
"S1",500,0.5,1,0.8,626,0.470765783675031,1.00039347626542,0.666638335136802,-96.9150528330381,0,1.18099999999998
"S1",500,0.5,1,0.8,627,0.515778419782194,1.06639927865279,0.904475328094951,4.60555875182217,0,1.17400000000004
"S1",500,0.5,1,0.8,628,1.09621011063867,0.987040603771714,1.25124896144851,-41.6119262646166,0,1.13
"S1",500,0.5,1,0.8,629,0.532111722897284,1.01699406328433,0.867285745483538,-14.2032339541154,0,1.03999999999996
"S1",500,0.5,1,0.8,630,0.573619547559788,1.04499697203971,0.983613017804987,13.3366464966678,0,1.24199999999996
"S1",500,0.5,1,0.8,631,1.25069162347771,0.981878360886599,1.4174148552846,-9.50147940299257,0,1.08000000000004
"S1",500,0.5,1,0.8,632,0.288132125439229,1.05059900453841,0.615071468093838,37.6987373833751,0,1.04199999999997
"S1",500,0.5,1,0.8,633,0.664442168883527,1.0169733123414,0.947097678671171,-45.466731413161,0,0.981999999999971
"S1",500,0.5,1,0.8,634,0.832785978444074,0.949666295052874,1.06479703164865,-31.8809805206915,0,1.07599999999996
"S1",500,0.5,1,0.8,635,0.96593021459444,0.958187987580964,1.04732497674214,-91.1843469382388,0,1.01799999999997
"S1",500,0.5,1,0.8,636,0.29765168302189,1.03995901617519,0.547367312779797,-31.6622753364312,0,1.09399999999999
"S1",500,0.5,1,0.8,637,0.545887184734281,0.956225867354616,0.771781214933071,-60.2936785222649,0,1.06899999999996
"S1",500,0.5,1,0.8,638,0.360256782399413,1.00547488419522,0.61776651171332,-31.6244107093321,0,1.08099999999996
"S1",500,0.5,1,0.8,639,0.783875397724343,0.943884212547181,0.977984355313193,-50.8270593794282,0,1.02499999999998
"S1",500,0.5,1,0.8,640,0.352777495425485,1.03724209956291,0.722627000111878,38.4108723347492,0,1.07299999999998
"S1",500,0.5,1,0.8,641,0.114286918840497,1.05909796247975,0.218772166616283,-64.7725441741263,0,1.01400000000001
"S1",500,0.5,1,0.8,642,0.766017073851702,0.962634818462991,1.1498389710013,28.8495039421825,0,0.978999999999985
"S1",500,0.5,1,0.8,643,0.435162250256909,0.974587831364208,0.659915965503714,-64.5987584804689,0,0.997000000000014
"S1",500,0.5,1,0.8,644,0.702510696273483,0.984298576923786,1.0003220766103,-25.1190292998632,0,1.11399999999998
"S1",500,0.5,1,0.8,645,0.607661189802391,1.00804765629819,1.02581394745146,30.0658337450124,0,1.01400000000001
"S1",500,0.5,1,0.8,646,0.755562332072092,0.954319051725207,0.972677059037006,-51.2441979728193,0,0.954000000000008
"S1",500,0.5,1,0.8,647,0.75129475460354,0.956024091676762,0.894414430403358,-91.1131731230497,0,1.14400000000001
"S1",500,0.5,1,0.8,648,0.267039723701402,1.05167339717859,0.499784633667288,-30.2243043526574,0,1.14700000000005
"S1",500,0.5,1,0.8,649,1.16700337470437,0.918683686748626,1.28922668859297,-18.1336094245822,0,1.16800000000001
"S1",500,0.5,1,0.8,650,0.251852861016862,1.00520126748349,0.463511158546106,-20.0245704104678,0,1.12799999999993
"S1",500,0.5,1,0.8,651,0.278395868311123,0.972093910918968,0.505802576171453,-8.83394314038742,0,1.02699999999993
"S1",500,0.5,1,0.8,652,0.53520016448106,1.00403562020617,0.830688162757974,-23.7148609654697,0,0.997999999999934
"S1",500,0.5,1,0.8,653,0.85850138643282,0.987905624754044,1.27673489744041,37.8145509945292,0,1.04600000000005
"S1",500,0.5,1,0.8,654,1.60802349261331,0.914056642535965,1.58455487489405,14.9476797986965,0,1.13200000000006
"S1",500,0.5,1,0.8,655,0.35367335962375,1.03686561592483,0.650724387365178,-11.6609699159047,0,1.24799999999993
"S1",500,0.5,1,0.8,656,0.294961786628497,1.01077631120183,0.539457028656702,-22.6658836421683,0,1.1149999999999
"S1",500,0.5,1,0.8,657,0.397931428929355,1.05921244119947,0.726888304646554,-5.96453495679862,0,1.07899999999995
"S1",500,0.5,1,0.8,658,0.517303339526931,1.02256516172801,0.773046557436378,-65.7424720924804,0,1.14499999999998
"S1",500,0.5,1,0.8,659,0.277842089296094,1.06591516585933,0.549478141559238,-13.6687481926658,0,1.21100000000001
"S1",500,0.5,1,0.8,660,1.23916250603742,0.952192756074438,1.40903993202822,2.45891835665861,0,1.03099999999995
"S1",500,0.5,1,0.8,661,0.103711927517398,1.07866523121162,0.20112276756044,-64.395911613084,0,1.37200000000007
"S1",500,0.5,1,0.8,662,0.831234401983965,1.03857270241607,1.13671431239269,-29.8359228010027,0,1.02599999999995
"S1",500,0.5,1,0.8,663,0.486570059828477,1.064539552295,0.843194982069638,-13.2396797018323,0,1.18299999999999
"S1",500,0.5,1,0.8,664,0.926889553827178,0.95598985036904,1.2359155935438,16.3926671338182,0,1.17199999999991
"S1",500,0.5,1,0.8,665,0.291958469973069,1.05900682014416,0.510937858494871,-53.3193846402222,0,1.221
"S1",500,0.5,1,0.8,666,2.18503974534359,0.933298349160607,1.62250185196063,-41.2301009199599,0,1.14499999999998
"S1",500,0.5,1,0.8,667,0.483149979530196,0.984440889523456,0.705203341781605,-72.9468605738417,0,1.05700000000002
"S1",500,0.5,1,0.8,668,0.479969120529136,1.01152286519553,0.83880646842424,13.961378703218,0,1.10499999999999
"S1",500,0.5,1,0.8,669,0.562219893694861,1.00640046774062,0.928195426256207,2.739397883572,0,1.03400000000002
"S1",500,0.5,1,0.8,670,0.328338215025194,0.976714885097033,0.552537637324565,-39.7431516162452,0,1.036
"S1",500,0.5,1,0.8,671,0.18389325417467,1.10565835758111,0.429227403979423,30.2082251624205,0,1.16800000000001
"S1",500,0.5,1,0.8,672,0.604668424051434,1.01039416387529,0.879749194191131,-47.7086902692048,0,1.119
"S1",500,0.5,1,0.8,673,0.399610685510704,1.01655149216482,0.661243704789922,-48.2696956292843,0,0.963999999999999
"S1",500,0.5,1,0.8,674,0.437621945756113,0.991831828213476,0.779168058473673,16.394804691754,0,1.048
"S1",500,0.5,1,0.8,675,0.26735417233442,1.04589335880543,0.507448501427895,-23.5958937061024,0,1.215
"S1",500,0.5,1,0.8,676,0.173551384424826,1.05797782861566,0.317977560660689,-72.51572294688,0,1.131
"S1",500,0.5,1,0.8,677,0.587459447925064,1.00768520954732,0.903008395223089,-22.8879798064186,0,1.04599999999999
"S1",500,0.5,1,0.8,678,0.651241930975464,1.01685727684027,0.909536709179402,-55.2903669431802,0,0.978000000000009
"S1",500,0.5,1,0.8,679,0.904828002421949,0.999081304576891,1.15124021408743,-36.5211579254743,0,1.035
"S1",500,0.5,1,0.8,680,0.629103929819599,0.994299734033652,0.965751571702691,-8.78590625134802,0,1.04999999999998
"S1",500,0.5,1,0.8,681,3.31375907709403,0.900945580614884,1.86848757365493,-17.1325093235077,0,1.14099999999999
"S1",500,0.5,1,0.8,682,0.928471531800822,0.959882680007836,1.12226206650871,-41.6174264556635,0,1.06800000000001
"S1",500,0.5,1,0.8,683,0.433863914709715,1.04255158694498,0.752549666515856,-17.5532482442578,0,1.03099999999998
"S1",500,0.5,1,0.8,684,0.205116932396549,1.06555367652392,0.426804588779956,-6.3891166650435,0,1.054
"S1",500,0.5,1,0.8,685,0.891278733536209,1.04401793592307,1.34292139692018,33.1310082525806,0,1.226
"S1",500,0.5,1,0.8,686,0.721810813383106,1.00947053986718,1.03291642988683,-23.6668828872536,0,0.966999999999985
"S1",500,0.5,1,0.8,687,0.528856089776852,0.966018514647763,0.778345987537779,-48.2240892783996,0,1.02000000000001
"S1",500,0.5,1,0.8,688,0.267553950964203,1.03986958363888,0.511117866544007,-15.0440901387152,0,1.09899999999999
"S1",500,0.5,1,0.8,689,0.885497231143228,0.997261543704226,1.23328172108975,7.53658542139544,0,1.12799999999999
"S1",500,0.5,1,0.8,690,1.48568056225262,0.917833342883136,1.3375372754094,-56.9531736542726,0,1.06100000000001
"S1",500,0.5,1,0.8,691,0.655948894412526,0.95170989850518,0.848848529517692,-72.0019383551548,0,1.054
"S1",500,0.5,1,0.8,692,0.573849818515785,0.998586716617275,0.843121899188712,-43.6769582213706,0,1.25899999999999
"S1",500,0.5,1,0.8,693,0.467786328538818,0.954604588983947,0.826151962205932,38.9264467067359,0,1.22999999999999
"S1",500,0.5,1,0.8,694,0.670326344695059,1.00361126633822,0.995421813882674,-14.7126188409294,0,1.16
"S1",500,0.5,1,0.8,695,0.74231499875814,1.00970367759059,1.07836677809808,-10.9090360539457,0,1.06299999999999
"S1",500,0.5,1,0.8,696,0.547216158007007,0.96990163907514,0.834637746222868,-24.1732205357469,0,0.950999999999993
"S1",500,0.5,1,0.8,697,0.650202572227617,1.00812167085192,0.922849767001383,-46.7170624934244,0,1.10999999999999
"S1",500,0.5,1,0.8,698,0.46166783303194,1.01953806157389,0.664641373514298,-90.326772536636,0,1.02799999999999
"S1",500,0.5,1,0.8,699,0.799565016240171,0.956184543279303,1.07318775673424,-13.3525351946633,0,1.15100000000001
"S1",500,0.5,1,0.8,700,0.43190050942529,0.961750040377458,0.653782205712057,-64.0296261360915,0,1.02199999999999
"S1",500,0.5,1,0.8,701,0.365852973361215,1.02911364443264,0.549933029690796,-104.844060729387,0,1.11599999999999
"S1",500,0.5,1,0.8,702,0.901807286006341,0.957887986942653,1.01985880037856,-75.6515635227316,0,1.12299999999999
"S1",500,0.5,1,0.8,703,0.377308831874844,1.04728162689452,0.652517589797183,-30.9367828238389,0,1.09100000000001
"S1",500,0.5,1,0.8,704,0.29816843857563,1.04949510487394,0.511988361066585,-65.4151658557777,0,1.05199999999999
"S1",500,0.5,1,0.8,705,0.386496497629754,1.00960112730146,0.632036610381488,-50.86822831787,0,1.02000000000001
"S1",500,0.5,1,0.8,706,0.368240819366996,1.0520722882479,0.664395116141288,-18.8672711309235,0,1.078
"S1",500,0.5,1,0.8,707,0.247897591083675,1.01574415431205,0.451833832355153,-37.8515004158018,0,1.023
"S1",500,0.5,1,0.8,708,1.24139237338834,0.998535861923242,1.41801790111291,-12.0066808599091,0,0.956999999999994
"S1",500,0.5,1,0.8,709,0.9180070744786,1.01100530213115,1.3109463992644,23.0991920201473,0,0.948000000000008
"S1",500,0.5,1,0.8,710,0.216272300647772,1.02715068658588,0.444085598445968,6.6897798319751,0,1.035
"S1",500,0.5,1,0.8,711,1.01368817647689,0.9686114949916,1.21889224064738,-25.2183075702848,0,1.048
"S1",500,0.5,1,0.8,712,0.623538775957521,0.982825785427208,0.833533414833067,-79.3554981914493,0,0.995000000000005
"S1",500,0.5,1,0.8,713,0.445811620051142,0.985262734696942,0.827597305815717,41.3754100479431,0,0.95999999999998
"S1",500,0.5,1,0.8,714,0.331548278722657,1.05043419591741,0.624739627829797,-11.5978370900847,0,0.960000000000008
"S1",500,0.5,1,0.8,715,0.307745961689836,1.05151669314484,0.628632299152351,24.4416250542782,0,1.02199999999999
"S1",500,0.5,1,0.8,716,1.05288329157506,0.931612464909222,1.15926504133051,-51.8128380528925,0,0.969999999999999
"S1",500,0.5,1,0.8,717,0.702324407098154,0.945373779161018,0.881148382440542,-77.4501258995318,0,0.974999999999994
"S1",500,0.5,1,0.8,718,0.648042074176057,0.99665824812938,1.03890609421653,22.6114318327628,0,1.05199999999999
"S1",500,0.5,1,0.8,719,1.06300815640195,0.932213634826418,1.33213697374028,23.4826181615423,0,1.01400000000001
"S1",500,0.5,1,0.8,720,0.774033218104507,0.954001829210134,1.0957910804606,6.66917005852531,0,1.07900000000001
"S1",500,0.5,1,0.8,721,0.832504676062122,0.971160352183677,1.0440003554323,-50.2514052672931,0,1.024
"S1",500,0.5,1,0.8,722,0.776143927242118,0.970627543000194,0.976247712136856,-64.5679192508468,0,1.09800000000001
"S1",500,0.5,1,0.8,723,1.25707534051829,0.97937147503046,1.29238993223123,-54.1521335953967,0,1.059
"S1",500,0.5,1,0.8,724,0.201035656336937,1.06282726962065,0.412182886066846,-7.77645928988898,0,1.17500000000001
"S1",500,0.5,1,0.8,725,0.933108546319937,1.00425312075961,1.23800619268643,-8.4071486763213,0,1.03800000000001
"S1",500,0.5,1,0.8,726,0.460572361747359,1.03461342080835,0.806291201389493,-2.57045920557243,0,1.023
"S1",500,0.5,1,0.8,727,0.604515542884876,0.993228002829661,0.87596003196562,-41.665094092092,0,1.02099999999999
"S1",500,0.5,1,0.8,728,0.522619010464833,1.03962646949194,0.818377794527428,-44.7530466535532,0,0.997000000000014
"S1",500,0.5,1,0.8,729,0.383114461058145,1.02692616573152,0.783558635674065,56.9845103930097,0,1.084
"S1",500,0.5,1,0.8,730,0.623568518370808,0.998320469960762,0.891128634642279,-48.868707006421,0,1.13499999999999
"S1",500,0.5,1,0.8,731,0.534187111318933,0.97847031823958,0.939142890460797,41.9763124681973,0,1.13400000000001
"S1",500,0.5,1,0.8,732,0.203472072696411,0.988671115796847,0.406786203791471,3.71368358018481,0,1.20699999999999
"S1",500,0.5,1,0.8,733,0.670693122328345,1.00669425226159,0.953452072575602,-42.0073618398546,0,0.97399999999999
"S1",500,0.5,1,0.8,734,0.528632823840128,0.996053267808471,0.866981595469686,-0.262097688894983,0,1.01300000000001
"S1",500,0.5,1,0.8,735,0.316837205680686,1.00874025389963,0.585274433751467,-3.672340981758,0,1.16499999999999
"S1",500,0.5,1,0.8,736,0.260564029866878,1.02031217967745,0.458801784706043,-51.0032556218806,0,1.10999999999999
"S1",500,0.5,1,0.8,737,0.531073154589693,0.959396742698435,0.775277782500121,-48.1648833659603,0,1.17000000000002
"S1",500,0.5,1,0.8,738,1.78424290072474,0.873640646482378,1.46832997344299,-31.0327853232122,0,0.967000000000013
"S1",500,0.5,1,0.8,739,0.950232885594623,0.981184218050933,1.30425280674584,23.0143513646625,0,0.984999999999985
"S1",500,0.5,1,0.8,740,0.39175403625721,1.01469308755413,0.70289194548029,-2.26516975381605,0,0.994
"S1",500,0.5,1,0.8,741,0.415277369896947,0.989120506359205,0.732585907756114,8.57408374167744,0,0.988
"S1",500,0.5,1,0.8,742,1.02027529648173,0.942656253821104,1.1529740199432,-47.9682192365633,0,1.01999999999998
"S1",500,0.5,1,0.8,743,0.586159752910846,0.9225626261561,0.771732703216868,-73.3218643175551,0,0.992999999999995
"S1",500,0.5,1,0.8,744,0.745273296420637,0.958208746997291,0.946594808750806,-57.0288461594008,0,1.01299999999998
"S1",500,0.5,1,0.8,745,0.230884106387093,1.02225612246159,0.410322654491879,-52.2925148036243,0,1.06700000000001
"S1",500,0.5,1,0.8,746,0.490793997548716,0.965801785573579,0.724062920511735,-56.2234450715861,0,0.951000000000022
"S1",500,0.5,1,0.8,747,0.72640610281635,0.975736416494079,0.954885712506143,-57.6393621440618,0,1.00100000000003
"S1",500,0.5,1,0.8,748,0.407379495513911,0.970899168165046,0.708575292814617,-0.357515346455443,0,1.13
"S1",500,0.5,1,0.8,749,0.511536429966432,1.05865715790748,0.875186628563684,-8.48137984814787,0,1.15800000000002
"S1",500,0.5,1,0.8,750,1.04613274946198,0.936542376800014,1.2485883295252,-8.73823155769583,0,1.06299999999999
"S1",500,0.5,1,0.8,751,0.437012730394468,0.995212000221192,0.747743625894645,-5.9322451814138,0,1.04500000000002
"S1",500,0.5,1,0.8,752,0.777781473199536,0.977094513999267,1.05505416409619,-17.0702522137101,0,1.07499999999999
"S1",500,0.5,1,0.8,753,0.614858899815257,1.03954726951861,0.81627283407279,-98.8294080606072,0,0.989000000000033
"S1",500,0.5,1,0.8,754,0.935445482806746,0.919335250916854,1.08637203565522,-44.4758813218798,0,1.11000000000001
"S1",500,0.5,1,0.8,755,0.566013485285253,0.949391364258509,0.793768440908137,-50.8219263435628,0,1.00800000000004
"S1",500,0.5,1,0.8,756,0.53564043810992,0.975087363299335,0.791325913794624,-43.9234158782122,0,1.02699999999999
"S1",500,0.5,1,0.8,757,0.844263843358873,0.992804852482865,1.21559381987412,15.2274217746543,0,0.985000000000014
"S1",500,0.5,1,0.8,758,0.473728031515826,0.993228967707971,0.826534077793114,13.1996857527049,0,1.09700000000004
"S1",500,0.5,1,0.8,759,0.371596382055176,1.07903179275397,0.704020544661625,-1.21548219368742,0,1.16199999999998
"S1",500,0.5,1,0.8,760,0.658155997493638,0.946001831485995,0.941863573360447,-15.5631212881125,0,1.07400000000001
"S1",500,0.5,1,0.8,761,0.343569980999657,0.918766126835873,0.589759535406746,-6.89859476631671,0,1.11800000000005
"S1",500,0.5,1,0.8,762,1.45408800988951,0.91761778608767,1.41063297834229,-22.9832530074959,0,1.00799999999998
"S1",500,0.5,1,0.8,763,0.474121719121449,1.01596927650096,0.851893542806142,23.1539123312905,0,1.03700000000003
"S1",500,0.5,1,0.8,764,0.290766053643567,1.05751775575576,0.619427383769492,29.787948515632,0,1.05200000000002
"S1",500,0.5,1,0.8,765,1.77085721208996,0.904899592753458,1.61266686862441,11.4931522753066,0,1.05400000000003
"S1",500,0.5,1,0.8,766,1.84510889804754,0.907971336098412,1.49894686924017,-36.7496419783597,0,1.137
"S1",500,0.5,1,0.8,767,0.883272100127319,1.02692912814926,1.12394616715146,-48.5694620893617,0,0.959000000000003
"S1",500,0.5,1,0.8,768,0.366501607496385,0.996513997805987,0.639366765230983,-16.8398299321557,0,1.12900000000002
"S1",500,0.5,1,0.8,769,0.275329264276521,1.04057457658396,0.508415907306751,-29.0277745973066,0,1.036
"S1",500,0.5,1,0.8,770,0.169667061111011,1.0363892742845,0.350350830205045,-13.3447490317965,0,1.16899999999998
"S1",500,0.5,1,0.8,771,0.973864285767475,0.995659213055831,1.22019164236289,-25.5108147382518,0,0.991000000000042
"S1",500,0.5,1,0.8,772,0.292998279119519,1.03605332299608,0.495065262257768,-74.9021105942057,0,1.09100000000001
"S1",500,0.5,1,0.8,773,0.466751047696456,1.01357283077318,0.817956872939948,10.5241251633521,0,1.13800000000003
"S1",500,0.5,1,0.8,774,0.518922023937154,1.0082211809719,0.802775769644014,-34.8667435248234,0,1.04700000000003
"S1",500,0.5,1,0.8,775,0.213949106463489,1.03310515236226,0.392103205402132,-51.8299541274957,0,1.11700000000002
"S1",500,0.5,1,0.8,776,0.762279888955558,0.969529473966434,1.07503012410685,-9.60998826427488,0,1.04900000000004
"S1",500,0.5,1,0.8,777,0.676214324159449,1.03028602449107,1.10959111371973,28.4028190160649,0,1.27100000000002
"S1",500,0.5,1,0.8,778,1.11214980899776,0.962139042696689,1.30276882365606,-15.4060927789164,0,1.05500000000001
"S1",500,0.5,1,0.8,779,0.739409149758819,0.969076328731688,0.964986405090882,-52.6694795350114,0,1.05400000000003
"S1",500,0.5,1,0.8,780,1.0270638396508,0.944544673237524,1.2053318768926,-27.4889071375814,0,0.998000000000047
"S1",500,0.5,1,0.8,781,0.67069451758222,1.01578062043192,0.964372181051214,-43.4836121126968,0,0.918999999999983
"S1",500,0.5,1,0.8,782,0.253322497195195,1.02971373600936,0.502211017464559,-1.66145357027494,0,1.10599999999999
"S1",500,0.5,1,0.8,783,0.382651143052564,1.00228859504597,0.689686960374067,6.81673516304238,0,1.18400000000003
"S1",500,0.5,1,0.8,784,0.420200727440739,1.02145701164393,0.762902200680717,6.58303408517509,0,1.06999999999999
"S1",500,0.5,1,0.8,785,0.484501706996812,0.977063820824723,0.797052805672693,-6.33214858721522,0,0.993999999999971
"S1",500,0.5,1,0.8,786,0.865604586043061,0.974075011397812,1.02464801786318,-70.8432135807634,0,0.963999999999999
"S1",500,0.5,1,0.8,787,0.453038986561245,0.985132472766567,0.724851441731231,-39.0064787040866,0,1.04899999999998
"S1",500,0.5,1,0.8,788,0.365843625084885,1.00488411871097,0.594420624522678,-53.8428379186325,0,1.10399999999998
"S1",500,0.5,1,0.8,789,0.829001421659983,0.910311168758423,1.1719886896166,40.2933916544592,0,0.988000000000056
"S1",500,0.5,1,0.8,790,0.352001763339578,0.98738740295175,0.588932897899093,-44.3317160308947,0,1.04000000000002
"S1",500,0.5,1,0.8,791,0.804362140049814,0.981033070792702,1.08664474690972,-20.5353208450312,0,0.996000000000038
"S1",500,0.5,1,0.8,792,0.897899463664119,0.992977236723884,1.13581916674026,-40.0362950915319,0,0.968999999999994
"S1",500,0.5,1,0.8,793,0.683960268981391,1.00582891351141,0.958772113279089,-46.5973824651376,0,0.941000000000031
"S1",500,0.5,1,0.8,794,0.214760508789814,1.0437002636117,0.413244745207772,-29.7280700988093,0,1.13200000000001
"S1",500,0.5,1,0.8,795,0.60551514792877,0.973731321273952,0.973466881102401,17.0516037923973,0,1.08100000000002
"S1",500,0.5,1,0.8,796,0.364444323745691,1.04469157950804,0.690410596091217,7.86707827591158,0,1.13200000000001
"S1",500,0.5,1,0.8,797,0.930334358274899,0.970724212518828,1.16008554923386,-28.9578912845349,0,1.18400000000003
"S1",500,0.5,1,0.8,798,0.507737506345991,1.06198441501111,0.888010534039604,-5.47960270081251,0,1.06600000000003
"S1",500,0.5,1,0.8,799,0.321918472144445,1.04326200503147,0.620826350471358,-0.634998168701941,0,0.99799999999999
"S1",500,0.5,1,0.8,800,1.06807789488985,1.01503658739798,1.39608339974377,8.73538317479699,0,0.948000000000036
"S1",500,0.5,1,0.8,801,0.581314461975164,1.02300732628266,0.866321736094975,-46.1150195076511,0,1.05700000000002
"S1",500,0.5,1,0.8,802,0.440057984196965,0.973864515103575,0.681189386754956,-47.0008751969835,0,1.19
"S1",500,0.5,1,0.8,803,0.653096313995989,0.932956361159007,0.893189103120627,-42.4322978113593,0,1.00199999999995
"S1",500,0.5,1,0.8,804,0.583654100639723,0.940927898573727,0.842204286451243,-37.718898558728,0,0.97199999999998
"S1",500,0.5,1,0.8,805,0.510422654528033,1.01733553430935,0.840708743135342,-19.9276912913698,0,1.113
"S1",500,0.5,1,0.8,806,0.527555011245402,0.996845893832242,0.797341999713363,-47.6772077502551,0,1.18599999999998
"S1",500,0.5,1,0.8,807,0.100566981143522,1.04923784709011,0.225655095975027,2.76385794787825,0,1.11099999999999
"S1",500,0.5,1,0.8,808,0.694930914283819,1.01543445880027,1.03582531710894,-17.9158109998862,0,0.97199999999998
"S1",500,0.5,1,0.8,809,0.447862902849018,1.00785550676757,0.758483753372203,-13.8914037595391,0,0.990999999999985
"S1",500,0.5,1,0.8,810,0.309254279881958,1.00780121171755,0.547321020429569,-33.9790169622582,0,1.14800000000002
"S1",500,0.5,1,0.8,811,1.0421301723555,0.922079852986586,1.15377641931975,-45.4441678064661,0,1.00700000000001
"S1",500,0.5,1,0.8,812,0.405501928018008,1.04650118914047,0.747355883095896,3.1763868881128,0,1.04399999999998
"S1",500,0.5,1,0.8,813,0.39226234112109,1.00188328759713,0.624914552960513,-60.49335951272,0,1.06299999999999
"S1",500,0.5,1,0.8,814,0.831875602297516,0.999016064143707,1.11525132229466,-27.4431681384965,0,1.041
"S1",500,0.5,1,0.8,815,0.356595297185568,0.999610666752234,0.62555280085354,-17.5896418913483,0,1.19299999999998
"S1",500,0.5,1,0.8,816,0.575777994852945,0.993821995280469,0.904993331135511,-8.95302056861112,0,1.19200000000001
"S1",500,0.5,1,0.8,817,0.812631486669192,0.962583596185899,1.12021806537153,-5.54807671252547,0,1.04699999999997
"S1",500,0.5,1,0.8,818,0.701239142725072,1.01226237950607,1.06937114644235,1.70134869031972,0,0.987000000000023
"S1",500,0.5,1,0.8,819,0.533035586504311,0.980371162981245,0.847592709353724,-14.1467465319654,0,1.05600000000004
"S1",500,0.5,1,0.8,820,0.234716016592017,1.01128502430155,0.463181728922363,-5.22696851497597,0,1.06200000000001
"S1",500,0.5,1,0.8,821,0.218562107593696,1.06505936096371,0.442289251685619,-20.9616727555261,0,0.98599999999999
"S1",500,0.5,1,0.8,822,0.826131500313459,0.96188094990889,1.03250447680446,-46.4608446324279,0,1.05500000000001
"S1",500,0.5,1,0.8,823,0.508193791242016,0.971361800422315,0.683589520674415,-101.501521565948,0,1.077
"S1",500,0.5,1,0.8,824,0.500108629978844,1.02092714718,0.883245442412092,19.1615656176998,0,1.11700000000002
"S1",500,0.5,1,0.8,825,0.859328277342856,0.991740221792818,1.09685828462154,-40.8018084479096,0,1.09699999999998
"S1",500,0.5,1,0.8,826,0.236995092610405,1.08579016469389,0.513079106537457,12.2383164353266,0,1.077
"S1",500,0.5,1,0.8,827,0.568646994536988,1.0208241854631,0.845165473978381,-54.4970408597925,0,1.04400000000004
"S1",500,0.5,1,0.8,828,3.93318422866153,0.82805201381159,1.75180198874048,-47.0994532083083,0,1.09699999999998
"S1",500,0.5,1,0.8,829,0.730946095665419,1.0296541336048,1.11072227564897,3.68435901249791,0,1.10899999999998
"S1",500,0.5,1,0.8,830,0.990458120662967,0.947566218134071,1.10945843540425,-62.0380256752219,0,1.04799999999994
"S1",500,0.5,1,0.8,831,0.974918260817781,0.98283805947894,1.11676314496897,-65.5056669305762,0,1.02299999999997
"S1",500,0.5,1,0.8,832,0.456874471994835,1.03466839907511,0.746617655014705,-39.1062950274098,0,1.02199999999999
"S1",500,0.5,1,0.8,833,0.499917425533146,0.99543564380432,0.840214525141275,4.58052635630293,0,1.161
"S1",500,0.5,1,0.8,834,0.542824172529809,1.02387585633278,0.893977899041676,-6.79092837050439,0,1.11399999999998
"S1",500,0.5,1,0.8,835,0.502863622690069,1.03819367992946,0.853848985203462,-7.0647359805854,0,1.09799999999996
"S1",500,0.5,1,0.8,836,0.319219934230061,0.981178795942884,0.620772931773288,25.6800267340871,0,1.11700000000002
"S1",500,0.5,1,0.8,837,0.706046123537942,0.984815073003177,1.08886283058598,19.8036419698807,0,1.10500000000002
"S1",500,0.5,1,0.8,838,0.536662881851982,1.03817049302749,0.777399619609086,-77.9008473204967,0,1.065
"S1",500,0.5,1,0.8,839,0.813575756700376,0.973104597557569,1.11118501556458,-10.374226091503,0,1.012
"S1",500,0.5,1,0.8,840,0.435504232291898,1.04110916433047,0.77134407801461,-5.78147634895379,0,0.944000000000017
"S1",500,0.5,1,0.8,841,0.267667091358687,0.976934138670727,0.504165940522105,-4.97365654024827,0,1.07999999999998
"S1",500,0.5,1,0.8,842,0.597334415542948,1.00968262087101,0.953714586746275,-2.00890232717995,0,1.07299999999998
"S1",500,0.5,1,0.8,843,0.539326172604701,0.996476939497459,0.855868053916141,-17.7789021078969,0,1.03000000000003
"S1",500,0.5,1,0.8,844,0.340634720694105,1.01832689623573,0.593435397989949,-36.0945930770931,0,1.06400000000002
"S1",500,0.5,1,0.8,845,0.213307746573939,1.12256835852844,0.555827974636962,77.8674375829656,0,1.13499999999999
"S1",500,0.5,1,0.8,846,0.456469567360604,1.07467197710921,0.808028411661815,-7.35224708771386,0,1.05699999999996
"S1",500,0.5,1,0.8,847,0.766935088104187,1.04032779575864,1.17233439984833,7.97586323927703,0,0.935000000000002
"S1",500,0.5,1,0.8,848,0.437964427377727,0.987509348041308,0.799839094940374,27.957051189138,0,1.13999999999999
"S1",500,0.5,1,0.8,849,0.12011915523063,1.02885820013575,0.257289532466799,1.37014906431159,0,1.11500000000001
"S1",500,0.5,1,0.8,850,0.28402410042851,1.09274896524499,0.555244818262353,-22.8148976935086,0,1.07400000000001
"S1",500,0.5,1,0.8,851,0.296269413824533,0.932887713214314,0.557174647232344,30.1697752507197,0,0.992999999999995
"S1",500,0.5,1,0.8,852,0.505925917537564,0.985621363303461,0.784971500789027,-36.3656490499139,0,1.03299999999996
"S1",500,0.5,1,0.8,853,0.206835034876706,0.985771251101499,0.375841929698472,-40.7878092685672,0,1.11099999999999
"S1",500,0.5,1,0.8,854,0.288292701795542,1.0453363020769,0.500898700152456,-57.2364570671995,0,1.23000000000002
"S1",500,0.5,1,0.8,855,0.861022649748298,0.939733573147321,1.03255918868565,-53.0146097105293,0,1.07299999999998
"S1",500,0.5,1,0.8,856,0.232627308304005,1.06822403467209,0.491410063755617,5.71302412489115,0,1.065
"S1",500,0.5,1,0.8,857,0.445583677717525,1.04824668996185,0.727415514877028,-47.8936223760379,0,1.07299999999998
"S1",500,0.5,1,0.8,858,0.406846310287154,1.02237842433699,0.674091707925607,-43.0413385411453,0,1.03399999999999
"S1",500,0.5,1,0.8,859,0.677421995743393,0.958207266104481,1.04113270853957,19.3106362039797,0,1.16200000000003
"S1",500,0.5,1,0.8,860,0.509871599496834,0.981632576302258,0.797800616152744,-20.5447719756604,0,1.11099999999999
"S1",500,0.5,1,0.8,861,0.59277523384303,1.01621990610586,0.940899221977885,-15.0313012618926,0,1.07399999999996
"S1",500,0.5,1,0.8,862,0.353922649482638,1.06878607439975,0.644215870290149,-24.2591066190842,0,1.17500000000001
"S1",500,0.5,1,0.8,863,0.515179139846507,0.909982145273602,0.748000480054637,-32.9331963347357,0,1.10399999999998
"S1",500,0.5,1,0.8,864,1.3061856262876,0.978863950825784,1.4875089823379,3.67103664063677,0,1.017
"S1",500,0.5,1,0.8,865,0.446183673870946,0.995324364690186,0.760915213259434,-0.567895114222893,0,1.13499999999999
"S1",500,0.5,1,0.8,866,0.710120233269769,0.974028583585395,0.940553756132936,-62.4617672664491,0,1.07100000000003
"S1",500,0.5,1,0.8,867,0.203722415704103,1.04499053440062,0.404176499709515,-18.1480195000099,0,1.11700000000002
"S1",500,0.5,1,0.8,868,1.8600200087756,0.910251955687556,1.39205899254375,-80.93698436594,0,1.07100000000003
"S1",500,0.5,1,0.8,869,0.900797300055983,1.01626385129463,1.2267400768096,-9.1535363891478,0,0.983000000000004
"S1",500,0.5,1,0.8,870,0.637417821797392,0.987104291662714,0.857403100274607,-61.7229647173978,0,1.05899999999997
"S1",500,0.5,1,0.8,871,0.730350811414485,0.992892355028401,1.00335683746247,-39.587030250972,0,1.02499999999998
"S1",500,0.5,1,0.8,872,0.668807482181593,0.997989868866817,0.942555237632251,-40.7781621065701,0,1.13900000000001
"S1",500,0.5,1,0.8,873,0.320291379177697,1.04571921552595,0.626105866536119,2.85054184900525,0,1.11599999999999
"S1",500,0.5,1,0.8,874,0.49464781440116,1.00469894444703,0.819839490127237,-11.2329160054236,0,1.00999999999999
"S1",500,0.5,1,0.8,875,0.38897829101428,1.09057927485529,0.746939018950197,0.897441691481504,0,1.12399999999997
"S1",500,0.5,1,0.8,876,1.10315550317699,0.976690661528663,1.43632676523039,30.8195595112805,0,0.97199999999998
"S1",500,0.5,1,0.8,877,0.153073174932047,1.0766226018481,0.327785326488646,-18.9041426010457,0,1.10899999999998
"S1",500,0.5,1,0.8,878,0.296375632213844,1.06229350576785,0.537925558580374,-44.2743326014202,0,1.04400000000004
"S1",500,0.5,1,0.8,879,1.24099542879172,0.880535904269655,1.3963711121117,31.6977667939565,0,0.992000000000019
"S1",500,0.5,1,0.8,880,0.508322648143156,0.992077067574859,0.770288940943152,-47.7655728746599,0,1
"S1",500,0.5,1,0.8,881,0.341846620715784,1.01363582645299,0.575288180137355,-49.6118478097204,0,1.08699999999999
"S1",500,0.5,1,0.8,882,0.514022371588743,1.02983924647904,0.866926416225686,-8.39140354560993,0,0.914000000000044
"S1",500,0.5,1,0.8,883,0.534186352461474,0.966654065582407,0.832399997515324,-14.2543573716478,0,1.05899999999997
"S1",500,0.5,1,0.8,884,1.02096259553304,0.902856577754209,1.02775408742168,-97.0016849027143,0,0.950999999999965
"S1",500,0.5,1,0.8,885,0.550405668129295,0.953908186020223,0.754638442381251,-71.0465474052255,0,1.05099999999999
"S1",500,0.5,1,0.8,886,0.286237433610824,0.967457717408808,0.503026944427663,-31.7977196008592,0,1.03799999999995
"S1",500,0.5,1,0.8,887,0.332466338081199,0.990347084197504,0.528665944983497,-75.9202641418619,0,1.11099999999999
"S1",500,0.5,1,0.8,888,0.200387668876624,1.02604431698375,0.438204591995681,22.8362274051359,0,1.048
"S1",500,0.5,1,0.8,889,1.11410461842307,0.977696200267998,1.26025483129388,-39.210984051894,0,1.03700000000003
"S1",500,0.5,1,0.8,890,0.39498879218661,0.928858514382779,0.637020356414275,-17.8198753912618,0,1.18000000000001
"S1",500,0.5,1,0.8,891,0.632354188469217,0.9968290705353,0.85445030713786,-74.4400119994002,0,1.202
"S1",500,0.5,1,0.8,892,0.644666151688623,0.974523727174967,0.981089748309442,-2.70732954926245,0,1.09999999999997
"S1",500,0.5,1,0.8,893,1.21392309466468,0.983516796651974,1.39815314223675,-9.32744509956797,0,0.989000000000033
"S1",500,0.5,1,0.8,894,0.429271418682818,0.989590389074778,0.695112194414016,-33.2120384476585,0,1.07400000000001
"S1",500,0.5,1,0.8,895,0.536349733462541,1.00851625751451,0.889097268229398,4.27928952896207,0,1.12700000000001
"S1",500,0.5,1,0.8,896,0.537923865490153,0.964612302103279,0.890666522248686,24.8171330593323,0,1.06299999999999
"S1",500,0.5,1,0.8,897,0.484513208880711,0.964757198521418,0.74762355582981,-33.0929560537714,0,1.089
"S1",500,0.5,1,0.8,898,0.777360765801127,0.994859047153408,1.18149611494782,22.5985908377233,0,0.978999999999985
"S1",500,0.5,1,0.8,899,0.677149294508326,0.993937323277257,1.09420465050351,26.7670722911853,0,1.01400000000001
"S1",500,0.5,1,0.8,900,0.323722548846233,1.05671231671758,0.612622136158223,-11.5082473820246,0,1.10199999999998
"S1",500,0.5,1,0.8,901,0.760706793855903,0.955816440866366,1.07071835171319,-2.47350038242735,0,1.084
"S1",500,0.5,1,0.8,902,0.507920231644484,1.0154017584435,0.817470941032499,-21.8312301594972,0,1.101
"S1",500,0.5,1,0.8,903,0.953948296598298,0.982851055550364,1.20773200310735,-18.881542896617,0,1.02100000000002
"S1",500,0.5,1,0.8,904,1.25758863883483,0.998381774461171,1.29596629173317,-62.6166337229604,0,0.968999999999994
"S1",500,0.5,1,0.8,905,1.0612409009575,0.921888612399476,1.24632064619035,-7.69780980241035,0,1.00900000000001
"S1",500,0.5,1,0.8,906,0.451272840785759,1.05288340801948,0.742247082601275,-38.2832395823218,0,1.14799999999997
"S1",500,0.5,1,0.8,907,0.389781770031462,1.02061779477443,0.675896651883961,-24.4287032159068,0,1.01599999999996
"S1",500,0.5,1,0.8,908,0.633489337765643,1.0206835088115,1.02339098504705,4.94864480420199,0,0.978000000000009
"S1",500,0.5,1,0.8,909,0.309908878232688,0.936234758793012,0.566962239745732,19.2679817601336,0,1.06599999999997
"S1",500,0.5,1,0.8,910,0.390331084538725,0.989749290258608,0.668493439694098,-17.1873757018254,0,1.048
"S1",500,0.5,1,0.8,911,0.448522145728062,0.956860597498041,0.722155141448329,-19.5284300300043,0,1.06399999999996
"S1",500,0.5,1,0.8,912,0.57720226587001,0.992685219112983,0.841605290885981,-49.4342833675845,0,1.12200000000001
"S1",500,0.5,1,0.8,913,0.601203885838889,1.02894135319845,0.923326791273057,-27.9812076190991,0,0.988
"S1",500,0.5,1,0.8,914,0.489588102122255,1.0017943638729,0.752679200742154,-46.9196399094691,0,1.09800000000001
"S1",500,0.5,1,0.8,915,0.522573340193398,1.00164417910412,0.814571085258436,-33.0473108586259,0,1.02699999999999
"S1",500,0.5,1,0.8,916,0.389397467338712,1.02801176649937,0.607354881956448,-78.2937608204167,0,1.14400000000001
"S1",500,0.5,1,0.8,917,4.1914422962589,0.880910604275216,1.96392231649101,-10.9539108449239,0,1.11499999999995
"S1",500,0.5,1,0.8,918,0.291421015032886,0.983976465575451,0.498735649253237,-48.4686708652976,0,1.08999999999997
"S1",500,0.5,1,0.8,919,0.350500295739083,1.0029840419789,0.646210607254715,1.48065641035396,0,1.12599999999998
"S1",500,0.5,1,0.8,920,0.26368091014426,1.02271061347814,0.455350403813677,-58.1343230448007,0,1.298
"S1",500,0.5,1,0.8,921,0.730228916351074,0.953315883300252,1.04288908837087,-0.724687330037568,0,0.993999999999971
"S1",500,0.5,1,0.8,922,0.488649665445045,1.05559186642963,0.774942551720989,-54.4107116733867,0,1.04899999999998
"S1",500,0.5,1,0.8,923,0.554565256666047,1.00776674040606,0.796845414999091,-61.5536028096484,0,1.06700000000001
"S1",500,0.5,1,0.8,924,0.691110198832099,0.985385484224904,1.03501114166471,1.84918949524501,0,1.05000000000001
"S1",500,0.5,1,0.8,925,0.278893799702751,1.04936264143381,0.603064335202608,40.8425726883462,0,1.12400000000002
"S1",500,0.5,1,0.8,926,0.742798044023898,1.04714501440072,1.12669089076495,-5.18607171125541,0,1.03700000000003
"S1",500,0.5,1,0.8,927,0.344644233739392,1.11502333486633,0.697972715781352,11.2440026332773,0,1.24900000000002
"S1",500,0.5,1,0.8,928,1.15582803766663,0.9565492818814,1.30400089322858,-24.5783622547385,0,1.04299999999995
"S1",500,0.5,1,0.8,929,0.931847861920681,0.995974465741591,1.25179998132116,-2.70175395731314,0,1.089
"S1",500,0.5,1,0.8,930,0.654873188177576,0.981719997827289,0.926478347640842,-35.5148681129044,0,1.13800000000003
"S1",500,0.5,1,0.8,931,0.211673851604933,1.03065514214293,0.408705408492685,-29.4849817189746,0,1.11900000000003
"S1",500,0.5,1,0.8,932,0.451921400905176,0.975716351355744,0.70022558335592,-45.9708673782068,0,1.04500000000002
"S1",500,0.5,1,0.8,933,0.453354925960107,0.947755635049986,0.772150733584529,20.8215803344533,0,1.07499999999999
"S1",500,0.5,1,0.8,934,0.408210263483983,1.05887262587752,0.786160654948352,14.2608418299803,0,1.01599999999996
"S1",500,0.5,1,0.8,935,0.396343705661403,1.00735836814899,0.719732804445837,8.30792993026932,0,1.01999999999998
"S1",500,0.5,1,0.8,936,0.739018088024927,1.01118210098914,1.06960325210772,-13.1742388399549,0,1.024
"S1",500,0.5,1,0.8,937,1.02598106371277,0.929923974832165,1.17709128362524,-35.4087993724506,0,0.978000000000009
"S1",500,0.5,1,0.8,938,0.590624807427227,0.951695131298593,0.838789703317357,-47.1328428431725,0,0.970000000000027
"S1",500,0.5,1,0.8,939,0.646172365327272,0.970218976906744,0.977413220316963,3.47634762026598,0,0.97399999999999
"S1",500,0.5,1,0.8,940,0.514442059689251,0.999800121373463,0.789600761480982,-41.9156512156715,0,0.993999999999971
"S1",500,0.5,1,0.8,941,0.395773976711499,1.04503849556344,0.630639758099994,-69.619957293863,0,1.03899999999999
"S1",500,0.5,1,0.8,942,0.772851732938481,0.960683648548574,1.05466112134568,-15.6603833553265,0,0.975000000000023
"S1",500,0.5,1,0.8,943,0.920578605233347,0.953373152920561,1.15485507205588,-19.4556894408165,0,1.01300000000003
"S1",500,0.5,1,0.8,944,0.323051946638989,1.06834118877183,0.657376325250247,18.041841865571,0,1.101
"S1",500,0.5,1,0.8,945,0.873371349134096,0.944163063665672,1.10651613574188,-24.482479574707,0,1.06999999999999
"S1",500,0.5,1,0.8,946,0.74462688173104,1.02264409015108,1.13476224299232,5.51190497972038,0,1.08199999999999
"S1",500,0.5,1,0.8,947,1.80765297245942,0.925231324026713,1.57074877241987,-19.4346981748743,0,0.984000000000037
"S1",500,0.5,1,0.8,948,0.620363197471923,1.00347445004499,0.963136439326979,-6.5287916012179,0,1.17800000000005
"S1",500,0.5,1,0.8,949,0.249647011259175,1.03666033701613,0.458821809443648,-40.1183221118964,0,1.14799999999997
"S1",500,0.5,1,0.8,950,1.04835348193411,0.995718290947069,1.36452128276984,12.8104335555654,0,1.06099999999998
"S1",500,0.5,1,0.8,951,0.772722858027762,0.925901467183869,1.00787772014402,-22.9387930404721,0,1.12399999999997
"S1",500,0.5,1,0.8,952,0.333502396049652,0.981450976574248,0.601253736357429,1.21334309074973,0,1.20999999999998
"S1",500,0.5,1,0.8,953,0.36875720463116,1.05751595272406,0.617398624764032,-63.6962449814926,0,1.173
"S1",500,0.5,1,0.8,954,1.00476717539648,0.933811544471386,1.29066475157671,18.3481089579944,0,0.990000000000009
"S1",500,0.5,1,0.8,955,0.281093043636838,1.02564056061113,0.483212200535566,-60.1676418797795,0,1.07299999999998
"S1",500,0.5,1,0.8,956,0.199657034596961,0.975852084261466,0.384965672019592,-10.3983696902058,0,1.03100000000001
"S1",500,0.5,1,0.8,957,0.540503077580396,0.948685100539464,0.755747903492717,-62.3746183710541,0,1.11099999999999
"S1",500,0.5,1,0.8,958,0.391166479053548,0.98649781033243,0.578350516590099,-92.2983890259801,0,1.11000000000001
"S1",500,0.5,1,0.8,959,0.650197724534581,0.959070204154569,0.952609435000811,-8.28507491165692,0,1.19
"S1",500,0.5,1,0.8,960,0.404131466386512,1.02556589213054,0.722036509800222,-12.559004208559,0,1.27499999999998
"S1",500,0.5,1,0.8,961,1.79576398792585,0.908907565058697,1.55967517198427,-15.1544964155795,0,1.06
"S1",500,0.5,1,0.8,962,0.482130171769523,1.06936091012816,0.791460521184056,-43.1756947563982,0,1.19
"S1",500,0.5,1,0.8,963,0.544952466094479,0.973457358723965,0.812961647477969,-34.8533297716807,0,1.065
"S1",500,0.5,1,0.8,964,0.82470049450634,0.95790582171982,1.07468057749621,-23.369965888573,0,1.137
"S1",500,0.5,1,0.8,965,0.419253198049433,1.05070561870557,0.747024695956412,-14.7777317049944,0,1.02599999999995
"S1",500,0.5,1,0.8,966,0.295979661962583,1.06301827894096,0.551263426250836,-31.0663221434188,0,1.125
"S1",500,0.5,1,0.8,967,0.562444984813607,0.988746342256831,0.853595442965169,-31.245775712268,0,1.00099999999998
"S1",500,0.5,1,0.8,968,0.838388856233061,0.995143822112502,1.04221238119219,-59.9865824289597,0,1.08299999999997
"S1",500,0.5,1,0.8,969,0.551962155901097,0.929067533754332,0.74821664859263,-75.0966826700219,0,1.06
"S1",500,0.5,1,0.8,970,0.910148944619341,0.990290501470403,1.13891217493136,-38.6585425995371,0,0.976999999999975
"S1",500,0.5,1,0.8,971,0.915386998973261,0.975718802845271,1.23508117386446,7.94933496879162,0,1.04599999999999
"S1",500,0.5,1,0.8,972,0.30395675804076,0.992172403970418,0.544050150425555,-22.9693646168064,0,1.05000000000001
"S1",500,0.5,1,0.8,973,0.652874085191075,0.940339780042981,1.01372329744575,33.8001798057772,0,1.08199999999999
"S1",500,0.5,1,0.8,974,0.57311332928799,0.961463944063256,0.841521224183842,-32.951343043007,0,1.12400000000002
"S1",500,0.5,1,0.8,975,0.290124864114995,0.971911067093098,0.514216858841519,-14.975776770665,0,1.13
"S1",500,0.5,1,0.8,976,1.23227430960142,0.966027386092648,1.36488072722751,-17.9764682876676,0,0.995999999999981
"S1",500,0.5,1,0.8,977,0.669662409831886,0.976615313478868,0.937844412839458,-38.4901394385747,0,0.968000000000018
"S1",500,0.5,1,0.8,978,0.365068905862939,1.01715743017666,0.657151567798938,-12.6686497825523,0,1.06599999999997
"S1",500,0.5,1,0.8,979,0.500155872028415,0.999189733238644,0.803153691572939,-23.3067495834624,0,1.065
"S1",500,0.5,1,0.8,980,0.354758971412641,1.03821021017798,0.624113404897974,-33.1163946646303,0,1.10699999999997
"S1",500,0.5,1,0.8,981,0.887676234841024,1.02939889228579,1.25568290997619,4.07742330484359,0,1.0200000000001
"S1",500,0.5,1,0.8,982,0.223513737113328,0.980685209254079,0.387890619268386,-57.8602882617247,0,1.12799999999993
"S1",500,0.5,1,0.8,983,0.221358331792157,1.00850024796834,0.385073892790697,-60.8711197182557,0,1.15999999999997
"S1",500,0.5,1,0.8,984,0.0893479444641052,1.13010697179392,0.201563439369801,-23.314781121086,0,1.11699999999996
"S1",500,0.5,1,0.8,985,0.375946806379939,1.07258522428657,0.676430827693687,-28.1797042702218,0,1.06200000000001
"S1",500,0.5,1,0.8,986,0.898746765495788,0.999646525611835,1.17206914875433,-21.3146623992531,0,1
"S1",500,0.5,1,0.8,987,0.663614548331167,1.02829214113266,0.934119709686713,-52.430436754668,0,1.11299999999994
"S1",500,0.5,1,0.8,988,0.698905859400751,0.955558157721145,0.917150200391024,-56.2467769439609,0,1.04699999999991
"S1",500,0.5,1,0.8,989,0.715415140525839,0.979305395074969,0.944408071939124,-56.7192711498437,0,1.08299999999997
"S1",500,0.5,1,0.8,990,0.680424292640678,1.01582616499038,0.99575409415545,-26.9062375296493,0,1.12700000000007
"S1",500,0.5,1,0.8,991,2.9861906969396,0.893573289060832,1.76247659041996,-30.6309403829949,0,1.25999999999999
"S1",500,0.5,1,0.8,992,0.41123342685481,1.03523990578101,0.632579519386572,-75.9940163192095,0,1.06400000000008
"S1",500,0.5,1,0.8,993,0.495402147392688,0.975242360830801,0.751719886087137,-42.1631832130274,0,1.07600000000002
"S1",500,0.5,1,0.8,994,0.545628600285118,1.02136354103016,0.835463191048971,-43.3638834330552,0,1.077
"S1",500,0.5,1,0.8,995,0.671584992577312,0.981770852829301,0.951861989587367,-30.5939002684896,0,1.19799999999998
"S1",500,0.5,1,0.8,996,0.428369036823468,1.00919673809694,0.652828041070789,-69.1181209638745,0,1.20299999999997
"S1",500,0.5,1,0.8,997,0.2243517691405,1.04496854884628,0.444217398775076,-17.319502441636,0,1.23500000000001
"S1",500,0.5,1,0.8,998,0.411134851359755,1.08140082497849,0.761080211711624,-4.39314993635969,0,1.11000000000001
"S1",500,0.5,1,0.8,999,0.990364897105827,1.00919651628293,1.23241655126833,-29.861950596955,0,1.02300000000002
"S1",500,0.5,1,0.8,1000,1.91231123780889,1.00532269292397,1.73680668376306,-4.60457472027883,0,1.13400000000001
