"scenario","n","alpha_true","beta_true","lambda_true","replication","alpha_hat","beta_hat","lambda_hat","logLik","convergence","seconds"
"S1",1000,0.5,1,0.8,1,0.456214245036788,0.955984466443873,0.719358181843514,-63.5275315260271,0,1.8599999999999
"S1",1000,0.5,1,0.8,2,0.326012534967192,1.04187063780526,0.617450867768564,-5.226784728143,0,1.76200000000006
"S1",1000,0.5,1,0.8,3,0.614410924717643,1.0141869666413,0.966441612570354,-14.9740500156456,0,1.78899999999999
"S1",1000,0.5,1,0.8,4,0.548831459679766,0.986482933844422,0.755142366950222,-158.68547621381,0,1.74299999999994
"S1",1000,0.5,1,0.8,5,0.675152918760389,0.977874651419751,0.982100091477289,-29.5319981702246,0,1.68400000000008
"S1",1000,0.5,1,0.8,6,0.588974278694553,0.947532108189825,0.82207620511015,-94.1296341586308,0,1.77300000000002
"S1",1000,0.5,1,0.8,7,0.569804292592983,1.01098870759022,0.848680697388581,-87.2870164994642,0,1.846
"S1",1000,0.5,1,0.8,8,0.163236973887927,1.01997760675179,0.315256264600233,-57.0448036167766,0,1.73900000000003
"S1",1000,0.5,1,0.8,9,0.721272899867612,1.02299896009857,1.13261611712514,33.3767684999414,0,1.63099999999997
"S1",1000,0.5,1,0.8,10,0.771467534710948,0.982361320444748,1.03291875869855,-68.2779940428327,0,1.70299999999997
"S1",1000,0.5,1,0.8,11,0.431940123245013,1.05785577981417,0.741846679070686,-52.9660891107385,0,1.70699999999999
"S1",1000,0.5,1,0.8,12,0.680205591935241,1.00878664281631,1.01690167743844,-30.1791637326667,0,1.72800000000007
"S1",1000,0.5,1,0.8,13,0.586057322359301,1.02685770720231,0.953140101740009,-5.14967067736166,0,1.62
"S1",1000,0.5,1,0.8,14,0.491116886254007,0.993214586143012,0.773206550219179,-67.2349327913819,0,1.78099999999995
"S1",1000,0.5,1,0.8,15,0.721343078976077,0.995776229292892,1.04075870969099,-30.8835533273395,0,1.70999999999992
"S1",1000,0.5,1,0.8,16,0.654324317674203,0.997442116190122,0.969257545695634,-36.3810245166489,0,1.92499999999995
"S1",1000,0.5,1,0.8,17,0.403007658252108,1.02428812119339,0.690076651192421,-54.5187471393328,0,1.95500000000004
"S1",1000,0.5,1,0.8,18,0.702040704499052,0.967751519446819,0.943938109618103,-89.3954244716408,0,1.73900000000003
"S1",1000,0.5,1,0.8,19,0.668945700562078,1.04698493799561,1.01235434087274,-39.8775043988846,0,1.74000000000001
"S1",1000,0.5,1,0.8,20,0.429082003685063,0.966566919760918,0.670127334135343,-90.2151626842026,0,1.71500000000003
"S1",1000,0.5,1,0.8,21,0.985692564025009,0.951721753229141,1.2014177157849,-35.6283718462198,0,1.79200000000003
"S1",1000,0.5,1,0.8,22,0.455952900960203,1.01927518782832,0.787968993706111,-16.7953817906564,0,1.80799999999999
"S1",1000,0.5,1,0.8,23,0.302470537279828,1.01545627260377,0.560860300746375,-23.4413553073732,0,1.77700000000004
"S1",1000,0.5,1,0.8,24,0.647408076156949,0.975068532955717,0.930944182847985,-58.5505125674258,0,1.82600000000002
"S1",1000,0.5,1,0.8,25,0.58603635481456,0.98329076179753,0.881060668790827,-52.7670120758628,0,1.78700000000003
"S1",1000,0.5,1,0.8,26,0.833328761607776,0.981216201571208,1.05142547678259,-103.916541597033,0,1.80500000000006
"S1",1000,0.5,1,0.8,27,0.218300506918445,1.10111103010724,0.48599081447605,39.0730570722953,0,1.91099999999994
"S1",1000,0.5,1,0.8,28,0.443966243507396,1.01891802888604,0.798960639973834,22.2051149100619,0,1.62700000000007
"S1",1000,0.5,1,0.8,29,0.416631347300367,1.02344133228204,0.730560624159597,-19.3953172733773,0,1.66100000000006
"S1",1000,0.5,1,0.8,30,0.515665738343279,1.00761536704215,0.824667654658271,-40.2978596641653,0,1.86299999999994
"S1",1000,0.5,1,0.8,31,0.642685596638668,0.966464183132067,0.87851023586978,-105.183585305485,0,1.80899999999997
"S1",1000,0.5,1,0.8,32,0.37216868061209,1.03514858854742,0.646552138129099,-63.3450746965766,0,1.69899999999996
"S1",1000,0.5,1,0.8,33,0.358917373722985,1.06050462207136,0.650621224289548,-46.7093833260051,0,1.57900000000006
"S1",1000,0.5,1,0.8,34,0.248061990694634,1.04125714917951,0.48991344951841,-14.6981366699242,0,1.88
"S1",1000,0.5,1,0.8,35,0.53118656216861,0.968623379099178,0.807067575447245,-55.1424355583265,0,1.83299999999997
"S1",1000,0.5,1,0.8,36,0.645554834105606,0.993358701587234,0.94064742309771,-61.1332308392064,0,1.721
"S1",1000,0.5,1,0.8,37,0.353786340977528,1.04392085080186,0.650653132254473,-16.7520176588689,0,1.83000000000004
"S1",1000,0.5,1,0.8,38,0.851877925384884,0.963122906593144,1.03667297493513,-110.043296956836,0,1.75999999999999
"S1",1000,0.5,1,0.8,39,0.46048012361654,1.00057880460884,0.725002552579825,-84.7806019041018,0,1.75900000000001
"S1",1000,0.5,1,0.8,40,0.471204286837993,1.0445452851029,0.733799059738932,-117.026644293661,0,1.774
"S1",1000,0.5,1,0.8,41,0.495052696102743,1.01143959127434,0.748243469302713,-119.259761869266,0,1.63100000000009
"S1",1000,0.5,1,0.8,42,0.604397207034195,1.00931474706408,0.883450309171025,-88.9910810763581,0,1.62900000000002
"S1",1000,0.5,1,0.8,43,0.279833738749105,1.01378061412395,0.480461057818149,-113.838022585249,0,1.75800000000004
"S1",1000,0.5,1,0.8,44,0.576661605994601,0.99906425098599,0.841913270476882,-97.0622809968002,0,1.678
"S1",1000,0.5,1,0.8,45,0.418276971352541,1.0239462446302,0.721098174347024,-39.9501735986587,0,1.66600000000005
"S1",1000,0.5,1,0.8,46,0.410272963595777,1.02328763362759,0.747345661548408,16.1958209867728,0,1.63999999999999
"S1",1000,0.5,1,0.8,47,0.5007318937499,0.993930319220258,0.744131297165291,-124.235527154382,0,1.54899999999998
"S1",1000,0.5,1,0.8,48,1.05849312816267,0.943772731560004,1.14761719732986,-123.081610555156,0,1.54300000000001
"S1",1000,0.5,1,0.8,49,0.460452270348439,1.0391437864729,0.809664246479434,-6.80940938152139,0,1.654
"S1",1000,0.5,1,0.8,50,0.288557834752164,1.00599303024827,0.542868009110777,-10.5623729158926,0,1.81200000000001
"S1",1000,0.5,1,0.8,51,0.495705083429471,1.01705920702956,0.752683876199162,-112.123884645027,0,1.85800000000006
"S1",1000,0.5,1,0.8,52,0.753321074735293,0.944102394531926,1.00585925122664,-54.5366715168809,0,1.70899999999995
"S1",1000,0.5,1,0.8,53,0.392045362328382,1.01039305781927,0.68391034075817,-38.2874314105993,0,1.65100000000007
"S1",1000,0.5,1,0.8,54,0.572719079533117,1.0052381203734,0.875089893437951,-55.3269758103361,0,1.70699999999999
"S1",1000,0.5,1,0.8,55,0.597208216700043,0.974360074407284,0.889734376548051,-47.265244477022,0,1.84100000000001
"S1",1000,0.5,1,0.8,56,0.401037944091485,0.999138485389383,0.692745277155474,-27.1061035474256,0,1.87400000000002
"S1",1000,0.5,1,0.8,57,0.296861197949042,1.03278979797525,0.547926107466047,-53.7198656564522,0,1.72900000000004
"S1",1000,0.5,1,0.8,58,0.96309134650498,0.94758526381508,1.16760378196092,-50.2942697870337,0,1.63600000000008
"S1",1000,0.5,1,0.8,59,0.384732801116119,1.04416249276446,0.686341443320912,-31.8963247242953,0,1.67399999999998
"S1",1000,0.5,1,0.8,60,0.445539952918001,1.02314427147692,0.767426709102875,-21.0874457172426,0,1.721
"S1",1000,0.5,1,0.8,61,0.549598057507291,1.00796543274618,0.807095615504947,-111.68772320642,0,1.56500000000005
"S1",1000,0.5,1,0.8,62,0.401167564695552,1.05303682915927,0.651138165246365,-125.353809614597,0,1.65300000000002
"S1",1000,0.5,1,0.8,63,0.864107696680587,0.979762952788209,1.13088392280262,-45.9845350211285,0,1.61800000000005
"S1",1000,0.5,1,0.8,64,0.324777997927678,0.991716611963931,0.625056302097183,41.1498568292516,0,1.82299999999998
"S1",1000,0.5,1,0.8,65,0.305188716937934,1.00502303953603,0.54961772549866,-50.2603189858821,0,1.68400000000008
"S1",1000,0.5,1,0.8,66,0.492607875851032,1.01697278000526,0.827964371127254,-20.7873687504673,0,1.702
"S1",1000,0.5,1,0.8,67,0.550895306261132,0.997935798450463,0.835649299416435,-69.6123426159263,0,1.73900000000003
"S1",1000,0.5,1,0.8,68,0.316691380873097,1.0117075161348,0.581662606165964,-21.2918164527064,0,1.91700000000003
"S1",1000,0.5,1,0.8,69,0.583012969850334,0.980730067176875,0.847253988611309,-83.9228670123782,0,2.03599999999994
"S1",1000,0.5,1,0.8,70,0.442741648215026,0.987810038046341,0.727549291037378,-45.3996442579512,0,1.60899999999992
"S1",1000,0.5,1,0.8,71,0.607278788898877,0.983163902437153,0.892261380605173,-62.7191523515396,0,1.65299999999991
"S1",1000,0.5,1,0.8,72,0.451187459858476,1.02837392988621,0.784040618483498,-12.2408425095887,0,1.71999999999991
"S1",1000,0.5,1,0.8,73,0.575688619297057,0.98463607458471,0.925118720570617,10.2801887847622,0,1.61599999999999
"S1",1000,0.5,1,0.8,74,0.582436095860844,0.976392316754867,0.877251187574921,-45.9797124471766,0,1.63400000000001
"S1",1000,0.5,1,0.8,75,0.626269981194051,0.954943684333532,0.942773113858921,-5.41395717654927,0,1.65800000000002
"S1",1000,0.5,1,0.8,76,0.373943565764743,1.0261440509198,0.60279707098709,-127.932467916617,0,1.64099999999996
"S1",1000,0.5,1,0.8,77,0.367501046405757,1.03868120158219,0.614033361792409,-101.981345718861,0,1.89299999999992
"S1",1000,0.5,1,0.8,78,0.804379097607617,0.968395937148546,1.04481991750335,-71.5307765083894,0,1.7349999999999
"S1",1000,0.5,1,0.8,79,1.15077359914227,0.964571940026892,1.29831451809344,-51.3111114620674,0,1.64699999999993
"S1",1000,0.5,1,0.8,80,0.429109871091468,1.01072315019822,0.698674082634874,-67.8483274249447,0,1.66700000000003
"S1",1000,0.5,1,0.8,81,0.546342347219968,0.959437565848781,0.792638060521881,-87.771372200519,0,1.72400000000005
"S1",1000,0.5,1,0.8,82,0.62310524250232,0.99151229514214,0.943147495454903,-18.8258306183254,0,1.62900000000002
"S1",1000,0.5,1,0.8,83,0.396500043205946,0.996233055504514,0.68876359844197,-22.3005345077202,0,2.01600000000008
"S1",1000,0.5,1,0.8,84,0.611224631982255,0.976524001592323,0.951239968555116,-0.611335952349464,0,1.59799999999996
"S1",1000,0.5,1,0.8,85,0.42600580309201,1.05460095005109,0.729419710867934,-54.1457171623738,0,1.64300000000003
"S1",1000,0.5,1,0.8,86,0.359132157500871,1.02411772856953,0.645217197843995,-22.6203509624652,0,1.76700000000005
"S1",1000,0.5,1,0.8,87,0.424050855454708,1.01281790252907,0.733779650850352,-27.4459100399374,0,1.72500000000002
"S1",1000,0.5,1,0.8,88,0.426105343665243,1.033995769994,0.715568572633447,-68.8790915925756,0,1.76700000000005
"S1",1000,0.5,1,0.8,89,0.369205505807949,1.00212798500944,0.608598857741115,-97.2291101620085,0,1.86199999999997
"S1",1000,0.5,1,0.8,90,0.453180903060102,1.00537436654776,0.737786015899551,-62.4151208482845,0,1.66699999999992
"S1",1000,0.5,1,0.8,91,0.261115733003188,1.0717794372617,0.507881964472244,-34.1321558811874,0,1.69899999999996
"S1",1000,0.5,1,0.8,92,0.463943031653246,0.995398479623445,0.776772375865111,-7.4607076926286,0,1.79300000000001
"S1",1000,0.5,1,0.8,93,0.397779468056146,1.00203569821559,0.631295685176354,-114.935479695993,0,1.9670000000001
"S1",1000,0.5,1,0.8,94,0.336036708002009,1.03102419876304,0.624851978415747,-13.8249903676895,0,1.79200000000003
"S1",1000,0.5,1,0.8,95,0.527046312378078,1.02872130455746,0.841425996219945,-54.4543687106184,0,1.76099999999997
"S1",1000,0.5,1,0.8,96,0.762341858887765,0.977355616924855,1.06345352746295,-29.5999536856853,0,1.76300000000003
"S1",1000,0.5,1,0.8,97,0.432225490261041,1.01872193079189,0.805251217553856,45.4055671544318,0,1.72799999999995
"S1",1000,0.5,1,0.8,98,1.35072297376966,0.929992229309945,1.35304684402089,-62.1600456558904,0,1.68299999999999
"S1",1000,0.5,1,0.8,99,0.223027148048653,1.00596379419972,0.430815860059742,-24.492539892864,0,1.82100000000003
"S1",1000,0.5,1,0.8,100,1.10855805652253,0.959615472971099,1.26929334046798,-50.9689491940262,0,1.60000000000002
"S1",1000,0.5,1,0.8,101,0.480497341584344,1.01152589117455,0.787618568096213,-45.8759057973275,0,1.74199999999996
"S1",1000,0.5,1,0.8,102,0.288966326815522,1.0515573824507,0.585365474338183,25.4737276052513,0,1.81299999999999
"S1",1000,0.5,1,0.8,103,0.540976473158464,0.931194686581401,0.767810813969319,-90.2901362036889,0,1.69599999999991
"S1",1000,0.5,1,0.8,104,0.874423639528111,0.96730454725058,1.13217012359354,-36.6728425300021,0,1.65599999999995
"S1",1000,0.5,1,0.8,105,0.300763690232945,0.959507307686558,0.500568840313288,-90.7926701845195,0,1.79299999999989
"S1",1000,0.5,1,0.8,106,0.444642138305409,1.02315243008469,0.758370149281517,-32.9863564355842,0,1.59499999999991
"S1",1000,0.5,1,0.8,107,0.288506458576955,0.993879002449075,0.501899814916732,-77.253456501091,0,1.83000000000004
"S1",1000,0.5,1,0.8,108,1.02427352494229,0.958091191139383,1.24527652426827,-30.3132286636446,0,1.68099999999993
"S1",1000,0.5,1,0.8,109,0.530964023142233,0.967951175707471,0.772943124183023,-103.878519050723,0,1.74399999999991
"S1",1000,0.5,1,0.8,110,0.693481521591875,1.01668238812752,1.07231066531595,10.2160073899074,0,1.84099999999989
"S1",1000,0.5,1,0.8,111,0.834094294850883,0.933987199073188,1.05563976305094,-61.4627306547013,0,1.53999999999996
"S1",1000,0.5,1,0.8,112,0.494960949075241,1.01142587273016,0.780341131702766,-75.5176127156537,0,1.92000000000007
"S1",1000,0.5,1,0.8,113,0.56843944141831,0.973971093171284,0.781294518609178,-151.612519029444,0,1.88799999999992
"S1",1000,0.5,1,0.8,114,0.779933862065419,1.0163283188057,1.06997538748295,-69.8065345432492,0,1.88999999999999
"S1",1000,0.5,1,0.8,115,0.737824137167581,0.995696710292425,1.00062795935701,-85.2439960156617,0,1.83600000000001
"S1",1000,0.5,1,0.8,116,0.22952259791432,1.03673987830624,0.455246953315845,-20.8192660902964,0,2.27800000000002
"S1",1000,0.5,1,0.8,117,0.539440019930969,0.989233010564271,0.909106088052657,38.2964162722669,0,2.03300000000002
"S1",1000,0.5,1,0.8,118,0.186197141138498,1.0249700747519,0.389872009500651,20.4519362456235,0,1.92600000000004
"S1",1000,0.5,1,0.8,119,0.250577047160258,1.0402348883228,0.42825008861816,-143.090660086576,0,1.96699999999998
"S1",1000,0.5,1,0.8,120,0.32144401512867,1.01273059816204,0.58793475137409,-30.7432106572201,0,1.68899999999996
"S1",1000,0.5,1,0.8,121,0.449708754427757,1.02281806798542,0.744880924349104,-68.9279718410846,0,1.70699999999999
"S1",1000,0.5,1,0.8,122,0.275189713740256,1.00697204606243,0.4748817831763,-97.4355721911179,0,1.90100000000007
"S1",1000,0.5,1,0.8,123,0.646654615338608,0.969321639626438,0.926865523357757,-62.6132013067536,0,1.73400000000004
"S1",1000,0.5,1,0.8,124,0.229557657670523,1.03338122623553,0.435687571769937,-60.2170649364057,0,1.82000000000005
"S1",1000,0.5,1,0.8,125,0.439872126327878,1.03581954361123,0.806499877566207,25.3722183231214,0,1.82899999999995
"S1",1000,0.5,1,0.8,126,0.3904383966728,1.02174038254319,0.630658339934514,-118.210760148845,0,1.79399999999998
"S1",1000,0.5,1,0.8,127,0.56771669421366,1.05893147122221,0.975957300672851,20.3313869030826,0,1.66600000000005
"S1",1000,0.5,1,0.8,128,1.23911565173245,0.953275230323072,1.37340296767631,-24.9275908508828,0,1.63900000000001
"S1",1000,0.5,1,0.8,129,0.60486256199765,1.01251156833403,0.958357988465559,-5.32875370294551,0,1.89599999999996
"S1",1000,0.5,1,0.8,130,0.433039874638466,1.05257191542976,0.754246593838949,-39.8924022205385,0,1.73900000000003
"S1",1000,0.5,1,0.8,131,0.523417623341768,1.01582294202806,0.820671020437442,-66.1534660444461,0,1.73400000000004
"S1",1000,0.5,1,0.8,132,0.504105252614809,1.00619385789227,0.860221366903349,17.1883058108726,0,1.71500000000003
"S1",1000,0.5,1,0.8,133,0.525235672925743,1.02077779150351,0.858279031168078,-27.9800171596039,0,2
"S1",1000,0.5,1,0.8,134,0.556089486370317,1.0121998351733,0.869629504376671,-50.6668569046276,0,1.65600000000006
"S1",1000,0.5,1,0.8,135,0.549114079911326,0.998525078571859,0.784730894068167,-139.817546096987,0,1.91300000000001
"S1",1000,0.5,1,0.8,136,0.437908219184105,1.02123319264723,0.710649054373295,-84.6314832926225,0,1.82799999999997
"S1",1000,0.5,1,0.8,137,0.591290884491271,0.962785527232178,0.826065800034937,-106.420610268878,0,1.77799999999991
"S1",1000,0.5,1,0.8,138,0.309573967570696,1.01070159815304,0.53583919558433,-82.053538992034,0,1.71799999999996
"S1",1000,0.5,1,0.8,139,0.682935157267415,0.932744778707773,0.949589728832639,-26.5512099282621,0,1.67500000000007
"S1",1000,0.5,1,0.8,140,0.291688223884774,1.02308160376256,0.548861260054005,-32.7538787253736,0,1.80899999999997
"S1",1000,0.5,1,0.8,141,0.36747962742698,1.00763053514511,0.581834669811615,-130.53157961492,0,1.75
"S1",1000,0.5,1,0.8,142,0.791176924933648,0.963637042411655,1.12282434015036,14.1747540343463,0,1.68899999999996
"S1",1000,0.5,1,0.8,143,0.335367053375701,1.02241007819078,0.621765457003206,-18.4783650388865,0,1.73900000000003
"S1",1000,0.5,1,0.8,144,0.5619625245582,1.01634283146774,0.886637346679323,-37.9782791771315,0,1.88800000000003
"S1",1000,0.5,1,0.8,145,0.519390181894126,1.0134100218735,0.879247142645451,8.481481405365,0,1.80499999999995
"S1",1000,0.5,1,0.8,146,0.7899969890924,0.95569429992757,1.0005265831229,-102.780244743305,0,1.73399999999992
"S1",1000,0.5,1,0.8,147,0.527903310020786,0.981074836489833,0.76328564330509,-122.447075131586,0,1.67400000000009
"S1",1000,0.5,1,0.8,148,0.223722823513454,1.03971849461168,0.418460040692653,-86.0939502865842,0,1.67100000000005
"S1",1000,0.5,1,0.8,149,0.804181246201122,0.981163911830511,1.11918437258266,-13.6551968877054,0,1.96399999999994
"S1",1000,0.5,1,0.8,150,0.271451140716487,1.00617935286273,0.502420056869038,-28.3125258918853,0,1.87300000000005
"S1",1000,0.5,1,0.8,151,0.580324786871852,0.961679266424023,0.865883823821961,-41.0571846155801,0,1.81200000000001
"S1",1000,0.5,1,0.8,152,0.403037948896578,1.01985052455821,0.664088658359043,-77.8965634898129,0,1.9910000000001
"S1",1000,0.5,1,0.8,153,0.589830887769871,0.995941093162173,0.965525292749783,36.8427267439076,0,2.13599999999997
"S1",1000,0.5,1,0.8,154,0.995060277616892,0.934806639460915,1.25708153156474,13.7567746436621,0,1.745
"S1",1000,0.5,1,0.8,155,0.545809977060866,1.01229783770159,0.921595889356632,16.9800151043737,0,1.68000000000006
"S1",1000,0.5,1,0.8,156,0.283659306359089,1.00185992764258,0.526333805683601,-31.4047930729196,0,1.88199999999995
"S1",1000,0.5,1,0.8,157,0.336587808183653,1.03572074806425,0.613308527055537,-37.5221822294679,0,1.66399999999999
"S1",1000,0.5,1,0.8,158,0.582365917275532,0.963487807560489,0.819885067169508,-101.270552847512,0,1.65599999999995
"S1",1000,0.5,1,0.8,159,0.442860094505124,1.03183176412842,0.751787043868993,-47.004337241387,0,1.68099999999993
"S1",1000,0.5,1,0.8,160,0.563433891771323,1.00074742896446,0.932503589662505,20.1068789592516,0,1.73199999999997
"S1",1000,0.5,1,0.8,161,0.563699193924697,1.00036219252937,0.882692846112728,-32.6195786178248,0,1.62400000000002
"S1",1000,0.5,1,0.8,162,0.887902846971958,0.995322659232321,1.21851312476622,0.428577254799393,0,1.75100000000009
"S1",1000,0.5,1,0.8,163,0.744366490692568,0.98278918182973,1.10415084625881,18.109106018992,0,1.76599999999996
"S1",1000,0.5,1,0.8,164,0.933699464163372,0.99168194856394,1.22112148844704,-14.648366678505,0,1.65500000000009
"S1",1000,0.5,1,0.8,165,0.234691533297129,1.06797652280561,0.425756288552458,-112.728566760754,0,1.678
"S1",1000,0.5,1,0.8,166,1.21721559441003,0.944940152177745,1.3254062680128,-50.9008158388094,0,1.65899999999999
"S1",1000,0.5,1,0.8,167,0.40679663527721,0.981098201617211,0.615122193367777,-153.901222725882,0,1.78700000000003
"S1",1000,0.5,1,0.8,168,0.634347558240839,1.00798042172048,0.98450390189786,-10.876658332086,0,1.697
"S1",1000,0.5,1,0.8,169,0.517129166721051,1.00915405562923,0.824982348392483,-51.2891121181503,0,1.87100000000009
"S1",1000,0.5,1,0.8,170,0.321134576960378,0.989993990555351,0.570943987676286,-37.5001683055286,0,1.79899999999998
"S1",1000,0.5,1,0.8,171,0.541400048130077,1.0224138909458,0.950167373014714,49.5637959372882,0,1.72000000000003
"S1",1000,0.5,1,0.8,172,0.556962198655544,0.995266466096817,0.869365747113871,-34.7586271637872,0,1.92400000000009
"S1",1000,0.5,1,0.8,173,0.433380242109413,1.03235710529072,0.724283159154928,-77.3431717873932,0,1.64300000000003
"S1",1000,0.5,1,0.8,174,0.597850795663427,0.996217970119539,0.955757610524108,9.92889087598041,0,1.625
"S1",1000,0.5,1,0.8,175,0.454123413675939,1.01743963130112,0.719389484396982,-95.2203180858419,0,1.75300000000004
"S1",1000,0.5,1,0.8,176,0.28741245650985,1.01645780803893,0.494508855039072,-111.290073897309,0,1.76599999999996
"S1",1000,0.5,1,0.8,177,0.303804664570641,1.0099235633924,0.526784193370897,-90.0985320021255,0,2.11700000000008
"S1",1000,0.5,1,0.8,178,0.689596103629229,1.02703440242024,1.02281564417017,-37.9101314012439,0,1.76699999999994
"S1",1000,0.5,1,0.8,179,0.962286114142178,0.948345684384898,1.18304514661895,-39.5491408049006,0,1.851
"S1",1000,0.5,1,0.8,180,0.61381754942968,1.01024097140645,0.929338054249935,-45.4504085235521,0,1.78800000000001
"S1",1000,0.5,1,0.8,181,0.807406885000479,0.957819224697206,1.06484900351527,-48.4736998498058,0,1.61800000000005
"S1",1000,0.5,1,0.8,182,0.570225296413751,1.0089224296256,0.870389986842747,-61.431373870997,0,1.91300000000001
"S1",1000,0.5,1,0.8,183,0.442586741023538,1.01615161948514,0.747757362090494,-34.8081890856054,0,1.80600000000004
"S1",1000,0.5,1,0.8,184,0.394050216209779,1.01151883064701,0.697239023913368,-21.8217878120458,0,1.88499999999999
"S1",1000,0.5,1,0.8,185,0.853785708119776,0.98867529101931,1.27600715466466,82.1387513095385,0,1.81100000000004
"S1",1000,0.5,1,0.8,186,0.503112799155056,0.99320897596175,0.783255980821644,-67.2636885148127,0,1.93899999999996
"S1",1000,0.5,1,0.8,187,0.487292790471387,1.01201427181834,0.747384990829434,-104.402613785189,0,1.77299999999991
"S1",1000,0.5,1,0.8,188,0.669792258073715,0.970548187902492,1.02392368800865,28.3450143144721,0,1.75699999999995
"S1",1000,0.5,1,0.8,189,1.01857055644071,0.997642119857642,1.29797986015104,-12.9720635092319,0,1.53700000000003
"S1",1000,0.5,1,0.8,190,0.680126577349295,0.970936565103723,0.911148431771486,-106.559569590019,0,1.67500000000007
"S1",1000,0.5,1,0.8,191,0.629916212567695,0.975480443566828,0.877278946079257,-94.3760932188584,0,1.74199999999996
"S1",1000,0.5,1,0.8,192,0.810858274682202,0.963752019107795,1.06124429365723,-56.8899824658538,0,1.69799999999998
"S1",1000,0.5,1,0.8,193,0.596293119863238,0.964117156475845,0.922909967802846,5.05562087441444,0,1.9799999999999
"S1",1000,0.5,1,0.8,194,0.479057980041693,1.01337780495572,0.771802101757306,-59.3851481918782,0,1.81099999999992
"S1",1000,0.5,1,0.8,195,0.743525280313704,1.01489112535727,1.063029705304,-43.8185563276259,0,1.74199999999996
"S1",1000,0.5,1,0.8,196,0.638694436408265,0.985622102384664,0.909572081861838,-82.7850612534126,0,1.74099999999999
"S1",1000,0.5,1,0.8,197,0.563019402910741,1.01888045744876,0.875392842051091,-55.4287906782986,0,1.69000000000005
"S1",1000,0.5,1,0.8,198,0.583207881425516,1.00123368332802,0.811460887323803,-137.512144506479,0,1.68900000000008
"S1",1000,0.5,1,0.8,199,0.342101952509761,0.992875378167854,0.589496768370937,-46.5470739788364,0,1.82299999999998
"S1",1000,0.5,1,0.8,200,0.455896766974526,0.970480450920814,0.682022294686248,-123.145038270153,0,1.67100000000005
"S1",1000,0.5,1,0.8,201,0.351128555263783,1.03849806648381,0.588582027054749,-109.075139834882,0,2.03700000000003
"S1",1000,0.5,1,0.8,202,0.511966156618412,1.01135748090415,0.769252765979585,-99.7754883590908,0,1.90700000000004
"S1",1000,0.5,1,0.8,203,0.388587343836734,1.04129407453442,0.681879312437569,-45.9802471211742,0,1.78200000000004
"S1",1000,0.5,1,0.8,204,0.352075089148367,1.02661769548755,0.598227977725119,-94.872572472578,0,1.86099999999999
"S1",1000,0.5,1,0.8,205,0.501571153658865,1.0033435871927,0.783198539289457,-72.6776908036106,0,1.81200000000001
"S1",1000,0.5,1,0.8,206,0.359114492150466,1.02883790085642,0.63517682812258,-48.6135914045008,0,1.83900000000006
"S1",1000,0.5,1,0.8,207,0.318835167150424,0.982905270586055,0.546352162454559,-75.2859225101399,0,1.68600000000004
"S1",1000,0.5,1,0.8,208,0.681682451863488,0.96324832629412,0.950443244796595,-54.1597271159919,0,1.87
"S1",1000,0.5,1,0.8,209,0.362937280995653,1.02725635396917,0.62431286804723,-63.4268140749098,0,1.73199999999997
"S1",1000,0.5,1,0.8,210,0.321648232298338,1.03170516451873,0.589850776482161,-34.1857474266151,0,1.82399999999996
"S1",1000,0.5,1,0.8,211,0.928597405476867,0.976423133734671,1.23163186572611,6.53672436505053,0,1.68500000000006
"S1",1000,0.5,1,0.8,212,0.730791829592551,1.01421624957304,0.993639337267721,-101.496633159233,0,1.89499999999998
"S1",1000,0.5,1,0.8,213,0.408152165514183,1.02659819591104,0.747654276219138,15.1727271228808,0,1.92600000000004
"S1",1000,0.5,1,0.8,214,0.445614430405423,1.02596169757141,0.728755226278606,-74.6235271176774,0,1.53300000000002
"S1",1000,0.5,1,0.8,215,0.527348321347633,1.01165577346907,0.874852091721808,-5.23304928464017,0,1.66100000000006
"S1",1000,0.5,1,0.8,216,0.988741806548337,0.945018217800458,1.16216308466419,-73.7368495033854,0,1.68399999999997
"S1",1000,0.5,1,0.8,217,0.631139629003966,0.956268537792901,0.854338936368554,-125.388709320639,0,1.81600000000003
"S1",1000,0.5,1,0.8,218,0.696509584173829,0.985885651429669,1.03125135797845,-1.94618851008295,0,2.053
"S1",1000,0.5,1,0.8,219,0.639268931772847,0.993736722647932,0.984923264421555,1.26708639632852,0,1.75999999999999
"S1",1000,0.5,1,0.8,220,0.422236814427452,1.0180715780308,0.716545940285692,-49.1768244554166,0,1.69399999999996
"S1",1000,0.5,1,0.8,221,0.574348876999127,1.01166012016662,0.863845820323126,-80.5018844242106,0,1.70399999999995
"S1",1000,0.5,1,0.8,222,0.78876104352961,0.970474584690775,1.00704837725042,-106.079622099317,0,1.62300000000005
"S1",1000,0.5,1,0.8,223,1.16887469337118,0.989066966668897,1.25134271468398,-110.022720392396,0,1.73000000000002
"S1",1000,0.5,1,0.8,224,0.224450763637777,1.06225474451918,0.448769548789314,-25.9391033733646,0,1.94000000000005
"S1",1000,0.5,1,0.8,225,0.531054384696258,1.01917991664491,0.872347086902173,-16.5793231929952,0,1.73000000000002
"S1",1000,0.5,1,0.8,226,0.758666354163322,1.00481109324676,1.03421414178489,-73.9254834063163,0,1.69299999999998
"S1",1000,0.5,1,0.8,227,0.523633608816438,0.998636684588881,0.819770830995258,-56.1305381129932,0,1.65800000000002
"S1",1000,0.5,1,0.8,228,0.616810284173299,1.01744755083496,0.916620609731574,-75.6841300102551,0,1.73700000000008
"S1",1000,0.5,1,0.8,229,0.379793326890237,0.992731937708218,0.707229104031851,41.9709564043001,0,1.77499999999998
"S1",1000,0.5,1,0.8,230,0.648901964292027,1.01401122368972,0.940728073014274,-75.6386209851073,0,1.76499999999999
"S1",1000,0.5,1,0.8,231,0.613000640417678,0.974484156216341,1.01300527442324,69.1523876182282,0,1.72899999999993
"S1",1000,0.5,1,0.8,232,0.22716532267055,1.03222489025628,0.458328722306536,1.26402253459264,0,1.8599999999999
"S1",1000,0.5,1,0.8,233,0.601257739992214,0.99798020128761,0.93210116136147,-30.1086005415098,0,1.54999999999995
"S1",1000,0.5,1,0.8,234,0.426382588968868,1.00093888642443,0.713470279050412,-42.6518021639295,0,1.83400000000006
"S1",1000,0.5,1,0.8,235,0.470944610872088,1.00254144961548,0.804944807737428,8.44084100423447,0,1.78599999999994
"S1",1000,0.5,1,0.8,236,0.442270501410291,0.995907078182709,0.719230712239871,-58.0625691901007,0,1.649
"S1",1000,0.5,1,0.8,237,0.66161521228278,0.949951064430253,0.952166781729889,-27.196100719782,0,1.58899999999994
"S1",1000,0.5,1,0.8,238,1.10425353218516,0.916760817085734,1.219505125413,-58.144328439671,0,1.58399999999995
"S1",1000,0.5,1,0.8,239,0.984471534310179,0.974651099174234,1.1850930475194,-71.172020540416,0,1.55399999999997
"S1",1000,0.5,1,0.8,240,0.595168667851889,0.974909721000356,0.923788808397162,-6.05476559314184,0,1.74899999999991
"S1",1000,0.5,1,0.8,241,0.508367420907145,1.00613089925383,0.841841473165399,-15.8821882090674,0,1.63499999999999
"S1",1000,0.5,1,0.8,242,1.09997629655933,0.935892444483584,1.24021934644884,-55.864746381774,0,1.69100000000003
"S1",1000,0.5,1,0.8,243,0.413941837142515,0.969941506553641,0.643108828602957,-110.513841622923,0,1.62299999999993
"S1",1000,0.5,1,0.8,244,0.567204240279246,0.98766618692488,0.853501455973457,-57.4578403293731,0,1.72899999999993
"S1",1000,0.5,1,0.8,245,0.529187802443191,0.987811235225775,0.795593702768457,-77.6066245687771,0,1.68000000000006
"S1",1000,0.5,1,0.8,246,0.46710097925643,0.952786229011236,0.70442535877876,-90.9076661427368,0,1.62099999999998
"S1",1000,0.5,1,0.8,247,0.685613723980115,0.988269144811944,0.947895183958472,-95.2228127996339,0,1.64299999999992
"S1",1000,0.5,1,0.8,248,0.443906085308447,1.01875844620037,0.774843236302846,-3.95559499600381,0,1.88100000000009
"S1",1000,0.5,1,0.8,249,0.273720515546773,1.03726750399959,0.507954488956373,-49.8161240700995,0,1.86299999999994
"S1",1000,0.5,1,0.8,250,0.658231507606918,0.98428168273741,0.993700411516709,-8.60132051155438,0,1.66199999999992
"S1",1000,0.5,1,0.8,251,0.464358476944276,1.01548754155151,0.80421408628603,0.524112019568065,0,1.66799999999989
"S1",1000,0.5,1,0.8,252,0.67606721369193,0.998566476561171,1.00546419359139,-15.7433237463702,0,1.68399999999997
"S1",1000,0.5,1,0.8,253,0.353114998615012,1.03485426808665,0.59452980942999,-99.0042061916608,0,2.00700000000006
"S1",1000,0.5,1,0.8,254,0.80231078966483,0.934846286314575,1.02264907709041,-64.9463447908511,0,1.81200000000001
"S1",1000,0.5,1,0.8,255,0.597668136931292,0.953024209064241,0.847122235517039,-78.3887993497067,0,1.82299999999998
"S1",1000,0.5,1,0.8,256,0.582347919571582,0.977449083134953,0.837755845731398,-86.8389264708248,0,1.84199999999998
"S1",1000,0.5,1,0.8,257,0.727205540538285,0.962622625750539,0.995446679001238,-56.8300834111358,0,1.625
"S1",1000,0.5,1,0.8,258,0.30428946534337,1.02328991873527,0.527734786369148,-95.4975688617028,0,1.83699999999999
"S1",1000,0.5,1,0.8,259,0.183738325216611,1.07600219415637,0.385780487880038,-14.6830125081983,0,1.61700000000008
"S1",1000,0.5,1,0.8,260,0.656985885056514,0.972887015487617,0.939522564066646,-55.9054794325787,0,1.67700000000002
"S1",1000,0.5,1,0.8,261,0.427222655606397,0.962601977979953,0.742516900652824,22.1395812205169,0,1.58499999999992
"S1",1000,0.5,1,0.8,262,0.550964864870126,0.98095752656811,0.833394878416399,-60.0891604446183,0,1.85599999999999
"S1",1000,0.5,1,0.8,263,0.604554567434735,1.01561393896214,0.963739026442312,-3.80525078182745,0,1.70799999999997
"S1",1000,0.5,1,0.8,264,0.205088069292991,1.05755440746788,0.439192952081111,26.8517511625682,0,1.69500000000005
"S1",1000,0.5,1,0.8,265,0.64709539829515,0.988921781985266,0.917242052649203,-79.6729825611239,0,1.86500000000001
"S1",1000,0.5,1,0.8,266,1.13720246700993,0.947093230354044,1.26579210101554,-56.4815629401162,0,1.54899999999998
"S1",1000,0.5,1,0.8,267,1.05618724977623,0.956685570209812,1.19528680914457,-84.3304800105782,0,1.52299999999991
"S1",1000,0.5,1,0.8,268,0.764425218641407,0.966439787437823,1.00321491284952,-80.6267906608778,0,1.63099999999997
"S1",1000,0.5,1,0.8,269,0.318554874087189,1.01005335754935,0.570960881491526,-44.5750288630472,0,1.63499999999999
"S1",1000,0.5,1,0.8,270,0.329539482870683,0.99226464913334,0.578367361776729,-45.7019249316199,0,1.8370000000001
"S1",1000,0.5,1,0.8,271,0.568545077807444,0.974839385754381,0.863886116291038,-47.8578030976983,0,1.69200000000001
"S1",1000,0.5,1,0.8,272,0.317041879290984,1.02479095872735,0.53557645423596,-123.799432686724,0,2.01900000000001
"S1",1000,0.5,1,0.8,273,0.291826276709588,1.03620839685445,0.581892559045087,26.6227703649624,0,2
"S1",1000,0.5,1,0.8,274,0.449975376752584,0.978216576838231,0.753479278941061,-10.9900986559771,0,1.75199999999995
"S1",1000,0.5,1,0.8,275,0.336104491952299,0.998787410264904,0.549201345556045,-120.431852419942,0,1.72300000000007
"S1",1000,0.5,1,0.8,276,0.69769515081254,1.00361680121354,1.0523920973307,-4.39435623992222,0,1.67200000000003
"S1",1000,0.5,1,0.8,277,0.431240443799853,1.03700293678591,0.799888280567378,38.4758586626076,0,1.84000000000003
"S1",1000,0.5,1,0.8,278,1.02031792993245,0.984571946448665,1.249776917773,-44.2312176130972,0,1.798
"S1",1000,0.5,1,0.8,279,0.678525417031102,0.964741467752258,0.969557109964561,-38.8529372803298,0,1.67399999999998
"S1",1000,0.5,1,0.8,280,0.449781725075337,0.983674499695456,0.72841659727301,-54.712761857638,0,1.71000000000004
"S1",1000,0.5,1,0.8,281,0.332707677333827,1.01730524555329,0.563890463083057,-97.2461041922522,0,1.83500000000004
"S1",1000,0.5,1,0.8,282,0.490489401529841,1.01918523131211,0.833501991879659,-0.716559606314377,0,1.84400000000005
"S1",1000,0.5,1,0.8,283,0.523004357304885,0.979967087850417,0.854822684479227,6.39579460374807,0,1.63000000000011
"S1",1000,0.5,1,0.8,284,0.562956998779367,0.990802564323571,0.893285824741469,-16.1373248831744,0,1.73099999999999
"S1",1000,0.5,1,0.8,285,0.434470212427365,0.996647680378382,0.725175324021569,-41.2260868690141,0,1.70799999999986
"S1",1000,0.5,1,0.8,286,0.450446146891773,0.990258374803143,0.715079966183261,-71.5671783923328,0,1.83799999999997
"S1",1000,0.5,1,0.8,287,0.503675790716565,1.02180293682641,0.841366418166456,-25.205825436635,0,1.73000000000002
"S1",1000,0.5,1,0.8,288,0.622626361572971,1.02175938741504,0.891586714319126,-103.190969895519,0,1.67899999999986
"S1",1000,0.5,1,0.8,289,1.08270294948683,0.923021870824107,1.26589713702257,-10.6881057041039,0,1.64100000000008
"S1",1000,0.5,1,0.8,290,0.387112954319996,0.993350295825845,0.629934093054379,-94.4167321031869,0,1.62000000000012
"S1",1000,0.5,1,0.8,291,0.4627726314399,1.03073286782177,0.773248619940767,-47.5451076986167,0,1.846
"S1",1000,0.5,1,0.8,292,0.623110146149603,0.997120189201548,0.923603052724158,-54.4764086308896,0,1.67000000000007
"S1",1000,0.5,1,0.8,293,0.678327168539972,0.976963063163627,0.957294911811683,-67.538175799913,0,1.68299999999999
"S1",1000,0.5,1,0.8,294,0.411698125833947,1.00299020110492,0.713305057004585,-15.8900077276983,0,1.76499999999987
"S1",1000,0.5,1,0.8,295,0.720310009171707,0.964380585593249,1.05197741135074,9.70822504200351,0,1.74900000000002
"S1",1000,0.5,1,0.8,296,0.543115628707388,1.0210692868328,0.921040513440972,15.8444435999929,0,1.73199999999997
"S1",1000,0.5,1,0.8,297,0.774890322454022,0.964013328052296,1.07590193047556,-17.3241655490044,0,1.72399999999993
"S1",1000,0.5,1,0.8,298,0.312304331123874,1.04524620062464,0.586466796606995,-33.0047154836395,0,1.58600000000001
"S1",1000,0.5,1,0.8,299,0.51385537457904,1.01012898729909,0.85947847362149,-6.65642337853023,0,1.63300000000004
"S1",1000,0.5,1,0.8,300,0.601870613607421,0.985379010244927,0.945296761363662,1.43507986969394,0,1.73000000000002
"S1",1000,0.5,1,0.8,301,0.963977880722423,0.980118890403155,1.09664716778255,-138.5531995834,0,1.66399999999999
"S1",1000,0.5,1,0.8,302,0.396375657194846,0.992938296689261,0.628247860856971,-103.055051754227,0,1.62300000000005
"S1",1000,0.5,1,0.8,303,0.526286486092185,0.954647188125505,0.800440853683315,-58.7293385742341,0,1.548
"S1",1000,0.5,1,0.8,304,0.598710611967957,0.965756301704835,0.874384110572516,-66.5953394016076,0,1.5329999999999
"S1",1000,0.5,1,0.8,305,0.392631020813458,1.01224267416956,0.674320153574317,-58.4773706309629,0,1.70600000000013
"S1",1000,0.5,1,0.8,306,0.602834612149752,0.962301643891017,0.848091472106659,-99.7478470510011,0,1.58500000000004
"S1",1000,0.5,1,0.8,307,0.20185977060124,1.04782323922625,0.398429679149308,-50.5488634389039,0,1.71100000000001
"S1",1000,0.5,1,0.8,308,0.572271888266796,1.03453095037648,0.922008276334872,-30.6411465670296,0,1.79099999999994
"S1",1000,0.5,1,0.8,309,0.509073517972226,1.03025485642241,0.825144642534306,-49.553967663712,0,1.62699999999995
"S1",1000,0.5,1,0.8,310,0.410530307932404,1.00246245750305,0.70800447800819,-22.3078213395002,0,1.69699999999989
"S1",1000,0.5,1,0.8,311,0.551350754061992,1.01354544994095,0.854447751087539,-61.3015255891507,0,1.63200000000006
"S1",1000,0.5,1,0.8,312,0.352466156353673,1.03997110334026,0.634924936127646,-37.7593549594937,0,1.70700000000011
"S1",1000,0.5,1,0.8,313,0.545507472823193,0.981972740024375,0.857953982977755,-24.8161245282986,0,1.64999999999986
"S1",1000,0.5,1,0.8,314,0.562246868414868,1.02840720443189,0.899393393521712,-36.3806653605743,0,1.76200000000017
"S1",1000,0.5,1,0.8,315,0.672695001174697,0.965762696674842,0.943960338789617,-61.8336792523614,0,1.69899999999984
"S1",1000,0.5,1,0.8,316,0.33600848243209,1.0153564832111,0.608196301283365,-24.8381833227518,0,1.64100000000008
"S1",1000,0.5,1,0.8,317,0.705503310732118,0.961419330491827,0.986839679565035,-46.19666104681,0,1.79600000000005
"S1",1000,0.5,1,0.8,318,0.450648275378867,1.02875213524432,0.749224317488957,-56.5405171124542,0,1.74000000000001
"S1",1000,0.5,1,0.8,319,0.545569119490121,0.970669279228723,0.837600095439132,-46.7326401510543,0,1.62900000000013
"S1",1000,0.5,1,0.8,320,0.270528672995534,1.02973643779937,0.552624860910655,38.1502562008041,0,1.79299999999989
"S1",1000,0.5,1,0.8,321,0.200598455949508,1.0619261973372,0.435685074314707,32.3143773546478,0,1.82500000000005
"S1",1000,0.5,1,0.8,322,0.713494486279359,0.990539069730288,0.991154025027649,-69.3162140944501,0,1.55899999999997
"S1",1000,0.5,1,0.8,323,0.371683663368931,1.02920493171034,0.623033247244473,-93.1053259906446,0,1.69599999999991
"S1",1000,0.5,1,0.8,324,0.557743655933262,0.998518077960529,0.880328267292013,-29.7652055246797,0,1.69100000000003
"S1",1000,0.5,1,0.8,325,0.442427104193995,1.02479190891447,0.755515958255719,-29.7495814106553,0,1.66699999999992
"S1",1000,0.5,1,0.8,326,0.241363894434018,1.06458446082996,0.490353680344132,-15.71114702461,0,1.77299999999991
"S1",1000,0.5,1,0.8,327,0.706772252090974,1.00968199275344,0.973066586648497,-93.9043197223807,0,1.56600000000003
"S1",1000,0.5,1,0.8,328,1.75823077249514,0.909147765723013,1.49241670043361,-62.7693533688621,0,1.67599999999993
"S1",1000,0.5,1,0.8,329,0.379183180358091,1.01948878555949,0.675216161318176,-19.0603726395238,0,1.94899999999984
"S1",1000,0.5,1,0.8,330,0.861294152088303,0.962795399504886,1.04820138529968,-109.224978671777,0,1.59900000000016
"S1",1000,0.5,1,0.8,331,0.752726063340843,0.968400265981826,1.03092494303876,-47.5862195774216,0,1.70699999999988
"S1",1000,0.5,1,0.8,332,0.424589613738011,1.04114153052873,0.718395566912583,-64.6337230844576,0,1.97499999999991
"S1",1000,0.5,1,0.8,333,0.705342072416588,0.96398051793445,0.997587701355703,-32.3518672770927,0,1.72399999999993
"S1",1000,0.5,1,0.8,334,0.609893417363047,1.00654915603793,0.93092884004101,-36.7207234134453,0,1.93499999999995
"S1",1000,0.5,1,0.8,335,0.83286074986395,0.978949240993791,1.1649064732417,9.14411703294559,0,1.55899999999997
"S1",1000,0.5,1,0.8,336,0.238378010654224,1.00824351723551,0.465196100386676,-6.91909738972822,0,1.74800000000005
"S1",1000,0.5,1,0.8,337,0.532740430724438,1.01715556236229,0.86472950643826,-29.0251066937192,0,1.71899999999994
"S1",1000,0.5,1,0.8,338,0.504308904252213,1.01629074062173,0.764543892469002,-118.586828440211,0,1.74399999999991
"S1",1000,0.5,1,0.8,339,0.775789391902589,0.982295688234541,1.07337547853211,-34.3081641214287,0,1.72799999999995
"S1",1000,0.5,1,0.8,340,0.17681244885932,1.05273579451902,0.353509319091286,-47.2904992655674,0,1.86300000000006
"S1",1000,0.5,1,0.8,341,0.181112493314294,1.00185527500989,0.361460951976405,-19.5808979788812,0,1.75699999999995
"S1",1000,0.5,1,0.8,342,0.551374953470938,1.00619266671673,0.898837910613684,-4.65002451307737,0,1.81499999999994
"S1",1000,0.5,1,0.8,343,0.328848020329265,1.0593040508408,0.576066795250622,-96.4422590807897,0,1.7940000000001
"S1",1000,0.5,1,0.8,344,0.408339124558352,0.998705019137448,0.683875693280838,-53.3842632778828,0,1.70100000000002
"S1",1000,0.5,1,0.8,345,0.320525381578053,1.07440385346651,0.68527026785167,80.8211028274532,0,1.678
"S1",1000,0.5,1,0.8,346,0.500466302665819,1.06560547751383,0.867370774724405,-8.32569637596634,0,1.71600000000001
"S1",1000,0.5,1,0.8,347,0.619052533566973,1.05343331944747,1.03823518215057,22.5396072078015,0,1.72299999999996
"S1",1000,0.5,1,0.8,348,0.316864695129289,1.00672376545732,0.614825874055689,28.7477032210368,0,1.94499999999994
"S1",1000,0.5,1,0.8,349,0.315911234734127,0.990750705108741,0.553521821759141,-49.2384284885763,0,1.83500000000004
"S1",1000,0.5,1,0.8,350,0.145736691985154,1.07195821007375,0.309066222849411,-32.2589940340893,0,1.86300000000006
"S1",1000,0.5,1,0.8,351,0.467470957288564,0.948867118283794,0.763599141293809,-4.16846512023017,0,1.697
"S1",1000,0.5,1,0.8,352,0.488849976309331,1.01054909509188,0.781378286742289,-68.5579787908284,0,1.67200000000003
"S1",1000,0.5,1,0.8,353,0.265339634212586,1.00927128270223,0.460540252204332,-110.758106283908,0,1.73599999999999
"S1",1000,0.5,1,0.8,354,0.517728521464413,1.02139736711617,0.77469276930037,-118.450805919023,0,1.75999999999999
"S1",1000,0.5,1,0.8,355,0.729118761668928,0.963289166093797,0.97728111885631,-71.995392730892,0,1.96100000000001
"S1",1000,0.5,1,0.8,356,0.369396027934775,1.0175327380451,0.696439596339255,21.1799312524281,0,1.71100000000001
"S1",1000,0.5,1,0.8,357,0.505788842561731,1.04205721723936,0.793455351808381,-94.1659755708124,0,1.83900000000006
"S1",1000,0.5,1,0.8,358,0.597032525134351,0.977820406530354,0.859276603742494,-87.2417899845668,0,1.70600000000002
"S1",1000,0.5,1,0.8,359,0.569042122135011,0.967997932274362,0.905690823769413,10.3639036276716,0,1.81899999999996
"S1",1000,0.5,1,0.8,360,0.664798866579675,0.933171750354538,0.93558304936404,-34.284285145076,0,1.69099999999992
"S1",1000,0.5,1,0.8,361,0.623337863818362,0.990609686182775,0.964253856019094,-12.5500568822195,0,1.62100000000009
"S1",1000,0.5,1,0.8,362,0.679361881373013,0.982894925707898,0.986907888374611,-30.3004978513775,0,1.80899999999997
"S1",1000,0.5,1,0.8,363,0.517773468446361,0.928607464956115,0.773291430280117,-53.3246199171256,0,1.54700000000003
"S1",1000,0.5,1,0.8,364,0.955003227022186,0.96742251937139,1.19486117645125,-34.5755180333167,0,1.77700000000004
"S1",1000,0.5,1,0.8,365,0.472976900665896,1.01057451699366,0.764109141937434,-60.6574961979463,0,1.77800000000002
"S1",1000,0.5,1,0.8,366,0.547334863295066,0.989879408902067,0.80798711601437,-104.367358704539,0,1.64099999999996
"S1",1000,0.5,1,0.8,367,0.479660256171876,1.01356511292928,0.785188412929864,-44.3168658848749,0,1.79899999999998
"S1",1000,0.5,1,0.8,368,0.877474572929406,0.95591524905066,1.06130738934513,-96.4273660967658,0,1.827
"S1",1000,0.5,1,0.8,369,0.570650058317931,1.02570951012253,0.887933621431574,-63.2660716554014,0,1.63300000000004
"S1",1000,0.5,1,0.8,370,0.595198931784121,0.960426149957758,0.838583643455587,-78.9554508653084,0,2.03800000000001
"S1",1000,0.5,1,0.8,371,0.675461137125151,0.999646347043585,0.960225953367768,-71.7894712077175,0,1.76499999999999
"S1",1000,0.5,1,0.8,372,0.574396812524788,0.982101451834897,0.871640704672942,-45.5132115226486,0,1.66300000000001
"S1",1000,0.5,1,0.8,373,0.366478435689821,1.02847907411838,0.662791341312742,-26.5100978070382,0,1.59199999999998
"S1",1000,0.5,1,0.8,374,0.642993257189439,0.977736089187261,0.984500653695262,3.06827082287759,0,1.66499999999996
"S1",1000,0.5,1,0.8,375,0.406790760977581,1.02998504172927,0.742672252065844,11.1469866271534,0,1.7410000000001
"S1",1000,0.5,1,0.8,376,0.810161733233296,0.984726958410455,1.15662762838936,14.908454323109,0,1.67700000000002
"S1",1000,0.5,1,0.8,377,0.201934653361268,1.04439126382543,0.400396661172677,-60.7031816630865,0,1.76599999999996
"S1",1000,0.5,1,0.8,378,0.396835094491563,1.03440194557291,0.683075641619076,-56.5287494743186,0,1.60800000000006
"S1",1000,0.5,1,0.8,379,1.05824041937369,0.910452883797869,1.27372736193004,27.0720334403554,0,1.58100000000002
"S1",1000,0.5,1,0.8,380,0.649940833228867,0.970204427035043,0.956211069689136,-27.2065030465003,0,1.67399999999998
"S1",1000,0.5,1,0.8,381,0.372084059766456,0.981165228553737,0.61931984476886,-59.3514702001435,0,1.76600000000008
"S1",1000,0.5,1,0.8,382,0.263495315842748,1.03626848314693,0.480749231062147,-83.4490976885709,0,1.63700000000006
"S1",1000,0.5,1,0.8,383,0.413042818567644,1.02148064177365,0.720467644940385,-28.3572691318038,0,1.78300000000002
"S1",1000,0.5,1,0.8,384,0.570477809088163,0.968300448145958,0.772216781221102,-157.405119929861,0,1.76599999999996
"S1",1000,0.5,1,0.8,385,0.552786031233089,0.968811714466702,0.797587653252741,-103.237624650789,0,1.87900000000002
"S1",1000,0.5,1,0.8,386,0.503440757133754,0.972800976137947,0.761454277639786,-83.5874574988732,0,1.63800000000003
"S1",1000,0.5,1,0.8,387,0.492419116320385,0.977781194619515,0.749186678066614,-86.6116117835682,0,1.63900000000001
"S1",1000,0.5,1,0.8,388,0.25499792264566,1.05105260588342,0.5288524412045,16.8886384394132,0,1.71800000000007
"S1",1000,0.5,1,0.8,389,0.454907601914091,1.00553685444219,0.715127801236359,-85.6147210734043,0,1.87699999999995
"S1",1000,0.5,1,0.8,390,0.566913273257378,0.93189165225701,0.834310721759512,-38.4926793466468,0,1.78000000000009
"S1",1000,0.5,1,0.8,391,0.507928200627142,1.00561874822752,0.804096382700613,-54.3056104995578,0,1.75699999999995
"S1",1000,0.5,1,0.8,392,0.768117372090171,0.988644653614996,1.0522052065858,-56.8294126366382,0,1.601
"S1",1000,0.5,1,0.8,393,0.888808023659844,1.01706468141162,1.24019193747079,4.19594700531798,0,1.64999999999998
"S1",1000,0.5,1,0.8,394,0.399119627004871,1.01541192311574,0.724088250430993,13.9457674939113,0,1.66700000000003
"S1",1000,0.5,1,0.8,395,0.22574493552823,1.03003726557505,0.442046520587011,-21.5181168704908,0,1.78600000000006
"S1",1000,0.5,1,0.8,396,0.728905956614716,0.956795725639273,0.997191337591723,-43.8882238108447,0,1.596
"S1",1000,0.5,1,0.8,397,0.594673080673222,0.969130271057206,0.855800576728945,-77.7631655897214,0,1.73300000000006
"S1",1000,0.5,1,0.8,398,0.428170499670253,1.04428266990426,0.792192071764468,20.4726424370851,0,1.64299999999992
"S1",1000,0.5,1,0.8,399,0.662005967575889,0.990277445108996,1.05506298284903,36.8119170957073,0,1.5379999999999
"S1",1000,0.5,1,0.8,400,0.250448818255029,1.06900298701088,0.4742501195883,-74.1769988604765,0,1.78399999999999
"S1",1000,0.5,1,0.8,401,0.798714401969578,0.972034028653662,1.05408494255645,-64.1710761031218,0,1.75900000000001
"S1",1000,0.5,1,0.8,402,0.578400029005084,1.00928695578103,0.91286533985374,-23.4187797581171,0,1.84900000000005
"S1",1000,0.5,1,0.8,403,0.798677622598502,0.961974495758068,1.07252603942697,-35.7782981283024,0,1.72299999999996
"S1",1000,0.5,1,0.8,404,0.978648864297502,1.00365654297676,1.15549004227977,-111.789707879077,0,1.83600000000001
"S1",1000,0.5,1,0.8,405,0.616246326386887,0.978329951820837,0.852948716903664,-109.651302156998,0,1.81099999999992
"S1",1000,0.5,1,0.8,406,0.26622046425144,1.04206651465455,0.464326031770058,-120.403601632175,0,1.79899999999998
"S1",1000,0.5,1,0.8,407,0.345646221849521,1.0062145853918,0.601803413727717,-60.2703721585906,0,1.51499999999999
"S1",1000,0.5,1,0.8,408,0.759173585870297,1.00304557903778,1.04336269241422,-73.930936708251,0,1.57999999999993
"S1",1000,0.5,1,0.8,409,0.546476491246612,0.946854779250166,0.844461299231607,-8.77876569061368,0,1.75300000000004
"S1",1000,0.5,1,0.8,410,0.427311418948464,0.981157377908636,0.693834354891184,-67.4330275216405,0,1.67500000000007
"S1",1000,0.5,1,0.8,411,0.624893017989022,0.968143318426315,0.865783828486779,-102.11847202581,0,1.74299999999994
"S1",1000,0.5,1,0.8,412,0.412787948073474,0.997217436398189,0.69245858828625,-54.2914553441128,0,1.84399999999994
"S1",1000,0.5,1,0.8,413,0.920914855836019,0.949549227605139,1.11614763166411,-70.2614685493347,0,1.71699999999998
"S1",1000,0.5,1,0.8,414,0.551715987151451,0.989129477431888,0.844831143290662,-53.7631257328214,0,1.75900000000001
"S1",1000,0.5,1,0.8,415,0.530721934258708,1.0285230225732,0.86604802161738,-32.8953787499163,0,1.69999999999993
"S1",1000,0.5,1,0.8,416,0.344307806160387,1.04962399691312,0.643967911991142,-16.0412501033386,0,1.81399999999996
"S1",1000,0.5,1,0.8,417,0.766551228474851,0.971223000272899,1.03377117642863,-52.932592134704,0,1.68600000000004
"S1",1000,0.5,1,0.8,418,0.464902305273505,0.997780827275997,0.74014012957057,-69.055269714097,0,1.71100000000001
"S1",1000,0.5,1,0.8,419,0.598591244653323,1.01642781434305,0.970286606526967,11.8526681518167,0,1.649
"S1",1000,0.5,1,0.8,420,0.370469448745519,1.01301249212018,0.599379514796968,-118.846626736226,0,1.88499999999999
"S1",1000,0.5,1,0.8,421,0.579177122262795,0.971494869736867,0.920001216059188,5.84179777043209,0,1.66399999999999
"S1",1000,0.5,1,0.8,422,0.459895662123499,1.05442928807803,0.821712385228755,-7.71212151586019,0,1.68200000000002
"S1",1000,0.5,1,0.8,423,0.561578927667441,1.02860800435304,0.84074469351436,-90.4627322984047,0,1.71900000000005
"S1",1000,0.5,1,0.8,424,0.871080754921938,0.9740507654346,1.22292043642326,35.790112194207,0,1.48099999999999
"S1",1000,0.5,1,0.8,425,0.302175282273616,1.03772915313979,0.604489785771832,33.4036842045389,0,1.52200000000005
"S1",1000,0.5,1,0.8,426,0.820128772506822,0.990647548349487,1.13024994122098,-21.860546443814,0,1.59699999999998
"S1",1000,0.5,1,0.8,427,0.312403646827768,1.0792161411575,0.647384027717443,40.0753091626229,0,1.654
"S1",1000,0.5,1,0.8,428,0.544510155544578,0.99066987569013,0.822871068838114,-76.3167875001234,0,1.71800000000007
"S1",1000,0.5,1,0.8,429,0.834435930749176,0.995188732595029,1.14928237972809,-19.6534866541547,0,1.67700000000002
"S1",1000,0.5,1,0.8,430,0.89755889870962,0.938609326310545,1.16314588380306,-2.35053017784139,0,1.64099999999996
"S1",1000,0.5,1,0.8,431,0.29871526560336,1.03232966439589,0.529593214446456,-83.7369766673235,0,1.64799999999991
"S1",1000,0.5,1,0.8,432,0.536132081316952,0.998571381984189,0.833125043484667,-52.6863481984808,0,1.6819999999999
"S1",1000,0.5,1,0.8,433,0.385878978907499,0.977658270253638,0.707104869554059,52.0749354079967,0,1.8359999999999
"S1",1000,0.5,1,0.8,434,0.33675111545713,1.04443506029862,0.640707411210705,-9.47953565567946,0,1.66899999999998
"S1",1000,0.5,1,0.8,435,0.360670937004195,1.04240385667636,0.708265856690885,51.0326019565243,0,1.85900000000004
"S1",1000,0.5,1,0.8,436,0.728075720415701,0.982420905461621,0.998969926695228,-64.8769712566459,0,1.66499999999996
"S1",1000,0.5,1,0.8,437,0.562526180825502,0.977980284116391,0.902084488438729,-2.98101446650139,0,1.70299999999997
"S1",1000,0.5,1,0.8,438,0.495757826750956,0.971465118070308,0.759672210670333,-82.0580899008505,0,1.84000000000003
"S1",1000,0.5,1,0.8,439,0.589567523951205,0.98212757060247,0.877576549904368,-54.1705645239961,0,1.74400000000003
"S1",1000,0.5,1,0.8,440,0.747448002951689,0.965226698865424,1.02048064140248,-51.334870230806,0,1.64800000000002
"S1",1000,0.5,1,0.8,441,0.603700133610584,1.0085438382257,0.859352124355508,-114.023281113293,0,1.71400000000006
"S1",1000,0.5,1,0.8,442,0.722570912370456,0.970089969783099,1.06607985010502,17.8658917167895,0,1.77999999999997
"S1",1000,0.5,1,0.8,443,0.784744421064011,0.970952177918322,1.11598319684733,10.0494556488925,0,1.85699999999997
"S1",1000,0.5,1,0.8,444,0.566377495337828,1.00093472883986,0.942027999959067,32.2715393814449,0,1.75599999999997
"S1",1000,0.5,1,0.8,445,0.531954138000172,0.991401632571835,0.841443254396368,-26.5628496927884,0,1.88099999999997
"S1",1000,0.5,1,0.8,446,0.873945409426422,1.01339388992226,1.17273527637134,-44.5454348978135,0,1.95999999999992
"S1",1000,0.5,1,0.8,447,1.76306225171803,0.908386322357739,1.419130738702,-123.648074742569,0,1.91399999999999
"S1",1000,0.5,1,0.8,448,0.363560600229297,1.00497310335544,0.665614923752312,11.7121266321233,0,1.97799999999995
"S1",1000,0.5,1,0.8,449,0.465114760408406,0.990615835925159,0.73757417643954,-70.3584506863058,0,2.029
"S1",1000,0.5,1,0.8,450,0.664093353158865,0.988154428728865,0.992598195342184,-13.9037480968739,0,1.86500000000001
"S1",1000,0.5,1,0.8,451,0.724651574069043,0.947225441161068,0.973907641410261,-59.1044007174175,0,1.82600000000002
"S1",1000,0.5,1,0.8,452,0.436570873813056,0.986329384197173,0.716260978763803,-38.1166744106033,0,1.92399999999998
"S1",1000,0.5,1,0.8,453,0.698197890600466,0.974676551206195,0.941640389715979,-99.9964235681009,0,2.03399999999999
"S1",1000,0.5,1,0.8,454,0.937178739896196,0.950880874423145,1.19105236299829,-20.5794129327915,0,1.87199999999996
"S1",1000,0.5,1,0.8,455,0.400911107635901,0.985695102021614,0.628698384540478,-112.903065263936,0,1.84100000000001
"S1",1000,0.5,1,0.8,456,0.235304270158289,1.01806036074615,0.470883902012062,7.04165275922401,0,1.86500000000001
"S1",1000,0.5,1,0.8,457,0.580518459654834,0.95931182679073,0.858209704278283,-52.7841952936333,0,1.87099999999998
"S1",1000,0.5,1,0.8,458,0.692772723404071,0.972674481027584,0.866797605747293,-170.18542505262,0,1.75099999999998
"S1",1000,0.5,1,0.8,459,0.43891312627943,1.01975117967835,0.75196076596582,-28.2982709391488,0,1.73900000000003
"S1",1000,0.5,1,0.8,460,0.349763453583254,1.05101032231321,0.613767214019436,-77.9764393642115,0,1.84100000000001
"S1",1000,0.5,1,0.8,461,0.766852922736382,0.969268487024646,1.01152368674085,-79.1589264675988,0,1.87299999999993
"S1",1000,0.5,1,0.8,462,0.474595030551959,1.08312022602167,0.848090042016544,-19.3991383142834,0,1.86500000000001
"S1",1000,0.5,1,0.8,463,0.485900039421135,0.97920280802766,0.708207300712331,-130.817186431543,0,1.67600000000004
"S1",1000,0.5,1,0.8,464,0.717223364896084,0.975302972792787,0.944901757497835,-103.834382793797,0,1.81200000000001
"S1",1000,0.5,1,0.8,465,0.812677958929972,0.956193211300178,1.07344097473092,-39.723434664749,0,1.7349999999999
"S1",1000,0.5,1,0.8,466,0.560496864431927,0.997778493279702,0.843046915788095,-72.8124015136357,0,1.79599999999994
"S1",1000,0.5,1,0.8,467,0.361881418914217,1.01505238080226,0.628185760057079,-54.858294738588,0,1.73799999999994
"S1",1000,0.5,1,0.8,468,0.5413883118472,1.01284860908613,0.825215852353784,-81.1371554527598,0,1.87800000000004
"S1",1000,0.5,1,0.8,469,0.615782083699814,0.9257906651531,0.861009320516992,-72.9656235269233,0,1.59100000000001
"S1",1000,0.5,1,0.8,470,0.434536418138203,0.987378293340166,0.726849259939903,-32.2353578998452,0,1.81500000000005
"S1",1000,0.5,1,0.8,471,0.44778727944355,1.02195575019131,0.75631178388711,-35.6605137172023,0,1.93399999999997
"S1",1000,0.5,1,0.8,472,0.367259244950015,1.0488052406474,0.671238444543164,-28.8695393847281,0,1.63599999999997
"S1",1000,0.5,1,0.8,473,0.493232914264967,0.975089517191823,0.867675627320411,76.1513525337491,0,1.68899999999996
"S1",1000,0.5,1,0.8,474,0.582716440003703,0.970146357809683,0.862025540596367,-57.0154337033532,0,1.71600000000001
"S1",1000,0.5,1,0.8,475,0.18612476803357,1.00209700114792,0.350388330149297,-63.292372927549,0,1.75
"S1",1000,0.5,1,0.8,476,0.960093091320055,0.97857236561395,1.20670860577104,-35.3798735939988,0,2.00900000000001
"S1",1000,0.5,1,0.8,477,0.571737811999744,0.979791354137149,0.837125262408929,-84.7904430695771,0,1.68499999999995
"S1",1000,0.5,1,0.8,478,0.433609252923537,1.048049541608,0.739835911089403,-58.1679027176433,0,1.91099999999994
"S1",1000,0.5,1,0.8,479,0.320984802270476,1.01678232963037,0.580992806161162,-39.31239309683,0,1.923
"S1",1000,0.5,1,0.8,480,0.3634604877581,1.02282670744712,0.645969553898185,-43.1893312285301,0,1.81299999999999
"S1",1000,0.5,1,0.8,481,1.01064285036982,0.994923757814418,1.27576200938331,-22.2572058426172,0,1.66700000000003
"S1",1000,0.5,1,0.8,482,0.249511708056557,0.993116525580873,0.440643984532484,-78.4751693308808,0,1.875
"S1",1000,0.5,1,0.8,483,0.418288736647389,0.980032625208643,0.693091687616892,-33.0990293722989,0,1.70299999999997
"S1",1000,0.5,1,0.8,484,0.166969993316181,1.10956162869505,0.350316338206068,-51.3234992813166,0,1.88900000000001
"S1",1000,0.5,1,0.8,485,0.749338020276521,0.992990371296506,1.03892006630398,-53.011570041233,0,1.92899999999997
"S1",1000,0.5,1,0.8,486,0.47023611457682,1.00509367974389,0.748427040700867,-67.0593713555327,0,1.91600000000005
"S1",1000,0.5,1,0.8,487,0.504650952759037,1.00821897942318,0.768165621983699,-102.373462025644,0,1.77999999999997
"S1",1000,0.5,1,0.8,488,0.527717404099545,0.99199070313245,0.796172051771644,-86.9376749896901,0,1.82000000000005
"S1",1000,0.5,1,0.8,489,0.672864836071572,0.953705301487149,0.918409246695058,-82.2142215378958,0,1.81700000000001
"S1",1000,0.5,1,0.8,490,0.693652734570525,0.975426870565745,0.946735692565931,-88.0883398883493,0,1.65999999999997
"S1",1000,0.5,1,0.8,491,0.610942917329781,0.981566503246258,0.874256587926044,-77.2077214973356,0,1.67899999999997
"S1",1000,0.5,1,0.8,492,0.526160259721393,1.00615430052333,0.786992618506404,-104.038018049361,0,1.69000000000005
"S1",1000,0.5,1,0.8,493,0.553059665630797,0.966580630675881,0.85179362133092,-28.1156022505268,0,1.851
"S1",1000,0.5,1,0.8,494,0.765351324753008,0.972085849301891,0.97308156789307,-122.079802574582,0,1.68299999999999
"S1",1000,0.5,1,0.8,495,0.567349692478593,0.972138004668721,0.844714586323113,-61.484127498175,0,1.78499999999997
"S1",1000,0.5,1,0.8,496,0.36686033338859,1.01552766790427,0.616164528348372,-84.2149801375933,0,1.89400000000001
"S1",1000,0.5,1,0.8,497,0.342767698433618,1.03028625857397,0.619048306134401,-44.8217668229738,0,1.71699999999998
"S1",1000,0.5,1,0.8,498,0.434997427933541,1.013399959692,0.71570348102598,-66.4755805587859,0,1.70100000000002
"S1",1000,0.5,1,0.8,499,0.671312427572329,0.998256773283361,1.00965812979904,-15.5162410434971,0,1.71500000000003
"S1",1000,0.5,1,0.8,500,0.867518832826808,1.00989627743831,1.16336945226026,-34.058958772086,0,1.70699999999999
"S1",1000,0.5,1,0.8,501,0.384902703146408,1.01384497027447,0.707771820672427,20.403115892924,0,1.80799999999999
"S1",1000,0.5,1,0.8,502,0.566384072933662,0.993458990778317,0.811504817071113,-121.94721846467,0,1.77700000000004
"S1",1000,0.5,1,0.8,503,0.408414570852189,1.02960386007262,0.751676761767108,18.975282156257,0,1.74900000000002
"S1",1000,0.5,1,0.8,504,0.811298040275921,0.94161736665008,1.05811083889238,-49.6203862711509,0,1.83600000000001
"S1",1000,0.5,1,0.8,505,0.463137688251112,1.0429156139245,0.853890605533135,43.7579930213658,0,1.71500000000003
"S1",1000,0.5,1,0.8,506,0.529603548625709,0.954618108769842,0.796317177800703,-60.9854947860097,0,1.77200000000005
"S1",1000,0.5,1,0.8,507,0.752330887063855,0.964609480051305,1.06758127800179,-8.20147690049112,0,1.87800000000004
"S1",1000,0.5,1,0.8,508,0.795401380986612,0.969017558205858,1.1734039493802,47.6219965292221,0,1.79499999999996
"S1",1000,0.5,1,0.8,509,0.447505519358641,0.985944935361433,0.724179761941982,-45.1155415858161,0,1.7940000000001
"S1",1000,0.5,1,0.8,510,0.717058420189042,0.983141912997914,1.04733168408326,-8.52643756417115,0,1.87400000000002
"S1",1000,0.5,1,0.8,511,0.29916578055328,1.01622095165616,0.553937924609623,-29.2694366475603,0,1.83499999999992
"S1",1000,0.5,1,0.8,512,0.363154279931184,1.02530597291196,0.674200641355402,-4.8524667813374,0,1.96199999999999
"S1",1000,0.5,1,0.8,513,0.159658497114544,1.0746458592112,0.335180477952391,-33.2399683532331,0,1.86099999999999
"S1",1000,0.5,1,0.8,514,0.308970058893088,0.993876485608216,0.577593381943388,1.34596201924387,0,1.65300000000002
"S1",1000,0.5,1,0.8,515,0.713448547706081,1.03418704763575,1.04905051464918,-38.5936038500524,0,1.72400000000005
"S1",1000,0.5,1,0.8,516,0.847017721338713,0.971549691586601,1.08158904881245,-75.7349392630929,0,1.72400000000005
"S1",1000,0.5,1,0.8,517,0.444414232511883,1.03969096946675,0.711322872388099,-105.018208757039,0,1.65599999999995
"S1",1000,0.5,1,0.8,518,0.786910817528442,0.992516250831375,1.1344112820736,9.38133639789226,0,1.88799999999992
"S1",1000,0.5,1,0.8,519,0.678605883428269,1.01090295207295,1.08483943259494,39.3714380862241,0,1.61399999999992
"S1",1000,0.5,1,0.8,520,0.571229221575859,1.02555581854635,0.887436292074609,-48.2246245226199,0,1.72299999999996
"S1",1000,0.5,1,0.8,521,0.288646014412406,1.00832963833633,0.513717040692549,-65.5553955425812,0,1.68000000000006
"S1",1000,0.5,1,0.8,522,0.203304404318876,1.03818376522628,0.374498193362808,-98.6971012035708,0,1.82899999999995
"S1",1000,0.5,1,0.8,523,0.537159948223624,0.985594278873193,0.806189737088765,-77.199045219347,0,1.72200000000009
"S1",1000,0.5,1,0.8,524,0.370597048679818,0.985146947495322,0.606337037477994,-87.663365738244,0,1.74000000000001
"S1",1000,0.5,1,0.8,525,0.741018107616969,1.00006557963391,1.03152336432083,-60.9144560573031,0,1.70100000000002
"S1",1000,0.5,1,0.8,526,0.568423970048612,1.02287669712892,0.885060956002523,-57.5215113364156,0,1.63199999999995
"S1",1000,0.5,1,0.8,527,0.244363881151161,1.01309700764655,0.485396233402691,17.405986147596,0,2.01400000000001
"S1",1000,0.5,1,0.8,528,0.428805053185727,0.985229723175472,0.770758976585231,42.2725711943306,0,1.649
"S1",1000,0.5,1,0.8,529,0.45409426790313,1.06334047689213,0.758577261640255,-76.4185614837793,0,1.87900000000002
"S1",1000,0.5,1,0.8,530,0.656366319092462,0.949160567619362,0.892706336702793,-87.5968451733625,0,1.75300000000004
"S1",1000,0.5,1,0.8,531,0.184377119363618,1.08217566357105,0.376963692067708,-40.7958997652995,0,1.74099999999999
"S1",1000,0.5,1,0.8,532,0.571329614464022,0.970275721915263,0.869381204448163,-36.4507206480091,0,1.84699999999998
"S1",1000,0.5,1,0.8,533,0.45957138789002,0.970463606321639,0.747960067330643,-33.5852803530479,0,1.66199999999992
"S1",1000,0.5,1,0.8,534,0.381628401730122,1.0067249327777,0.637145960272636,-74.9953304355017,0,1.70200000000011
"S1",1000,0.5,1,0.8,535,0.648094492767034,0.993843410698703,1.03150268830766,27.4894563085445,0,1.62699999999995
"S1",1000,0.5,1,0.8,536,0.400469293230914,1.00573750158663,0.656325824739914,-86.4693780764974,0,1.72200000000009
"S1",1000,0.5,1,0.8,537,0.426482620986064,1.00994182772192,0.726877372617473,-34.7122585127975,0,2.14400000000001
"S1",1000,0.5,1,0.8,538,0.936173908505524,0.928998487660996,1.1470845500831,-42.4808828496534,0,1.70899999999995
"S1",1000,0.5,1,0.8,539,0.570694630062723,0.947536211457609,0.821713002267991,-77.1217450305783,0,1.81900000000007
"S1",1000,0.5,1,0.8,540,0.945618740756159,0.999471251467858,1.16021339663433,-86.0437374792245,0,1.63499999999999
"S1",1000,0.5,1,0.8,541,1.0280178713642,0.976154633713828,1.3622653103603,47.7462478751459,0,1.77700000000004
"S1",1000,0.5,1,0.8,542,0.445306001933395,0.973895440008685,0.710735050111323,-61.9932469540367,0,1.77800000000002
"S1",1000,0.5,1,0.8,543,0.291084187796004,1.00369866399831,0.543906968356849,-16.2110663579172,0,1.67399999999998
"S1",1000,0.5,1,0.8,544,0.503723985330994,1.01653480688413,0.850773662145247,-5.98831317511144,0,1.6690000000001
"S1",1000,0.5,1,0.8,545,0.543292977464934,0.962997725749853,0.843573528986526,-21.8133228035085,0,1.601
"S1",1000,0.5,1,0.8,546,0.970861755330504,0.941460090863621,1.15136791675015,-59.9056374555807,0,1.85900000000004
"S1",1000,0.5,1,0.8,547,1.15388881190202,0.933025038196199,1.22762052529941,-89.1845012021711,0,1.71299999999997
"S1",1000,0.5,1,0.8,548,0.56316126013663,0.976934398631327,0.829997277878486,-78.1913683912596,0,1.69100000000003
"S1",1000,0.5,1,0.8,549,0.521437572660503,0.963304263438931,0.783214045265674,-74.1512740428757,0,1.70400000000006
"S1",1000,0.5,1,0.8,550,0.765168340199592,0.964714182878324,1.04603973288269,-42.1396150190701,0,1.82000000000005
"S1",1000,0.5,1,0.8,551,0.366327505367614,1.0537434210733,0.652042935740289,-55.7722110173709,0,2.05499999999995
"S1",1000,0.5,1,0.8,552,0.488577259946346,0.987505264356097,0.780838321842512,-52.3362302848227,0,1.77499999999998
"S1",1000,0.5,1,0.8,553,0.74488816931803,0.959913881348787,1.1143662440894,50.5810819102273,0,1.81100000000004
"S1",1000,0.5,1,0.8,554,0.592865285648531,1.02164663375418,0.91038437268733,-59.8559092929311,0,1.75300000000004
"S1",1000,0.5,1,0.8,555,0.410611588904441,1.02127877541873,0.648960479631329,-113.385935923513,0,1.78499999999997
"S1",1000,0.5,1,0.8,556,0.258655587556253,1.01182620202984,0.501400584268164,1.64312500931351,0,1.89499999999998
"S1",1000,0.5,1,0.8,557,0.267376232333666,1.01900921262174,0.497225467687518,-43.9287038545842,0,1.65300000000002
"S1",1000,0.5,1,0.8,558,1.00800954530218,0.959946539093685,1.25285653540808,-12.3171594489968,0,1.71799999999996
"S1",1000,0.5,1,0.8,559,0.483950500813726,1.03461149444946,0.75546742985636,-100.097273721228,0,1.75199999999995
"S1",1000,0.5,1,0.8,560,0.339005450520813,1.02561164598227,0.557597507253071,-129.42450973802,0,1.85000000000002
"S1",1000,0.5,1,0.8,561,0.780602058123405,0.992933887598274,1.14316209068187,13.433207354675,0,1.7360000000001
"S1",1000,0.5,1,0.8,562,0.457173296100137,0.994064258237494,0.74519351975196,-48.6511520183603,0,1.70299999999997
"S1",1000,0.5,1,0.8,563,0.428926063444416,1.00502535338469,0.76995987989786,19.9124147782904,0,1.70400000000006
"S1",1000,0.5,1,0.8,564,0.665220099731857,0.976868601029609,1.00876968322903,2.59709594090464,0,1.90999999999997
"S1",1000,0.5,1,0.8,565,0.613757189843403,0.967698377191303,0.930626835093107,-17.466789385524,0,1.71799999999996
"S1",1000,0.5,1,0.8,566,0.355506942576976,1.00791102125288,0.621464756289203,-46.6627284898436,0,1.70000000000005
"S1",1000,0.5,1,0.8,567,0.722532048147608,0.97491616541036,0.974032645192361,-80.2540288484136,0,1.63499999999999
"S1",1000,0.5,1,0.8,568,0.344069614800523,1.04006951989898,0.619430090548545,-45.4423251199521,0,1.73199999999997
"S1",1000,0.5,1,0.8,569,0.389654331688505,1.00481788019899,0.659829881574621,-52.8268770496843,0,1.77299999999991
"S1",1000,0.5,1,0.8,570,0.450109563671191,1.00527820103235,0.74049202366255,-50.0224808028222,0,1.66800000000001
"S1",1000,0.5,1,0.8,571,0.440311914635027,1.01407013538092,0.749929686243104,-23.3920423152551,0,1.74900000000002
"S1",1000,0.5,1,0.8,572,1.13713277920501,0.933856038432094,1.22514365479721,-84.9911994757999,0,1.76800000000003
"S1",1000,0.5,1,0.8,573,0.94662930971453,0.957868268495995,1.1641987086294,-54.6359095621426,0,1.74800000000005
"S1",1000,0.5,1,0.8,574,0.475163159482534,0.943939683166528,0.748492901110204,-36.3713573233779,0,1.67700000000002
"S1",1000,0.5,1,0.8,575,0.442785285963599,1.03479170774366,0.776230025760429,-16.7711130662858,0,1.74799999999993
"S1",1000,0.5,1,0.8,576,0.447766891019258,1.00698274791227,0.709341602151255,-103.415441654468,0,1.6819999999999
"S1",1000,0.5,1,0.8,577,0.61948080711604,0.972239916544536,0.904775613060981,-49.0822348376171,0,1.70299999999997
"S1",1000,0.5,1,0.8,578,0.299144916110655,0.99303644091057,0.5019561114738,-101.841469360766,0,1.75199999999995
"S1",1000,0.5,1,0.8,579,0.710717801806986,0.962912560255554,1.0136398979838,-19.9140065720671,0,1.80099999999993
"S1",1000,0.5,1,0.8,580,0.619891908290864,0.988827622131261,0.947856761838627,-23.3846590873436,0,1.72200000000009
"S1",1000,0.5,1,0.8,581,0.57777773514534,0.971737782325196,0.875012859285264,-35.0442360684733,0,1.74799999999993
"S1",1000,0.5,1,0.8,582,0.894378671718724,0.969043929971764,1.15038726250719,-38.7770481526798,0,1.58399999999995
"S1",1000,0.5,1,0.8,583,0.785523229600185,1.01067117332201,1.08123698180743,-50.0143073407251,0,1.76600000000008
"S1",1000,0.5,1,0.8,584,0.963889289546824,0.947183439946997,1.19301422170182,-29.1828001092958,0,1.81100000000004
"S1",1000,0.5,1,0.8,585,0.408847844970197,1.00915507040914,0.678483954140649,-64.3604164174731,0,1.83600000000001
"S1",1000,0.5,1,0.8,586,0.862492092572608,0.977014306451504,1.15054916478931,-18.3141511154097,0,1.79399999999998
"S1",1000,0.5,1,0.8,587,0.769721089894521,0.978531956193724,0.991082488320288,-111.795752537468,0,1.87
"S1",1000,0.5,1,0.8,588,0.43522381270324,1.04291851192778,0.716253254557404,-84.592325531363,0,1.86299999999994
"S1",1000,0.5,1,0.8,589,0.518499236824454,0.969864378200046,0.799912161682513,-54.7208126836751,0,1.77700000000004
"S1",1000,0.5,1,0.8,590,0.636109662581455,0.978024617482599,0.933897760143471,-44.0613837985252,0,1.62300000000005
"S1",1000,0.5,1,0.8,591,0.274211595481743,1.04305982439578,0.494948350231823,-87.7790724109393,0,1.721
"S1",1000,0.5,1,0.8,592,0.885388444305087,0.968776564833222,1.11330346881629,-67.886717731714,0,1.70500000000004
"S1",1000,0.5,1,0.8,593,1.78264711155826,0.936568015759239,1.64784443089571,18.3284995056617,0,1.71400000000006
"S1",1000,0.5,1,0.8,594,0.997253229432973,0.995818370610679,1.30088851056109,8.82537646872038,0,1.74199999999996
"S1",1000,0.5,1,0.8,595,0.700378967508008,0.953855489189234,0.977566898692992,-51.8298948822073,0,1.58900000000006
"S1",1000,0.5,1,0.8,596,0.359461184081289,1.00961727592982,0.63725568545742,-26.596498480566,0,1.78300000000002
"S1",1000,0.5,1,0.8,597,0.641410017559495,0.954653482142304,0.917197919126033,-47.7967461678534,0,1.70400000000006
"S1",1000,0.5,1,0.8,598,0.364064153185058,1.02851240225843,0.679761546250324,11.0624133361905,0,2.02800000000002
"S1",1000,0.5,1,0.8,599,0.428614159710266,0.981066993320079,0.675524046931174,-85.8293661169439,0,1.78800000000001
"S1",1000,0.5,1,0.8,600,0.232369578886976,1.01216307600084,0.445633510374761,-33.7306390526403,0,1.83800000000008
"S1",1000,0.5,1,0.8,601,0.39964289574717,0.971574630988104,0.679282878010689,-18.4663206990706,0,1.77800000000002
"S1",1000,0.5,1,0.8,602,0.291090476178265,1.09147079128875,0.607734232243465,25.4917251242032,0,1.94600000000003
"S1",1000,0.5,1,0.8,603,0.587484363282036,1.00053159595694,0.956557650707959,12.693251433099,0,1.74799999999993
"S1",1000,0.5,1,0.8,604,0.54853004600102,0.975387997058849,0.863889520691154,-20.903056271751,0,1.79599999999994
"S1",1000,0.5,1,0.8,605,0.894746283631359,0.967504449527398,1.14588811072788,-39.9534113954762,0,1.79500000000007
"S1",1000,0.5,1,0.8,606,0.458874814936339,1.03112560326152,0.756780936028103,-65.342204553815,0,1.90200000000004
"S1",1000,0.5,1,0.8,607,0.329095054025714,1.04462575757904,0.598669732559386,-46.6940248601595,0,1.66599999999994
"S1",1000,0.5,1,0.8,608,0.461198539468509,1.00645680581314,0.785437867135049,-14.9773850467639,0,1.755
"S1",1000,0.5,1,0.8,609,0.465422836779585,0.968584990729905,0.701994711969136,-100.084513220355,0,1.649
"S1",1000,0.5,1,0.8,610,0.781210181609357,0.972991569886462,1.03817720104251,-64.8944207602326,0,1.78999999999996
"S1",1000,0.5,1,0.8,611,0.455834509958223,1.01174344502133,0.767839170130567,-29.1647383310626,0,1.79899999999998
"S1",1000,0.5,1,0.8,612,0.404037900921761,1.00415776254214,0.705381849018967,-15.2583670918159,0,1.84500000000003
"S1",1000,0.5,1,0.8,613,0.31950317384499,1.03600872106186,0.602772769329283,-13.6734802222775,0,1.62300000000005
"S1",1000,0.5,1,0.8,614,0.501468579775722,1.05638474043032,0.87495703164284,-3.87563710088557,0,1.84400000000005
"S1",1000,0.5,1,0.8,615,0.47552782370842,0.991877662745241,0.755571645673566,-59.5322350958991,0,1.827
"S1",1000,0.5,1,0.8,616,0.525861742055115,1.01234977422895,0.862216305105775,-20.130720337294,0,1.63900000000012
"S1",1000,0.5,1,0.8,617,0.279547952821519,1.0136039046883,0.529642934392362,-7.58210306423098,0,1.82500000000005
"S1",1000,0.5,1,0.8,618,0.720891432849004,0.987442522903649,0.996103733319715,-61.8513097069449,0,1.7829999999999
"S1",1000,0.5,1,0.8,619,0.701205444951027,0.944642892032031,0.958231845095994,-54.1705894850652,0,1.68500000000017
"S1",1000,0.5,1,0.8,620,0.416235583281633,0.991490892414645,0.685390129719337,-57.8959250626201,0,1.61399999999981
"S1",1000,0.5,1,0.8,621,0.955978834634273,0.951435784337672,1.23899847335549,10.7349226463728,0,1.52800000000002
"S1",1000,0.5,1,0.8,622,0.381282872666016,1.00135280966537,0.649669536286986,-60.1268069057496,0,1.86500000000001
"S1",1000,0.5,1,0.8,623,0.752278297138678,1.0055634066112,1.16987514996001,57.4550059443152,0,1.67399999999998
"S1",1000,0.5,1,0.8,624,0.328141280979538,1.02118681443299,0.556344437828416,-102.462229524269,0,1.71299999999997
"S1",1000,0.5,1,0.8,625,0.627029919117405,0.959045476019825,0.895681688113544,-67.436654624767,0,1.67900000000009
"S1",1000,0.5,1,0.8,626,0.387139013085707,1.03669659546087,0.675121018588298,-47.1108673460822,0,1.57899999999995
"S1",1000,0.5,1,0.8,627,0.524104319721848,0.976748111677488,0.806513193433855,-54.8999936839059,0,1.81700000000001
"S1",1000,0.5,1,0.8,628,0.593433768500185,0.987540966033843,0.919126771771086,-24.5917048304477,0,1.67600000000016
"S1",1000,0.5,1,0.8,629,0.299679500751179,1.01783567878626,0.553112313933513,-31.6206744611929,0,1.77399999999989
"S1",1000,0.5,1,0.8,630,0.755242232214707,0.97656826632019,0.974319613933953,-114.241912756363,0,1.70000000000005
"S1",1000,0.5,1,0.8,631,0.319030866296926,1.00002763809488,0.590777971676944,-16.6842752419568,0,1.62200000000007
"S1",1000,0.5,1,0.8,632,0.316997767328939,1.02963550667511,0.615451696110545,19.7136798333536,0,1.82600000000002
"S1",1000,0.5,1,0.8,633,0.57775542747228,1.02582141780655,0.951582991660194,1.60433703249623,0,1.48000000000002
"S1",1000,0.5,1,0.8,634,0.897121077454034,0.936897648345766,1.14802341461001,-23.7294107820478,0,1.47299999999996
"S1",1000,0.5,1,0.8,635,0.673609624963502,1.03314760896114,1.12947866371596,63.3496410684972,0,1.47000000000003
"S1",1000,0.5,1,0.8,636,0.702631403282036,0.996384126455702,0.932631850401905,-123.787241931399,0,1.75299999999993
"S1",1000,0.5,1,0.8,637,0.682133082103462,0.991646757675466,0.899811667522429,-136.60613158965,0,1.74099999999999
"S1",1000,0.5,1,0.8,638,0.83027294008296,0.986519091971636,1.16691683422198,6.93658997799389,0,1.54499999999985
"S1",1000,0.5,1,0.8,639,0.446884059564383,0.982105982945177,0.71435913644397,-59.7487582027429,0,1.64199999999983
"S1",1000,0.5,1,0.8,640,0.486130430896564,1.03079342384251,0.749798254017135,-114.655277404642,0,1.61500000000001
"S1",1000,0.5,1,0.8,641,0.985535938999121,0.980827658346726,1.11969267159973,-133.389333326862,0,1.75400000000013
"S1",1000,0.5,1,0.8,642,0.67641222392326,0.988088254897574,0.946995190851407,-87.6556992439519,0,1.60500000000002
"S1",1000,0.5,1,0.8,643,0.566818413828409,0.975513014199171,0.872937314454196,-31.5855637645241,0,1.68599999999992
"S1",1000,0.5,1,0.8,644,0.744787622690441,0.973028949665507,1.07216624207705,-4.9886707202777,0,1.65199999999982
"S1",1000,0.5,1,0.8,645,0.586028277874408,1.02076400284538,0.893527447293163,-62.1974098666237,0,1.76000000000022
"S1",1000,0.5,1,0.8,646,0.644170027972559,0.988488804007505,0.919308595210468,-78.6644050350324,0,1.69199999999978
"S1",1000,0.5,1,0.8,647,0.558857711732319,1.00234916566767,0.885372906913553,-27.5613106484823,0,1.77499999999986
"S1",1000,0.5,1,0.8,648,0.414576915910698,1.01338093305533,0.683315380453684,-75.2570983264659,0,1.72000000000003
"S1",1000,0.5,1,0.8,649,0.494044247993282,0.976872827114413,0.773308133975109,-49.677653709891,0,1.65499999999997
"S1",1000,0.5,1,0.8,650,0.38157738569179,1.03982493440318,0.73096232618203,27.5879313387729,0,1.73900000000003
"S1",1000,0.5,1,0.8,651,0.342086781132377,0.998166557877559,0.543447965023376,-137.676498427352,0,1.65800000000013
"S1",1000,0.5,1,0.8,652,0.493112606087801,1.02171942454192,0.786291848510904,-66.0716846249893,0,1.57899999999995
"S1",1000,0.5,1,0.8,653,1.00223564284174,0.954056753256955,1.2177241241246,-36.0267923405877,0,1.61500000000001
"S1",1000,0.5,1,0.8,654,0.508388439295707,0.971161947126756,0.843093769926652,15.6900111424072,0,1.76200000000017
"S1",1000,0.5,1,0.8,655,0.904777150631233,0.946727684456689,1.17886209210363,-7.6357117957964,0,1.79399999999987
"S1",1000,0.5,1,0.8,656,1.02742297041921,0.96443425868919,1.30474954621047,13.6197083835659,0,1.64100000000008
"S1",1000,0.5,1,0.8,657,0.694277432327344,0.989056405358388,1.00880640076848,-35.2256638212079,0,1.60900000000015
"S1",1000,0.5,1,0.8,658,0.401463630481309,1.03016091773892,0.70449037389,-34.1959413656084,0,1.80999999999995
"S1",1000,0.5,1,0.8,659,0.906549218566023,0.997318577603567,1.20768627721,-16.4407846173988,0,1.59999999999991
"S1",1000,0.5,1,0.8,660,0.366391972040602,1.06130715503476,0.659303804531692,-45.9492626541403,0,1.7489999999998
"S1",1000,0.5,1,0.8,661,0.645196998979686,0.991180545726141,0.912235811210126,-86.119896570844,0,1.61099999999988
"S1",1000,0.5,1,0.8,662,0.5940688631498,1.00204807990268,0.886134896957646,-68.6242865946376,0,1.67000000000007
"S1",1000,0.5,1,0.8,663,0.550378654532796,1.02122034579776,0.884993697245631,-30.716883212895,0,1.62100000000009
"S1",1000,0.5,1,0.8,664,0.427627550515938,0.986723988279298,0.724137867423094,-18.2914011441624,0,1.69200000000001
"S1",1000,0.5,1,0.8,665,0.707503917015244,0.965036394472325,0.967859775621004,-71.4706941595741,0,1.87199999999984
"S1",1000,0.5,1,0.8,666,0.493204643406136,0.972506761043348,0.768820515565773,-53.6198084171524,0,1.71899999999982
"S1",1000,0.5,1,0.8,667,0.857359536573734,0.971003218331661,1.1395256968653,-26.3033732369599,0,1.54999999999995
"S1",1000,0.5,1,0.8,668,0.52124138980982,1.01452232998757,0.898298243108062,29.529790844457,0,1.94899999999996
"S1",1000,0.5,1,0.8,669,0.165817347333336,0.98516240574896,0.312799205621858,-60.8069302016074,0,1.87200000000007
"S1",1000,0.5,1,0.8,670,0.508210560849086,1.02931440578324,0.822094077417734,-53.3657974319071,0,1.74900000000002
"S1",1000,0.5,1,0.8,671,0.595011992040762,0.985835075527021,0.874392450040469,-67.4250174074325,0,1.87
"S1",1000,0.5,1,0.8,672,0.159191630852966,1.05284268353443,0.332586061760734,-6.61384738635002,0,2.06799999999998
"S1",1000,0.5,1,0.8,673,0.376064454696421,1.01965341243003,0.678102956762879,-11.7838484472616,0,1.93900000000008
"S1",1000,0.5,1,0.8,674,0.715337818816335,1.02045370398012,1.02412811025273,-49.5837587152644,0,1.68500000000006
"S1",1000,0.5,1,0.8,675,0.42578391790973,1.01189790581813,0.72628438982946,-36.5027482325891,0,1.77599999999995
"S1",1000,0.5,1,0.8,676,0.601879920362187,0.935451954381676,0.842957331065275,-88.7409252142252,0,1.77199999999993
"S1",1000,0.5,1,0.8,677,0.299897229347948,1.02676962509784,0.521844605816721,-86.8035556089999,0,1.75
"S1",1000,0.5,1,0.8,678,0.469704251616774,1.05021670597612,0.802939865375316,-36.4427516836765,0,1.61799999999994
"S1",1000,0.5,1,0.8,679,0.813785620562711,0.974703082701697,1.12034044055585,-17.175291459675,0,1.69600000000003
"S1",1000,0.5,1,0.8,680,0.403002455459011,1.03102400187602,0.729576813437376,-3.37628937162435,0,1.85500000000002
"S1",1000,0.5,1,0.8,681,0.707364259929682,0.981090275313616,0.987053480403424,-55.579624031855,0,1.70000000000005
"S1",1000,0.5,1,0.8,682,0.331321570807496,1.02681063715484,0.58825607009951,-54.4484624357424,0,1.87900000000002
"S1",1000,0.5,1,0.8,683,0.536775999361599,0.982283968967666,0.852842081028873,-24.5117446721122,0,1.81799999999998
"S1",1000,0.5,1,0.8,684,0.25954947075561,1.02567622413452,0.488714180846316,-36.8833847326159,0,1.89300000000003
"S1",1000,0.5,1,0.8,685,0.467852495234391,1.01858589357201,0.739316464926395,-94.5600766796433,0,1.55600000000004
"S1",1000,0.5,1,0.8,686,0.109104334825111,1.08333128849779,0.245040801589853,-5.49046741114307,0,1.88800000000003
"S1",1000,0.5,1,0.8,687,0.226333517685465,1.01080725688141,0.428312423662069,-44.6814248267956,0,1.75
"S1",1000,0.5,1,0.8,688,0.442891653293799,1.02015595160447,0.751104366030838,-36.4985819458855,0,1.74200000000008
"S1",1000,0.5,1,0.8,689,0.43232234343118,1.0063491659966,0.69662756268893,-83.8495858057986,0,1.81600000000003
"S1",1000,0.5,1,0.8,690,0.229952739462143,1.02034775860236,0.424160402936358,-69.5061515993414,0,1.71500000000003
"S1",1000,0.5,1,0.8,691,0.682193874864107,1.00084052039593,0.923121663175741,-120.463326191512,0,1.63800000000003
"S1",1000,0.5,1,0.8,692,0.610731897042025,0.974955167738363,0.928975029510495,-19.2416316834042,0,1.56899999999996
"S1",1000,0.5,1,0.8,693,0.985385950777221,0.946144172655937,1.19768340047624,-34.1612527903562,0,1.66000000000008
"S1",1000,0.5,1,0.8,694,0.582516208938926,0.991916590164046,0.944355785490432,16.1552293171369,0,1.71299999999997
"S1",1000,0.5,1,0.8,695,0.441114474043496,1.00283918898347,0.753213302315867,-23.1633724616358,0,1.68100000000004
"S1",1000,0.5,1,0.8,696,0.400596489931449,0.993136390701887,0.715250885503102,9.61993153245362,0,1.81900000000007
"S1",1000,0.5,1,0.8,697,0.446663528037481,0.992782879688298,0.759270568007499,-15.145654024546,0,1.68399999999997
"S1",1000,0.5,1,0.8,698,0.400680208121604,0.98217169102129,0.654379306663859,-74.2609028637332,0,1.73900000000003
"S1",1000,0.5,1,0.8,699,1.0683205325765,0.942699685072046,1.24212582016111,-46.4579276767479,0,1.74400000000003
"S1",1000,0.5,1,0.8,700,0.933280926090877,0.942863076628056,1.14920434689929,-44.6851032934283,0,1.63900000000001
"S1",1000,0.5,1,0.8,701,0.29265739312289,1.04819897749319,0.569935147938913,-6.14801176925425,0,1.92600000000004
"S1",1000,0.5,1,0.8,702,0.455990408430094,0.989747593221111,0.750511314937936,-33.9779161676472,0,1.76999999999998
"S1",1000,0.5,1,0.8,703,1.55212640201029,0.944497820527104,1.47520903592133,-50.8559941006997,0,1.84300000000007
"S1",1000,0.5,1,0.8,704,0.95686503543599,0.947149038908009,1.18649611673301,-33.4011927696229,0,1.82600000000002
"S1",1000,0.5,1,0.8,705,0.489506817906018,1.05598621900617,0.887213771176428,23.3600961518148,0,1.70799999999997
"S1",1000,0.5,1,0.8,706,0.365305554801196,1.04961317261737,0.661228741020306,-41.2695530108344,0,1.79300000000001
"S1",1000,0.5,1,0.8,707,0.395548684343494,1.06892487321578,0.758826987883148,7.4264274930008,0,1.68999999999994
"S1",1000,0.5,1,0.8,708,0.81060150561413,0.976389945853855,1.00532843740851,-123.244390283339,0,1.64400000000001
"S1",1000,0.5,1,0.8,709,0.529625664913895,1.01745696486848,0.819373452191984,-82.5935325679882,0,1.64800000000002
"S1",1000,0.5,1,0.8,710,0.648316206026312,0.974373112800995,0.868285404364278,-127.856574417367,0,1.78800000000001
"S1",1000,0.5,1,0.8,711,0.589547119613149,0.996228006382866,0.906622394325751,-31.9766771296727,0,1.82300000000009
"S1",1000,0.5,1,0.8,712,0.699937880356807,0.947047634080101,0.903902889814521,-112.658420490046,0,1.57799999999997
"S1",1000,0.5,1,0.8,713,0.295547731977345,1.0501336689855,0.582729255331835,12.2089438533885,0,1.71199999999999
"S1",1000,0.5,1,0.8,714,0.554885928319884,0.968588494421426,0.938503619998635,64.7725640185288,0,1.53400000000011
"S1",1000,0.5,1,0.8,715,0.488159110701578,0.995106817329408,0.783327227158351,-40.1332570330219,0,1.64099999999996
"S1",1000,0.5,1,0.8,716,0.75879979481881,0.942004127950831,1.0060217439053,-54.5333273922479,0,1.73599999999999
"S1",1000,0.5,1,0.8,717,0.416700940163154,1.01750076289363,0.694192466666125,-75.2099678910383,0,1.86299999999994
"S1",1000,0.5,1,0.8,718,0.61213247620478,1.0342232831546,0.948601977395865,-42.8256615283265,0,1.91300000000001
"S1",1000,0.5,1,0.8,719,0.590230122066295,0.982434501935777,0.895327997258076,-43.6743421336153,0,1.69900000000007
"S1",1000,0.5,1,0.8,720,1.01562121179016,0.920043868500289,1.18437636533703,-45.9925525418778,0,1.596
"S1",1000,0.5,1,0.8,721,0.282641315719758,0.996609682097018,0.512023446321201,-47.5396077337055,0,1.79000000000008
"S1",1000,0.5,1,0.8,722,0.149820190287987,1.02648171628163,0.340726915168627,69.6605287029067,0,1.88099999999997
"S1",1000,0.5,1,0.8,723,0.394590480777079,0.996741781150657,0.649978303810197,-79.8374392565468,0,1.67700000000002
"S1",1000,0.5,1,0.8,724,0.2946024454021,1.0483924604935,0.542894045288578,-53.224931630358,0,1.70799999999997
"S1",1000,0.5,1,0.8,725,0.648885988105215,1.03428577569364,1.0407705751016,7.84696935272768,0,1.59900000000005
"S1",1000,0.5,1,0.8,726,0.581815881419359,1.02839318191637,0.940805555695559,-14.9901468302273,0,1.81700000000001
"S1",1000,0.5,1,0.8,727,0.417543154301266,1.03585662975398,0.6891510698399,-82.3932758966228,0,1.66800000000001
"S1",1000,0.5,1,0.8,728,1.0784160789156,0.92762532294283,1.16408798573915,-107.71743122811,0,1.58199999999999
"S1",1000,0.5,1,0.8,729,0.510024473722108,0.985469784999597,0.819362854575952,-33.9953643894135,0,1.58500000000004
"S1",1000,0.5,1,0.8,730,0.347069905042262,1.01581866443621,0.582288621588398,-103.203003083086,0,1.69500000000005
"S1",1000,0.5,1,0.8,731,0.630969404263757,0.945539386075984,0.857166487578777,-100.818943832655,0,1.625
"S1",1000,0.5,1,0.8,732,0.311862878663934,1.04127215886935,0.539210005126142,-112.111598392609,0,1.81200000000001
"S1",1000,0.5,1,0.8,733,0.519758652339648,1.01268850947708,0.819522412392364,-56.7195710439071,0,1.68899999999996
"S1",1000,0.5,1,0.8,734,0.631000527985656,1.00619658555336,0.950531066435648,-40.9368499764087,0,1.67000000000007
"S1",1000,0.5,1,0.8,735,0.425410003725622,0.965523167010393,0.680975050529796,-70.719664196735,0,1.76699999999994
"S1",1000,0.5,1,0.8,736,1.0572682493801,0.973909582600064,1.28621514416667,-19.476524499298,0,1.84499999999991
"S1",1000,0.5,1,0.8,737,0.106895894180422,1.08072538189774,0.234599143120142,-6.69312460975289,0,1.99799999999993
"S1",1000,0.5,1,0.8,738,0.637087010782672,0.965868375301878,0.891630448608178,-82.0725838991575,0,1.71199999999999
"S1",1000,0.5,1,0.8,739,0.524281896830168,0.989777318508674,0.895127971907176,41.0839424436997,0,1.779
"S1",1000,0.5,1,0.8,740,0.748941424340724,0.986556835308062,1.01149331184226,-76.5159910623893,0,1.61500000000001
"S1",1000,0.5,1,0.8,741,0.916207550083628,0.936741702968148,1.07711691986776,-101.442122066732,0,1.71199999999999
"S1",1000,0.5,1,0.8,742,0.51116320736328,1.00511100635306,0.828957372530975,-34.3735163742763,0,1.48599999999999
"S1",1000,0.5,1,0.8,743,0.367894436890705,1.05003334073509,0.654869710993138,-52.7210664852207,0,1.63199999999995
"S1",1000,0.5,1,0.8,744,0.521428245053922,0.98073256930961,0.81896871231372,-39.5158885003507,0,1.6099999999999
"S1",1000,0.5,1,0.8,745,0.496865212694521,0.960786441344858,0.838594781197464,32.0380966372475,0,1.73799999999994
"S1",1000,0.5,1,0.8,746,1.65526781568357,0.948659888163164,1.59139503905145,0.432463470966013,0,1.66200000000003
"S1",1000,0.5,1,0.8,747,1.0217466093266,0.933864278061422,1.18065550450395,-64.8614098327573,0,1.65700000000004
"S1",1000,0.5,1,0.8,748,0.527974206297126,0.982728485920345,0.787935589997221,-89.8362071303857,0,1.73500000000001
"S1",1000,0.5,1,0.8,749,0.440956807978667,1.03259031623995,0.737922669354187,-51.5002930070302,0,1.774
"S1",1000,0.5,1,0.8,750,0.599128146824784,0.976631382461935,0.890533865098279,-48.6600923191311,0,1.88699999999994
"S1",1000,0.5,1,0.8,751,0.785921013771928,1.00260904186619,1.09720174908358,-30.8920339400727,0,1.67000000000007
"S1",1000,0.5,1,0.8,752,0.401067315624371,1.02434317651926,0.718030161272976,-7.81212424695218,0,1.63900000000001
"S1",1000,0.5,1,0.8,753,0.74779828699226,0.944518958793056,1.06708285205364,15.7736316422665,0,1.71400000000006
"S1",1000,0.5,1,0.8,754,0.721940560216603,0.949039391219204,0.980318175924485,-57.9773477697804,0,1.70999999999992
"S1",1000,0.5,1,0.8,755,0.670668490809392,1.00376346347023,0.928674146592171,-102.052754954296,0,1.72399999999993
"S1",1000,0.5,1,0.8,756,0.353570270238745,1.00505278005137,0.643645295207462,-10.636504009155,0,1.77600000000007
"S1",1000,0.5,1,0.8,757,0.628266637206284,0.99586529411825,1.03556016940874,56.8407525351101,0,1.67499999999995
"S1",1000,0.5,1,0.8,758,0.286426656883076,1.02798271100111,0.511192995637127,-80.3962934636165,0,1.64799999999991
"S1",1000,0.5,1,0.8,759,0.714530456274308,1.00004313376019,1.02984289394761,-39.217149296584,0,1.75
"S1",1000,0.5,1,0.8,760,0.295568637745124,1.00901437581218,0.562325330542188,-2.66293908156513,0,1.92099999999994
"S1",1000,0.5,1,0.8,761,0.376783500079146,1.01355773267961,0.728040544803555,60.2895334685929,0,1.83799999999997
"S1",1000,0.5,1,0.8,762,0.59523087990695,1.00841708841648,0.911333426890469,-41.7145722790001,0,1.673
"S1",1000,0.5,1,0.8,763,0.503229238984646,0.998850049374853,0.898043560059296,66.2643019599977,0,1.89700000000005
"S1",1000,0.5,1,0.8,764,0.529508661539284,1.00197321202907,0.82161144777693,-66.6032655339509,0,1.70699999999999
"S1",1000,0.5,1,0.8,765,0.512204239736125,0.989111645647196,0.822837085351935,-23.4790608269561,0,1.69600000000003
"S1",1000,0.5,1,0.8,766,0.420498994718168,1.01701311921844,0.761160602106736,13.3258997105238,0,1.65000000000009
"S1",1000,0.5,1,0.8,767,0.434671770274663,1.04903757483014,0.751542750669807,-41.4178265785999,0,1.58499999999992
"S1",1000,0.5,1,0.8,768,0.713841088536822,0.946268902487946,0.9594828710029,-72.6429436493111,0,1.61099999999999
"S1",1000,0.5,1,0.8,769,0.445980103420995,1.02281954697321,0.793522294358552,8.5822925510472,0,1.66200000000003
"S1",1000,0.5,1,0.8,770,0.463950026207232,0.973155434931654,0.732984742543749,-59.2441852367476,0,1.84799999999996
"S1",1000,0.5,1,0.8,771,0.636930309371122,0.977645138229558,1.04206340653446,62.8998208502462,0,1.60699999999997
"S1",1000,0.5,1,0.8,772,0.548058363895325,0.950897058525899,0.81444319961385,-44.9387539467011,0,1.82600000000002
"S1",1000,0.5,1,0.8,773,0.265412388696218,0.99116254931331,0.458665243906563,-97.1342516476261,0,1.73599999999999
"S1",1000,0.5,1,0.8,774,0.462324283537056,1.01924864935138,0.795959169512323,-15.9622553568731,0,1.82899999999995
"S1",1000,0.5,1,0.8,775,0.668963554452603,1.00776106659023,0.979327390116625,-52.3322249597381,0,1.60200000000009
"S1",1000,0.5,1,0.8,776,0.455971973030286,1.03079303580304,0.767014238406498,-51.3499534281352,0,1.65099999999995
"S1",1000,0.5,1,0.8,777,0.165991506179353,1.0514698979054,0.348549775498775,0.537003835535643,0,2.12700000000007
"S1",1000,0.5,1,0.8,778,0.499498427165204,1.0423554996965,0.850312838600441,-20.242598339383,0,1.72400000000005
"S1",1000,0.5,1,0.8,779,0.723411422015988,0.973146372478165,0.975675373240916,-85.1057658488483,0,1.822
"S1",1000,0.5,1,0.8,780,0.447012378512847,0.974156679688438,0.710074173444267,-72.9314996901917,0,1.83199999999999
"S1",1000,0.5,1,0.8,781,0.253592063265035,1.04461158721285,0.485967417740692,-31.8671817346328,0,1.87900000000002
"S1",1000,0.5,1,0.8,782,0.82626968007557,1.00521896249988,1.07661150142307,-84.9895754731274,0,1.79300000000001
"S1",1000,0.5,1,0.8,783,0.481302862350601,1.00984577071119,0.784169328475601,-43.2856454510102,0,2.48099999999999
"S1",1000,0.5,1,0.8,784,0.25561767107987,1.03287130327984,0.472955406510554,-67.8679379597895,0,2.11800000000005
"S1",1000,0.5,1,0.8,785,0.538668485514372,1.01335965285996,0.824857472456415,-71.8337389645401,0,2.18299999999999
"S1",1000,0.5,1,0.8,786,0.24915570853027,1.09455098392675,0.472600703742666,-85.0715706635681,0,2.005
"S1",1000,0.5,1,0.8,787,0.698282973504029,0.969468415747723,0.949462642842287,-85.2102595805757,0,1.774
"S1",1000,0.5,1,0.8,788,1.09718857870381,0.959207547884838,1.2423642156127,-69.0788736447469,0,1.697
"S1",1000,0.5,1,0.8,789,0.173807439041505,1.03720166896963,0.346989543721546,-49.2296210734366,0,1.67599999999993
"S1",1000,0.5,1,0.8,790,0.513126404115416,0.982099535837432,0.831273869944539,-16.1842662934584,0,1.80599999999993
"S1",1000,0.5,1,0.8,791,0.746499806756444,0.992680087425602,1.04869953703348,-39.4633425290795,0,1.85800000000006
"S1",1000,0.5,1,0.8,792,0.38139916941943,0.982684528159397,0.673231430702775,-0.750881299022467,0,1.67499999999995
"S1",1000,0.5,1,0.8,793,0.568418898164122,0.984814458074518,0.843141030326596,-79.1520176763377,0,1.69999999999993
"S1",1000,0.5,1,0.8,794,0.456075426859509,0.981076915986104,0.683404384429885,-132.263672167805,0,1.76899999999989
"S1",1000,0.5,1,0.8,795,0.53119441632831,0.956363791040438,0.787065757192424,-75.7847545427849,0,1.86500000000001
"S1",1000,0.5,1,0.8,796,0.612448701978297,0.999493792176347,0.922750716218924,-42.1090964967063,0,1.85799999999995
"S1",1000,0.5,1,0.8,797,0.40000700191023,1.01530659835679,0.685245852065532,-42.8560387646833,0,1.79500000000007
"S1",1000,0.5,1,0.8,798,0.336507666543695,1.00747016956715,0.616120795995252,-12.5914804987574,0,1.65599999999995
"S1",1000,0.5,1,0.8,799,0.526633303850557,1.00966927917385,0.91008117495795,35.7730077129263,0,1.53499999999997
"S1",1000,0.5,1,0.8,800,0.538411894546353,1.01266209531869,0.798991207413178,-108.356668598415,0,1.62
"S1",1000,0.5,1,0.8,801,0.460987716563844,1.04419809016647,0.808507951759037,-14.6362693526125,0,1.86699999999996
"S1",1000,0.5,1,0.8,802,0.912352957245186,0.966472765094462,1.08778380954227,-108.874827331718,0,1.79600000000005
"S1",1000,0.5,1,0.8,803,1.21305071917076,0.928744296256089,1.2056777780303,-125.24818037649,0,1.94200000000001
"S1",1000,0.5,1,0.8,804,0.663045039943391,0.998733372388051,1.01867595482407,-1.84902509069798,0,1.79200000000003
"S1",1000,0.5,1,0.8,805,0.335034216227267,1.02335622020539,0.653929176702905,37.5034487907681,0,1.73900000000003
"S1",1000,0.5,1,0.8,806,0.704765390019048,0.995988912710849,0.964420006661172,-90.6985331488008,0,1.774
"S1",1000,0.5,1,0.8,807,0.407819742198027,1.01762305018686,0.749656042428796,24.3270754850103,0,1.822
"S1",1000,0.5,1,0.8,808,0.626611353033651,0.991284750208856,0.86519041093276,-118.300349404111,0,1.673
"S1",1000,0.5,1,0.8,809,0.62784367232786,1.00689574999448,0.962927491319835,-25.2405569565183,0,1.80599999999993
"S1",1000,0.5,1,0.8,810,0.423174776138873,1.0029199272657,0.758630408572916,17.813556426338,0,1.84199999999998
"S1",1000,0.5,1,0.8,811,0.427482629245335,1.02487751095528,0.738956734629032,-26.9348197073125,0,1.63400000000001
"S1",1000,0.5,1,0.8,812,0.711316596609897,0.980193521821928,1.05776940913098,8.06579018205548,0,1.71699999999998
"S1",1000,0.5,1,0.8,813,0.752675900405743,0.974401643434294,1.00320377786339,-77.0552273352766,0,1.82100000000003
"S1",1000,0.5,1,0.8,814,0.916873331866364,0.95191007434668,1.12265712609405,-68.8436024991397,0,1.822
"S1",1000,0.5,1,0.8,815,0.593921071393455,0.996996582215646,0.982476414506931,36.377883013264,0,1.96800000000007
"S1",1000,0.5,1,0.8,816,0.485143262356812,1.04345705765124,0.841654580201792,-14.1780563736229,0,1.71100000000001
"S1",1000,0.5,1,0.8,817,0.387279511385995,1.0170348334888,0.704613404896062,16.3377867596043,0,1.79300000000001
"S1",1000,0.5,1,0.8,818,0.687740391417617,0.976295138327396,1.08099743884452,58.1640959299682,0,1.63100000000009
"S1",1000,0.5,1,0.8,819,0.468825687490005,0.986347107823581,0.744330091392171,-63.5026833690108,0,1.67399999999998
"S1",1000,0.5,1,0.8,820,0.45191737685307,0.995847057315494,0.787633957620767,21.3692650084338,0,1.82600000000002
"S1",1000,0.5,1,0.8,821,0.687133724374167,0.982817155677137,0.956242684616186,-71.6726384063829,0,1.75
"S1",1000,0.5,1,0.8,822,0.437942766076918,0.981723947800682,0.678582588279187,-103.624791934082,0,1.57100000000003
"S1",1000,0.5,1,0.8,823,0.444182042231903,1.01177565030498,0.701166618393053,-106.947012247223,0,1.71100000000001
"S1",1000,0.5,1,0.8,824,0.325383771147092,1.03409166584561,0.561562475547289,-91.0993594190716,0,1.98700000000008
"S1",1000,0.5,1,0.8,825,0.927082682051409,1.01135227564023,1.23123274993675,-26.9865029122063,0,1.70799999999997
"S1",1000,0.5,1,0.8,826,0.424664971608844,1.03820744779023,0.830633617027646,80.0902532894654,0,1.75
"S1",1000,0.5,1,0.8,827,0.737660155897546,0.98654624906695,1.11236022717419,29.4531715047508,0,1.95799999999997
"S1",1000,0.5,1,0.8,828,1.85614983115979,0.922921257336361,1.48746856823348,-101.490064544061,0,1.68500000000006
"S1",1000,0.5,1,0.8,829,0.481853893057647,1.00426532445305,0.829617606861147,2.77929790330563,0,1.78300000000002
"S1",1000,0.5,1,0.8,830,0.640716236597934,0.977566095094152,0.853836001169876,-139.209314110191,0,1.5870000000001
"S1",1000,0.5,1,0.8,831,0.612831846457763,0.99511276079209,1.01191468170231,48.4627752191136,0,1.66899999999998
"S1",1000,0.5,1,0.8,832,0.41908341633948,0.986362044671911,0.675092231997666,-80.2521017382103,0,1.57299999999998
"S1",1000,0.5,1,0.8,833,0.897734824853975,0.962418106044015,1.12277050722472,-58.5740623889362,0,1.66099999999994
"S1",1000,0.5,1,0.8,834,0.348816506330222,0.968823233779302,0.599891862749456,-41.7483097727713,0,1.67100000000005
"S1",1000,0.5,1,0.8,835,0.359572326513801,1.05397436228619,0.716546946259803,48.0838638433843,0,1.66600000000005
"S1",1000,0.5,1,0.8,836,0.408233541457205,1.02432744197539,0.663201350864559,-93.7760610311148,0,1.66999999999996
"S1",1000,0.5,1,0.8,837,0.536644966557174,0.98641011183815,0.773952638228971,-115.499254465875,0,1.82000000000005
"S1",1000,0.5,1,0.8,838,0.462555201251422,0.999620344335581,0.748408191645297,-52.2026025942382,0,1.82600000000002
"S1",1000,0.5,1,0.8,839,0.320349002363201,0.990814218724904,0.615682487926111,36.1958694519328,0,1.83300000000008
"S1",1000,0.5,1,0.8,840,0.70054934543754,0.987044516356148,1.04544630718671,0.736159460098406,0,1.69399999999996
"S1",1000,0.5,1,0.8,841,0.560663688894195,1.02318941967774,0.936566749310378,13.6703972562357,0,1.6049999999999
"S1",1000,0.5,1,0.8,842,0.597274759838766,0.97724817499872,0.918116799648897,-23.8811355343889,0,1.923
"S1",1000,0.5,1,0.8,843,0.661682161833381,0.965606418606942,0.953017750076395,-39.3308751244854,0,1.70399999999995
"S1",1000,0.5,1,0.8,844,0.41186657029028,1.0415892846703,0.739525680741991,-15.0088030159641,0,1.88300000000004
"S1",1000,0.5,1,0.8,845,1.24585559943517,0.925412128032014,1.21761660231011,-134.048344699087,0,1.57799999999997
"S1",1000,0.5,1,0.8,846,0.622188712013467,0.989117589563162,0.950338477162715,-17.2091006358219,0,1.74399999999991
"S1",1000,0.5,1,0.8,847,0.339219370419061,1.02136985189263,0.56887569508684,-101.45287241642,0,1.93499999999995
"S1",1000,0.5,1,0.8,848,0.368040305441183,1.03187230825445,0.620573114926716,-84.2094826181174,0,1.73400000000004
"S1",1000,0.5,1,0.8,849,0.577987440735975,0.996893820800943,0.850632083020778,-82.5545759839335,0,1.63600000000008
"S1",1000,0.5,1,0.8,850,0.826259367510097,1.02242314434033,1.16076457444652,-23.6989286445228,0,1.83199999999999
"S1",1000,0.5,1,0.8,851,0.235519437376602,1.07006469037651,0.441929309089161,-92.5592666909977,0,1.73300000000006
"S1",1000,0.5,1,0.8,852,0.434543659542779,0.98709273021028,0.682925736265016,-91.8148996544564,0,1.72799999999995
"S1",1000,0.5,1,0.8,853,0.393338833230729,1.05028965221085,0.73661592399386,8.67228929647717,0,1.87799999999993
"S1",1000,0.5,1,0.8,854,0.57895892437625,0.996755188423692,0.895141601046334,-39.4872584444497,0,1.75
"S1",1000,0.5,1,0.8,855,0.47637275237625,1.02035886108162,0.761174315629288,-72.0862253452144,0,1.59699999999998
"S1",1000,0.5,1,0.8,856,0.47671415449796,1.0260342109429,0.767190885592196,-75.4938685787367,0,1.70100000000002
"S1",1000,0.5,1,0.8,857,0.452052597305901,0.950471959724958,0.697402201835027,-75.2336204267958,0,1.72900000000004
"S1",1000,0.5,1,0.8,858,0.42231784890743,1.00550866812857,0.706434995379794,-46.168900746005,0,1.66399999999999
"S1",1000,0.5,1,0.8,859,0.586687295798849,0.993807882087573,0.909895984904065,-26.742528864123,0,1.88900000000001
"S1",1000,0.5,1,0.8,860,1.04575999312097,0.923798125949478,1.18830338894475,-62.1755263413759,0,1.673
"S1",1000,0.5,1,0.8,861,0.421062796743564,1.02335432954387,0.749342835151651,4.73738410255737,0,1.79300000000001
"S1",1000,0.5,1,0.8,862,0.86580267139513,0.979612980319898,1.14429060628987,-33.1387105098026,0,1.66499999999996
"S1",1000,0.5,1,0.8,863,0.757968906033802,0.977549208729107,1.11328976706239,23.1641474999942,0,1.67600000000004
"S1",1000,0.5,1,0.8,864,0.438120598450223,0.997982761811358,0.771395282611061,13.8351813941972,0,1.78899999999999
"S1",1000,0.5,1,0.8,865,0.71590240107771,0.993011680702934,0.977115886386007,-89.4688614122363,0,1.58300000000008
"S1",1000,0.5,1,0.8,866,0.281599335881402,1.03880301034483,0.553787386491777,-6.39859234994378,0,1.72400000000005
"S1",1000,0.5,1,0.8,867,0.212831429470497,1.03097004149263,0.425508629291939,-15.8514380909075,0,1.80200000000002
"S1",1000,0.5,1,0.8,868,0.464067221239964,1.00233627327882,0.720217665521519,-93.6114572157624,0,1.61000000000001
"S1",1000,0.5,1,0.8,869,0.323117400606772,1.0147237590149,0.585452492470815,-32.6975104404842,0,1.85400000000004
"S1",1000,0.5,1,0.8,870,0.561774023422421,0.972458187184061,0.79759741080365,-111.379906465532,0,1.91200000000003
"S1",1000,0.5,1,0.8,871,0.624073273059252,0.959011648019565,0.919666989730937,-29.9562916533366,0,1.69200000000001
"S1",1000,0.5,1,0.8,872,0.763365454298538,0.987911074250738,1.04399280594688,-53.9604235441486,0,1.86199999999997
"S1",1000,0.5,1,0.8,873,0.743632418540662,0.968818699592097,1.03647450642986,-31.7488475249909,0,2.02900000000011
"S1",1000,0.5,1,0.8,874,0.586921722139924,0.979821436589252,0.926260192648562,7.56717327195497,0,1.76599999999996
"S1",1000,0.5,1,0.8,875,0.459745888733714,0.994041219990344,0.801968299126558,20.5295059446969,0,1.75900000000001
"S1",1000,0.5,1,0.8,876,0.309508362668281,1.02223841986593,0.560700169636175,-45.6999356198696,0,1.80700000000002
"S1",1000,0.5,1,0.8,877,0.341956556733635,1.05629914255597,0.627430942769252,-36.9870646859004,0,1.79000000000008
"S1",1000,0.5,1,0.8,878,0.384267537696077,1.00064210264712,0.65573554674349,-46.9562780002304,0,1.86699999999996
"S1",1000,0.5,1,0.8,879,0.285731253696897,1.05910896088049,0.568269239387375,10.0171592994536,0,1.66200000000003
"S1",1000,0.5,1,0.8,880,0.448940168095369,1.00050945673765,0.730106901284559,-70.8490509384897,0,1.81700000000001
"S1",1000,0.5,1,0.8,881,0.623178507763523,0.965552051229187,0.877288388417218,-81.4882908964942,0,1.84799999999996
"S1",1000,0.5,1,0.8,882,0.911559320100949,1.00337047255853,1.12357212131057,-102.081879074883,0,1.61800000000005
"S1",1000,0.5,1,0.8,883,0.976007749947292,0.962509907608149,1.16835030898789,-69.873068013088,0,1.68299999999999
"S1",1000,0.5,1,0.8,884,0.609945608573926,0.994057053779978,0.988323960045225,28.1985842863148,0,1.63700000000006
"S1",1000,0.5,1,0.8,885,0.316870340434758,1.01558706581545,0.575642740787964,-37.4732866092277,0,1.93999999999994
"S1",1000,0.5,1,0.8,886,0.466967165198737,0.996231333274874,0.70650057262402,-127.006782242325,0,1.82299999999998
"S1",1000,0.5,1,0.8,887,0.601839832354347,1.01393804663467,0.864770972607998,-111.428951056406,0,1.74699999999996
"S1",1000,0.5,1,0.8,888,0.434727291616537,1.01928708871352,0.702892625662365,-87.0321691510644,0,1.8599999999999
"S1",1000,0.5,1,0.8,889,0.81261068844421,0.975518544596237,1.05952564695681,-73.3729496367846,0,1.75399999999991
"S1",1000,0.5,1,0.8,890,0.267324704847699,1.04256407285914,0.482781547554918,-98.3991598781361,0,1.73899999999992
"S1",1000,0.5,1,0.8,891,0.529608672983397,1.0154801194663,0.905938183209166,32.6664248102077,0,1.64499999999998
"S1",1000,0.5,1,0.8,892,0.632595556397215,0.980078931940602,0.987543936398162,11.7564501421757,0,1.81200000000001
"S1",1000,0.5,1,0.8,893,0.261100338896121,1.08626989585081,0.514134672679661,-32.8239429731352,0,1.93399999999997
"S1",1000,0.5,1,0.8,894,0.561676840000731,0.97661748751019,0.861261472970171,-32.9835356091767,0,1.81599999999992
"S1",1000,0.5,1,0.8,895,0.411662349515556,1.0040450599329,0.699991273891844,-39.2712378399403,0,1.72000000000003
"S1",1000,0.5,1,0.8,896,0.247964305205,1.00930127836003,0.448752886930804,-72.976607092111,0,1.75200000000007
"S1",1000,0.5,1,0.8,897,0.50905734168872,0.997906588521162,0.827203387215633,-26.5973589471052,0,1.79300000000001
"S1",1000,0.5,1,0.8,898,0.553138806708644,1.03673634730165,0.856683301600033,-72.0748437108844,0,1.81299999999999
"S1",1000,0.5,1,0.8,899,1.13308773410561,0.937033996575089,1.247492459152,-66.2360538737466,0,1.55599999999993
"S1",1000,0.5,1,0.8,900,1.03561454898034,0.951913893983485,1.18451447758139,-82.3745255046047,0,1.62100000000009
"S1",1000,0.5,1,0.8,901,0.527116382097189,0.990545693908533,0.784049650008472,-94.8506273118305,0,1.66300000000001
"S1",1000,0.5,1,0.8,902,0.80717807170818,0.943104631858374,1.04934272277068,-54.8470777474813,0,1.63499999999999
"S1",1000,0.5,1,0.8,903,0.49677499785092,1.00191938757112,0.843250709112657,10.1016084193545,0,1.82500000000005
"S1",1000,0.5,1,0.8,904,0.88244443932265,0.983818239323081,1.2075624259408,5.64087868652632,0,1.63300000000004
"S1",1000,0.5,1,0.8,905,0.695383614946869,0.971645666403709,0.939697055093264,-87.2931792715231,0,1.68899999999996
"S1",1000,0.5,1,0.8,906,0.361445155199801,1.00310366892688,0.639339521290999,-29.6675970868839,0,1.95799999999997
"S1",1000,0.5,1,0.8,907,0.357501870589593,1.01073369625367,0.658648871818793,-3.42695602195067,0,1.79100000000005
"S1",1000,0.5,1,0.8,908,0.460773514968963,0.980937952734536,0.717653659129053,-83.8586401333698,0,1.52300000000002
"S1",1000,0.5,1,0.8,909,0.760439667324055,0.961961839305622,1.0592480714168,-22.8957350744042,0,1.524
"S1",1000,0.5,1,0.8,910,0.712158516688991,0.967712242028316,1.0832362182881,44.4912752126493,0,1.60599999999999
"S1",1000,0.5,1,0.8,911,0.884403261955157,0.966200802766349,1.17995304137025,-3.9247611302028,0,1.57500000000005
"S1",1000,0.5,1,0.8,912,0.379713131905306,0.981494384779495,0.624454502564206,-75.7530781804128,0,1.60900000000004
"S1",1000,0.5,1,0.8,913,0.941939463438181,0.945621344691699,1.20761248494846,0.530667630457401,0,1.71100000000001
"S1",1000,0.5,1,0.8,914,0.883714330062731,0.997609370693047,1.27772232673744,50.6026142879286,0,1.64400000000001
"S1",1000,0.5,1,0.8,915,0.860987866211546,0.97274506490744,1.05954471649844,-95.3991517155853,0,1.89700000000005
"S1",1000,0.5,1,0.8,916,1.02413443552727,0.975583701742901,1.30322563654832,0.0622964510089332,0,1.78599999999994
"S1",1000,0.5,1,0.8,917,0.560165419416466,0.9938189140661,0.780042414102837,-139.608066023711,0,1.71600000000001
"S1",1000,0.5,1,0.8,918,0.743271878593491,0.998305961254621,1.12419084189784,26.6855397593661,0,1.85500000000002
"S1",1000,0.5,1,0.8,919,0.506325545527041,1.01068732977597,0.806088297496308,-57.7122947214925,0,1.78499999999997
"S1",1000,0.5,1,0.8,920,0.506698658995209,0.97838951488623,0.879708230245564,53.8470960857242,0,1.66799999999989
"S1",1000,0.5,1,0.8,921,0.710486069416437,0.961660805428519,0.959311634240322,-83.4387198192851,0,1.80599999999993
"S1",1000,0.5,1,0.8,922,0.380687347400286,0.982118976227538,0.704783538838119,46.3777043933881,0,1.71599999999989
"S1",1000,0.5,1,0.8,923,0.413861293841937,1.00736211180913,0.707421587180332,-37.7577590924598,0,1.76599999999996
"S1",1000,0.5,1,0.8,924,0.499227073612725,0.980106347493724,0.754366091655068,-82.5571558418956,0,1.98300000000006
"S1",1000,0.5,1,0.8,925,0.47273736383283,1.04888654350564,0.795488663569932,-48.9562407685744,0,1.66399999999999
"S1",1000,0.5,1,0.8,926,0.550112294655179,0.988725095788547,0.874246926526392,-25.7494695183577,0,1.75300000000004
"S1",1000,0.5,1,0.8,927,0.739318363872906,0.961769160788341,1.02900591487581,-34.3656707635198,0,1.75999999999999
"S1",1000,0.5,1,0.8,928,0.514085768950377,0.967297166564186,0.800412585740022,-33.0776919620193,0,1.61900000000003
"S1",1000,0.5,1,0.8,929,0.543567312667777,0.971921036221968,0.88562471648616,6.48173492128944,0,1.68200000000002
"S1",1000,0.5,1,0.8,930,0.320350208338149,0.984750322268827,0.562821029282773,-43.4245298610115,0,1.88499999999999
"S1",1000,0.5,1,0.8,931,0.319749404735792,1.0410295877521,0.589628996294823,-39.1463817914628,0,1.61699999999996
"S1",1000,0.5,1,0.8,932,0.593521279907868,0.970138110843128,0.900911602613645,-27.9926868460313,0,1.65800000000002
"S1",1000,0.5,1,0.8,933,0.285175969777211,1.03183437020745,0.572021942108308,23.3547218863544,0,1.80200000000002
"S1",1000,0.5,1,0.8,934,0.426135325936595,1.04957331733523,0.77219099332305,-6.55266292660303,0,1.846
"S1",1000,0.5,1,0.8,935,0.81323664813381,0.978195355990637,1.02337421293983,-109.485888550658,0,1.76300000000003
"S1",1000,0.5,1,0.8,936,0.588295685247439,0.995584502956134,0.906776939508724,-28.2804069606393,0,1.68799999999999
"S1",1000,0.5,1,0.8,937,0.737430516447341,0.969467201968349,0.980170228066245,-91.3869674765265,0,1.67999999999995
"S1",1000,0.5,1,0.8,938,0.612832901551964,1.01725229052738,0.914430413590134,-64.1600499368237,0,1.62
"S1",1000,0.5,1,0.8,939,1.40201604928759,0.909041901336908,1.3256308033166,-90.9723922678402,0,1.91599999999994
"S1",1000,0.5,1,0.8,940,0.172433578816659,1.06569695637871,0.366796064630748,-4.5271587549571,0,1.90099999999995
"S1",1000,0.5,1,0.8,941,0.19629875170603,1.03614534421402,0.387357007817391,-46.1170037688196,0,1.97300000000007
"S1",1000,0.5,1,0.8,942,0.443625091513569,0.980978205334973,0.71549384910831,-44.1696809046764,0,1.85299999999995
"S1",1000,0.5,1,0.8,943,0.477685404505295,1.03550063274172,0.809632806182651,-34.7530921884766,0,1.64199999999994
"S1",1000,0.5,1,0.8,944,0.394927914870322,1.06440024193721,0.72168477175392,-27.4170901494035,0,1.74000000000001
"S1",1000,0.5,1,0.8,945,0.656853511606398,0.983018481921925,1.0205936224539,18.6362642284123,0,1.66600000000005
"S1",1000,0.5,1,0.8,946,0.530553458946271,1.00037824653048,0.881847999227775,6.86739683922974,0,1.70600000000002
"S1",1000,0.5,1,0.8,947,0.652795939187727,1.00593360112482,0.982209176203801,-25.9264652084357,0,1.70600000000013
"S1",1000,0.5,1,0.8,948,0.798123670224752,0.96624639075784,1.14448100943659,33.6690443934399,0,1.75099999999998
"S1",1000,0.5,1,0.8,949,0.484596180977011,0.999151602212085,0.784594183944488,-50.7335935403803,0,1.76900000000001
"S1",1000,0.5,1,0.8,950,0.480150997120846,1.02098893856971,0.861997460934418,39.3599249928445,0,1.78600000000006
"S1",1000,0.5,1,0.8,951,0.246360744627012,1.06824519136039,0.513839676473902,21.4354237157029,0,1.62599999999998
"S1",1000,0.5,1,0.8,952,0.747043341431791,0.944576590976294,0.990584678555248,-59.8706155114126,0,1.62599999999998
"S1",1000,0.5,1,0.8,953,0.29748707625131,1.01382806320352,0.57474536510676,12.2066882264855,0,1.75800000000004
"S1",1000,0.5,1,0.8,954,0.764381440698965,0.996961499634026,1.00949291550897,-101.450480321226,0,1.69200000000001
"S1",1000,0.5,1,0.8,955,0.48602888519578,1.02926429993106,0.770358963083976,-77.1696681953126,0,1.66800000000012
"S1",1000,0.5,1,0.8,956,0.367689538012656,1.0798485898631,0.636201210170111,-98.8240828433277,0,1.72499999999991
"S1",1000,0.5,1,0.8,957,0.666820344224994,0.933737901173016,0.871618600838084,-118.689212245793,0,1.60599999999999
"S1",1000,0.5,1,0.8,958,0.54303506935152,0.964356147631594,0.81881619050195,-71.6146736520936,0,1.64300000000003
"S1",1000,0.5,1,0.8,959,0.526278901670306,1.00996382048065,0.809538198767255,-77.2867597731329,0,1.702
"S1",1000,0.5,1,0.8,960,0.291898644658692,1.03626416180453,0.528871661357906,-69.9650557750078,0,1.72600000000011
"S1",1000,0.5,1,0.8,961,0.480310914040509,1.01838158684187,0.882151553225181,59.2014016856301,0,1.71900000000005
"S1",1000,0.5,1,0.8,962,0.781502898130481,0.983006534161786,1.04200078237595,-69.3683655854741,0,1.7059999999999
"S1",1000,0.5,1,0.8,963,0.384230590427236,1.03631643858641,0.638837569489675,-99.4072346632722,0,1.73700000000008
"S1",1000,0.5,1,0.8,964,0.307401051886502,1.0481752083367,0.603704541474653,16.7658491171542,0,1.64499999999998
"S1",1000,0.5,1,0.8,965,0.756308680401901,0.972210622561787,1.03672785979214,-47.2930524029368,0,1.72800000000007
"S1",1000,0.5,1,0.8,966,0.701018734360574,0.935531418149096,0.883142013461858,-139.821339179888,0,1.67900000000009
"S1",1000,0.5,1,0.8,967,0.449610464206629,0.991961804972805,0.674767797514973,-139.970489472195,0,1.65599999999995
"S1",1000,0.5,1,0.8,968,0.733480196426323,1.00369002401409,1.00665747490556,-86.6963947433615,0,1.65000000000009
"S1",1000,0.5,1,0.8,969,0.469653177571772,1.03863608181045,0.770502874027056,-57.7179678858781,0,1.58799999999997
"S1",1000,0.5,1,0.8,970,0.241539570880766,1.02364744071877,0.455139887592786,-59.5088296142119,0,1.70900000000006
"S1",1000,0.5,1,0.8,971,0.680439816406472,0.935600159662992,0.93078289100934,-61.1654308971131,0,1.66799999999989
"S1",1000,0.5,1,0.8,972,0.591379076410664,0.98565056727296,0.827433482555434,-122.48249102005,0,1.51999999999998
"S1",1000,0.5,1,0.8,973,0.326419874122724,1.06175013666533,0.607101988543318,-35.8072873601327,0,1.75599999999986
"S1",1000,0.5,1,0.8,974,0.51447216003301,0.964227515504941,0.686094730175411,-204.569028071859,0,1.76400000000012
"S1",1000,0.5,1,0.8,975,0.516259588726772,0.971212400223243,0.790276522184893,-63.5052213292936,0,1.55999999999995
"S1",1000,0.5,1,0.8,976,0.208964812900336,1.02000636830861,0.402096562371567,-50.8803126157659,0,1.86400000000003
"S1",1000,0.5,1,0.8,977,0.888468307229894,0.977716915698669,1.27772789553273,63.7706968683663,0,1.64300000000003
"S1",1000,0.5,1,0.8,978,0.671330125823238,0.989260808565689,0.936378382417667,-84.0700673547733,0,1.55700000000002
"S1",1000,0.5,1,0.8,979,0.307526118451632,1.0406246649364,0.574971592119891,-34.147012802631,0,1.68299999999999
"S1",1000,0.5,1,0.8,980,0.670136071322519,0.930863387462659,0.913857631925558,-68.2528483440212,0,1.58600000000001
"S1",1000,0.5,1,0.8,981,0.634215926613017,0.987120277946563,0.916048116600762,-63.8923035255291,0,1.6239999999998
"S1",1000,0.5,1,0.8,982,0.253167965292359,1.04413670553822,0.490193543857877,-32.4222795422741,0,1.88199999999983
"S1",1000,0.5,1,0.8,983,0.820070346938477,0.962159439613066,1.02002807214843,-102.209335028893,0,1.75300000000016
"S1",1000,0.5,1,0.8,984,0.627877509487073,1.00012565717642,0.956361501414891,-33.0702628168342,0,1.55499999999984
"S1",1000,0.5,1,0.8,985,0.45923015240039,0.996161999081984,0.742548949306466,-64.067100408023,0,1.6239999999998
"S1",1000,0.5,1,0.8,986,0.694583869704001,1.00274614925987,1.04368125134281,-11.0602077155363,0,1.6389999999999
"S1",1000,0.5,1,0.8,987,0.453677592369889,1.02547456268768,0.780829041431593,-18.7365571271075,0,1.71199999999999
"S1",1000,0.5,1,0.8,988,0.240518573140016,1.02439173628318,0.519800896094106,79.0255663486255,0,1.78100000000018
"S1",1000,0.5,1,0.8,989,0.84221434649842,0.989548060165765,1.08256100811676,-77.3983930902994,0,1.72499999999991
"S1",1000,0.5,1,0.8,990,0.271495321758715,1.025161054653,0.51211998985204,-30.62460283412,0,2.05799999999999
"S1",1000,0.5,1,0.8,991,0.576956937748408,1.06062527461296,0.892408011871396,-81.5611349711041,0,1.68000000000006
"S1",1000,0.5,1,0.8,992,0.524809155253185,0.986268246809063,0.821264115248527,-48.903880502271,0,1.85699999999997
"S1",1000,0.5,1,0.8,993,0.53181817375656,0.992811438417528,0.790735910960778,-100.636640539857,0,1.75
"S1",1000,0.5,1,0.8,994,0.517788956458529,0.972386935210044,0.808911383913696,-51.7090428759111,0,1.79099999999994
"S1",1000,0.5,1,0.8,995,0.717898117741064,1.01856589430143,1.09822549124075,11.0106825594721,0,1.61899999999991
"S1",1000,0.5,1,0.8,996,0.567084460821314,0.997943603009246,0.853573260927888,-66.6241564143211,0,1.71599999999989
"S1",1000,0.5,1,0.8,997,0.889081370419954,0.940679683846644,1.14920894101928,-15.8106279906442,0,1.73000000000002
"S1",1000,0.5,1,0.8,998,0.1966246246184,1.05212248907215,0.376545338083758,-75.0397929630587,0,1.64799999999991
"S1",1000,0.5,1,0.8,999,0.609057935996188,1.00432879180428,0.986928986801434,23.0126393480414,0,1.56899999999996
"S1",1000,0.5,1,0.8,1000,0.897692809204623,0.986625036830586,1.14920927134525,-60.8050452121993,0,1.78999999999996
