"scenario","n","alpha_true","beta_true","lambda_true","replication","alpha_hat","beta_hat","lambda_hat","logLik","convergence","seconds"
"S1",100,0.5,1,0.8,1,0.468541663174231,0.911782452858198,0.671871537742907,-12.0635514765136,0,0.65
"S1",100,0.5,1,0.8,2,0.774564311389043,1.00863800790779,0.960334886606729,-14.9815794275405,0,0.948
"S1",100,0.5,1,0.8,3,0.626309057253119,0.945407725885159,1.00413548914818,7.01015358229648,0,0.448
"S1",100,0.5,1,0.8,4,0.0692253049206109,1.27033515700427,0.169631789895359,-5.21257437610149,0,0.526
"S1",100,0.5,1,0.8,5,0.524123315582269,1.06455425162721,1.06124628426669,12.7294598299002,0,0.442
"S1",100,0.5,1,0.8,6,0.468707097608605,1.07910498410631,0.877093105746533,3.36506661807783,0,0.521
"S1",100,0.5,1,0.8,7,0.0906107534220452,1.1204919257388,0.193300286512723,-9.92363171255471,0,0.582
"S1",100,0.5,1,0.8,8,2.55356237605206,0.952645405947356,1.805009388597,-4.08566241036641,0,0.472
"S1",100,0.5,1,0.8,9,0.158002427739729,1.12333913974802,0.309078850300854,-13.4191093305018,0,0.5
"S1",100,0.5,1,0.8,10,13.4196956710652,0.751491247433727,2.15093996644576,2.95545285202476,0,0.626
"S1",100,0.5,1,0.8,11,1.63821782767883,1.08568000641242,2.35592201280481,27.3013860672428,0,0.471
"S1",100,0.5,1,0.8,12,0.439649124926307,0.925891623337795,0.705253478151162,-4.58890736209858,0,0.473
"S1",100,0.5,1,0.8,13,0.23108490180323,1.09510851677019,0.515416343348595,4.50004621523038,0,0.508000000000001
"S1",100,0.5,1,0.8,14,0.541802383245627,0.867486950614381,0.767850078528331,-2.80199360541476,0,0.454000000000001
"S1",100,0.5,1,0.8,15,6.70978246620612,0.875838349776182,2.22081156692129,3.0404078803239,0,0.529
"S1",100,0.5,1,0.8,16,0.532365766991814,0.992570259352846,0.931264427987164,5.44875050064681,0,0.526
"S1",100,0.5,1,0.8,17,9999.82876539083,0.715869208566538,2.19809387348418,-0.0864517159957074,0,0.879000000000001
"S1",100,0.5,1,0.8,18,0.770963583649939,1.0518211477909,1.20078564074542,1.90699615110032,0,0.436999999999999
"S1",100,0.5,1,0.8,19,0.469650885888661,1.14997463614476,0.82692194365752,-7.1895141330761,0,0.473000000000001
"S1",100,0.5,1,0.8,20,0.577442160379589,1.16251564698006,0.87047171848004,-14.9153262990115,0,0.548999999999999
"S1",100,0.5,1,0.8,21,9999.73436258285,0.765514432840515,2.90172998470786,29.6970940157545,0,1.037
"S1",100,0.5,1,0.8,22,1.34477757227724,0.958371600106994,1.51935775539616,2.61033155302812,0,0.465
"S1",100,0.5,1,0.8,23,0.254567030488439,0.932317089531339,0.515774885895089,7.30532825463081,0,0.470000000000001
"S1",100,0.5,1,0.8,24,0.351015722355082,1.0047471598725,0.663647517306899,3.77645053755333,0,0.555
"S1",100,0.5,1,0.8,25,0.637708599111065,1.02682139830401,1.22367480653899,17.9129181023627,0,0.542000000000002
"S1",100,0.5,1,0.8,26,0.111437921296723,0.971401841254553,0.191891431567549,-21.1254005362714,0,0.491999999999999
"S1",100,0.5,1,0.8,27,7.76864115228097,0.816309425244155,1.74387367193154,-22.8854642028995,0,0.563999999999998
"S1",100,0.5,1,0.8,28,1.32000130270538,0.912037661880017,1.48610585661749,5.7625591204997,0,0.518999999999998
"S1",100,0.5,1,0.8,29,0.15387779768938,1.01882191566432,0.352205541222694,7.07849463078594,0,0.579000000000001
"S1",100,0.5,1,0.8,30,0.592770291759464,0.94627577528341,0.793851935269018,-14.5576137374655,0,0.488
"S1",100,0.5,1,0.8,31,0.834263242997921,0.862451530936196,0.833355360591121,-25.0042921363019,0,0.488
"S1",100,0.5,1,0.8,32,4.52042503583251,0.83313961793527,1.56711808400285,-27.4807355954261,0,0.555999999999997
"S1",100,0.5,1,0.8,33,1.03378799478877,0.956351169620297,1.12720167535647,-13.8008095675093,0,0.485999999999997
"S1",100,0.5,1,0.8,34,1.14014609154011,0.878744150615233,1.08652356740116,-16.7586086818397,0,0.573
"S1",100,0.5,1,0.8,35,2.36290374370994,0.889906428954743,1.45786275774427,-21.0789888123986,0,0.587
"S1",100,0.5,1,0.8,36,0.699291886332712,0.991210263566322,1.05499371645029,2.00022053404709,0,0.48
"S1",100,0.5,1,0.8,37,1.57299822997808,0.910138622709797,1.45753214968265,-4.8012064381802,0,0.523999999999997
"S1",100,0.5,1,0.8,38,0.182494081656394,1.03237619841586,0.332849413014702,-15.551606830269,0,0.545000000000002
"S1",100,0.5,1,0.8,39,0.90867447801642,0.907954171686104,1.23030799220878,5.29045291131425,0,0.452000000000002
"S1",100,0.5,1,0.8,40,0.411193107249724,1.03107303223721,0.672254177278292,-10.4235708456903,0,0.474
"S1",100,0.5,1,0.8,41,0.271091488605671,1.14656413872847,0.560697959971341,-3.21186446718428,0,0.547999999999998
"S1",100,0.5,1,0.8,42,2.14097299429392,1.04529010084704,2.16818787571677,13.1084611936724,0,0.504999999999999
"S1",100,0.5,1,0.8,43,0.279275989559,1.02244963995405,0.627559655306666,14.1770442014059,0,0.491
"S1",100,0.5,1,0.8,44,0.28606751629373,1.03142263743207,0.553737392359033,-0.8730660564012,0,0.557000000000002
"S1",100,0.5,1,0.8,45,1.17255950821973,1.17964652649128,1.29081846694653,-18.1885730369201,0,0.461000000000002
"S1",100,0.5,1,0.8,46,0.741716985224173,1.05564216927717,1.15414172468468,-0.319333926930994,0,0.447999999999997
"S1",100,0.5,1,0.8,47,4.89601450250392,0.886901026577371,1.82960834415237,-14.4469536115503,0,0.507999999999999
"S1",100,0.5,1,0.8,48,0.411065346729125,1.0504200204417,0.792373344675024,2.74276960183352,0,0.497
"S1",100,0.5,1,0.8,49,9999.90517448077,0.766707635182959,2.17310744713809,-7.29772028951515,0,0.907999999999998
"S1",100,0.5,1,0.8,50,0.221397572445677,1.07890658535878,0.524633643573322,10.2734062961725,0,0.594999999999999
"S1",100,0.5,1,0.8,51,0.610992555028048,1.18311626842929,1.00364309525919,-7.54596728352803,0,0.575000000000003
"S1",100,0.5,1,0.8,52,0.137610587411731,0.985222582672312,0.262506582148146,-9.19281807876163,0,0.57
"S1",100,0.5,1,0.8,53,11.906200494812,0.918162044138144,2.38926465982477,0.685881878474163,0,0.632999999999999
"S1",100,0.5,1,0.8,54,0.230251556381163,1.0219033260657,0.438247135784186,-5.10460803763769,0,0.648
"S1",100,0.5,1,0.8,55,3.7216957443146,0.86650011524475,1.60574842213754,-21.0637327414171,0,0.526999999999997
"S1",100,0.5,1,0.8,56,0.267734021877617,1.00308492668536,0.539826109858255,-0.969799511690297,0,0.512000000000004
"S1",100,0.5,1,0.8,57,1.39455466350865,0.967390221069673,1.57233061786136,3.63011984895414,0,0.469000000000001
"S1",100,0.5,1,0.8,58,0.508040846838869,0.955338501951671,0.706862284111891,-17.4286184395461,0,0.481000000000002
"S1",100,0.5,1,0.8,59,0.152149394049498,1.16082230803306,0.359332086833241,0.120272571944042,0,0.512
"S1",100,0.5,1,0.8,60,0.331671099831968,1.07738893219772,0.557443736710877,-14.2297854289072,0,0.487000000000002
"S1",100,0.5,1,0.8,61,0.308387440531857,1.11517266370459,0.626565701131867,-0.651406957748463,0,0.476999999999997
"S1",100,0.5,1,0.8,62,0.134967464062263,1.17263653755102,0.346847505449113,5.82410518014575,0,0.579000000000001
"S1",100,0.5,1,0.8,63,0.183423172308989,1.07524841730718,0.364584469988231,-8.63368208667114,0,0.520000000000003
"S1",100,0.5,1,0.8,64,4.59309056464146,0.843848379180007,2.11668625190403,6.86020825272456,0,0.520000000000003
"S1",100,0.5,1,0.8,65,16.5450802839426,0.784189963343535,2.28351008493998,5.01657500165174,0,0.646000000000001
"S1",100,0.5,1,0.8,66,3.2386680122049,0.905727515527489,1.88217342206818,-2.71993900425286,0,0.515999999999998
"S1",100,0.5,1,0.8,67,9999.83992315034,0.858257985768142,2.51660422006545,1.72861727783109,0,0.848999999999997
"S1",100,0.5,1,0.8,68,0.849630093484882,0.9215936554463,1.04352837823067,-10.2800137521351,0,0.457000000000001
"S1",100,0.5,1,0.8,69,2.95633655950526,1.0308143074934,2.04111371041192,-1.14003262641299,0,0.546999999999997
"S1",100,0.5,1,0.8,70,1.37625521842085,0.966526809796411,1.34177920737591,-11.9483720285042,0,0.472999999999999
"S1",100,0.5,1,0.8,71,9999.90894540832,0.870700521482594,2.22680033879111,-13.1340084478143,0,1.021
"S1",100,0.5,1,0.8,72,0.771671123862161,0.97842955695901,1.17661849604832,5.73272489792942,0,0.448
"S1",100,0.5,1,0.8,73,0.249436380127448,1.10195802738479,0.511406600273036,-3.29776663737968,0,0.555
"S1",100,0.5,1,0.8,74,0.358265563991137,1.12224645753992,0.82487580863216,13.0158920896804,0,0.519000000000005
"S1",100,0.5,1,0.8,75,0.707457807639205,0.901797590815789,0.903333732566169,-9.39671892666567,0,0.448999999999998
"S1",100,0.5,1,0.8,76,0.580344623065026,1.04357998905797,0.923434869391165,-4.57217713487447,0,0.446000000000005
"S1",100,0.5,1,0.8,77,0.451697495329588,0.924229695086296,0.687788238767688,-5.71285263134212,0,0.481999999999999
"S1",100,0.5,1,0.8,78,0.900149810435295,0.952398369279848,0.855944157233274,-34.1578234596344,0,0.444999999999993
"S1",100,0.5,1,0.8,79,0.960914460333601,0.940291240819269,1.0080865205358,-19.4793082723845,0,0.449999999999996
"S1",100,0.5,1,0.8,80,0.137427954655703,1.15780492401329,0.321791068535276,-0.751986775037665,0,0.484000000000002
"S1",100,0.5,1,0.8,81,0.499976292168292,1.04982460202401,0.825052920486248,-7.23574714744802,0,0.449999999999996
"S1",100,0.5,1,0.8,82,3.24743527978825,0.938649999586441,2.30011388465302,15.77070279851,0,0.469000000000001
"S1",100,0.5,1,0.8,83,0.108583544414357,1.17398534318304,0.233604701281664,-9.46322347923243,0,0.542000000000002
"S1",100,0.5,1,0.8,84,1.0488116191548,1.02788011066642,1.0293352920423,-28.3986747626603,0,0.454000000000001
"S1",100,0.5,1,0.8,85,0.590574965984891,0.959835338300016,0.927158971980865,-1.40132040221724,0,0.496000000000002
"S1",100,0.5,1,0.8,86,1.96877059548573,1.04057416479454,2.0130430672277,8.45184233504989,0,0.466000000000001
"S1",100,0.5,1,0.8,87,0.929827033268787,0.880991013491844,1.0090860548513,-14.7637201197973,0,0.460000000000001
"S1",100,0.5,1,0.8,88,0.741073175957491,1.07226456596278,1.17985568020608,0.612805405572516,0,0.450000000000003
"S1",100,0.5,1,0.8,89,0.241158239706996,0.991270294324821,0.483381282412614,4.82971795921929,0,0.496000000000002
"S1",100,0.5,1,0.8,90,0.26750908061083,1.10402217427109,0.601421744016882,5.10636609252418,0,0.530999999999999
"S1",100,0.5,1,0.8,91,0.785606499601519,0.915672271275295,0.948918544674714,-13.357399683834,0,0.414000000000001
"S1",100,0.5,1,0.8,92,9999.8259250679,0.949225916403773,2.72121887588648,3.40994258386544,0,0.829000000000001
"S1",100,0.5,1,0.8,93,0.300975474325686,1.11826847796436,0.601346674105204,-3.39193145518269,0,0.568999999999996
"S1",100,0.5,1,0.8,94,1.091109541271,0.867580631777649,1.06966398135624,-17.1735747675626,0,0.430999999999997
"S1",100,0.5,1,0.8,95,3.86917006948134,0.798498581752426,1.70155303995486,-9.49844723148288,0,0.637
"S1",100,0.5,1,0.8,96,0.186736339410799,1.00699514729293,0.311850338658862,-17.4945618798494,0,0.591000000000001
"S1",100,0.5,1,0.8,97,0.91621371139772,0.89722057900148,1.16930658354102,1.89982587420053,0,0.514000000000003
"S1",100,0.5,1,0.8,98,0.48221502532155,1.23952089550164,1.17219582237695,15.2196921190132,0,0.615000000000002
"S1",100,0.5,1,0.8,99,0.175945836712369,1.08518708551417,0.327705929799275,-13.6781577521601,0,0.512999999999998
"S1",100,0.5,1,0.8,100,0.385869259627725,0.934027161155684,0.590048572026616,-13.4526075045282,0,0.460000000000001
"S1",100,0.5,1,0.8,101,2.67353828324463,1.0552355275841,1.87633277913236,-7.4013370634953,0,0.503
"S1",100,0.5,1,0.8,102,1.16466675629067,1.02961564475819,1.56204243172404,7.91449880625893,0,0.436
"S1",100,0.5,1,0.8,103,0.322970729679723,1.11296118988787,0.82702917764434,19.6425272656535,0,0.467000000000006
"S1",100,0.5,1,0.8,104,9999.57988906673,0.756909997532984,2.24759711503879,-2.34268603587117,0,0.875
"S1",100,0.5,1,0.8,105,4.96256620012082,0.955070762969147,2.28921691123607,4.50574225153454,0,0.460000000000001
"S1",100,0.5,1,0.8,106,0.211339096595827,1.11404035363819,0.392589065936916,-16.5552113839775,0,0.512
"S1",100,0.5,1,0.8,107,2.41400478531805,0.893764205714973,1.55588876640704,-13.4910262194197,0,0.463000000000001
"S1",100,0.5,1,0.8,108,0.277919112649799,0.989358385495246,0.511981150602373,-4.21215600290941,0,0.439999999999998
"S1",100,0.5,1,0.8,109,0.821825034572485,0.937523167029074,1.09530876768807,-2.62328753227575,0,0.439
"S1",100,0.5,1,0.8,110,0.424709771406422,1.13017957786716,0.8526359216683,2.91524890826034,0,0.510999999999996
"S1",100,0.5,1,0.8,111,5.12349403209417,0.978551341197543,2.78130282039051,21.9173164549823,0,0.506
"S1",100,0.5,1,0.8,112,1.15985644174727,0.878868150704498,1.10725230450012,-15.6329710460444,0,0.462000000000003
"S1",100,0.5,1,0.8,113,0.454811236003909,0.962333074929046,0.664775106310991,-13.5069329120451,0,0.460999999999999
"S1",100,0.5,1,0.8,114,0.583150862867839,0.95962447691025,0.708386214884928,-27.3037835081164,0,0.513999999999996
"S1",100,0.5,1,0.8,115,0.275616872369892,1.07715408583878,0.47293961468769,-14.990784795773,0,0.498999999999995
"S1",100,0.5,1,0.8,116,0.827572659767067,0.96998156785078,1.07202975721999,-8.290975303198,0,0.454000000000001
"S1",100,0.5,1,0.8,117,0.567383821156701,1.01398074907009,0.823298198220256,-13.2270789592216,0,0.514000000000003
"S1",100,0.5,1,0.8,118,0.449124088353321,0.950105288107721,0.605695622387165,-21.1095943564834,0,0.460999999999999
"S1",100,0.5,1,0.8,119,5.91331736441429,0.879859129328759,1.89061854457136,-13.6964380877286,0,0.548000000000002
"S1",100,0.5,1,0.8,120,0.17175870163621,1.20224156349598,0.406393110778802,0.293021110951571,0,0.585999999999999
"S1",100,0.5,1,0.8,121,0.421620194747368,1.02859525167747,0.606938448465407,-21.2214183237323,0,0.472999999999999
"S1",100,0.5,1,0.8,122,1.78773972107272,0.861958814739487,1.52913986095069,-0.547681602207263,0,0.531000000000006
"S1",100,0.5,1,0.8,123,3.55832525145743,0.866557567186248,2.02533580165536,6.80119604866945,0,0.50800000000001
"S1",100,0.5,1,0.8,124,1.45238990410395,1.12333545974366,1.78104987047285,3.82470372760739,0,0.415000000000006
"S1",100,0.5,1,0.8,125,0.900884072828707,0.958676929622126,1.3526036247586,10.395270799281,0,0.467999999999989
"S1",100,0.5,1,0.8,126,0.446943590420173,1.16762227784352,0.92824252905442,5.0282470583283,0,0.495999999999995
"S1",100,0.5,1,0.8,127,0.514102558315855,1.18088444321788,0.981771825241368,0.420881027868319,0,0.501999999999995
"S1",100,0.5,1,0.8,128,0.300845987019523,0.971292929629951,0.561197726087225,-2.7889828229402,0,0.456000000000003
"S1",100,0.5,1,0.8,129,0.561639191791355,0.987830512271039,0.923648495040691,3.03986467370092,0,0.49799999999999
"S1",100,0.5,1,0.8,130,1.60680460376142,0.884876769909167,1.40023977890457,-8.25565140980581,0,0.484999999999999
"S1",100,0.5,1,0.8,131,0.385813775797862,0.96484074397176,0.604749409351702,-13.6492362126191,0,0.457999999999998
"S1",100,0.5,1,0.8,132,1.70218548937589,0.96082781772597,1.45915307086446,-11.0823265858616,0,0.494
"S1",100,0.5,1,0.8,133,0.1564923791237,1.03577428471178,0.338627940056761,0.449608063390116,0,0.465000000000003
"S1",100,0.5,1,0.8,134,0.470595052213217,0.970861185148172,0.69205291648901,-13.8565922401353,0,0.480999999999995
"S1",100,0.5,1,0.8,135,0.666679474496443,1.03605265732307,0.983367875574524,-7.0040163391661,0,0.460999999999999
"S1",100,0.5,1,0.8,136,0.490447759419746,1.01197160631743,0.854169594088728,3.54129224246049,0,0.477000000000004
"S1",100,0.5,1,0.8,137,0.40107674321574,0.988389245831794,0.605473548299447,-15.0446894244918,0,0.474000000000004
"S1",100,0.5,1,0.8,138,0.333441732615735,1.15911606136252,0.68551054626099,-0.373802361006739,0,0.469999999999999
"S1",100,0.5,1,0.8,139,0.402665140980721,1.0529369015509,0.796456331655482,7.59724768946185,0,0.468000000000004
"S1",100,0.5,1,0.8,140,0.156956578271621,1.06458072565607,0.348890955600559,4.54362893792074,0,0.513999999999996
"S1",100,0.5,1,0.8,141,1.01828055408543,0.945698326230298,1.10802464672963,-15.2527206800675,0,0.454999999999998
"S1",100,0.5,1,0.8,142,2.32451062708466,0.93829087441781,2.26056906651223,23.6652528543181,0,0.471999999999994
"S1",100,0.5,1,0.8,143,1.04933446114824,0.897127184418252,1.25926270577753,2.62983592841701,0,0.503
"S1",100,0.5,1,0.8,144,0.712093880492561,0.936203552408626,1.06543412733919,6.77901203476767,0,0.50800000000001
"S1",100,0.5,1,0.8,145,0.151842623623329,1.07330974795259,0.222768684413843,-36.2534859806226,0,0.521000000000001
"S1",100,0.5,1,0.8,146,0.288370462610023,0.90539421318429,0.489372613933866,-3.72427007736027,0,0.509
"S1",100,0.5,1,0.8,147,1.055173864188,0.813003943721879,1.1735699516188,1.11823324448363,0,0.417000000000002
"S1",100,0.5,1,0.8,148,0.583820416474386,0.951820621275463,1.02746203686493,11.7076696096965,0,0.518000000000001
"S1",100,0.5,1,0.8,149,0.338547031013416,0.928339697669668,0.654731163011418,9.38138429946207,0,0.460999999999999
"S1",100,0.5,1,0.8,150,1.83512305586586,0.901768230155114,1.52177648930841,-6.41436028650824,0,0.501000000000005
"S1",100,0.5,1,0.8,151,0.318056115702511,1.10259476448382,0.746372894029548,12.6587705646472,0,0.469999999999999
"S1",100,0.5,1,0.8,152,1.06492412328052,0.781602010303115,1.22025114018488,11.8465257826372,0,0.465999999999994
"S1",100,0.5,1,0.8,153,1.59762952011734,0.879539081547784,1.68783903858001,12.769140824741,0,0.477000000000004
"S1",100,0.5,1,0.8,154,0.111061731475495,1.00166201164122,0.25019107524371,6.66790453451787,0,0.510999999999996
"S1",100,0.5,1,0.8,155,5.0676054959904,0.988465030640208,2.73627364098582,20.3057205980355,0,0.534999999999997
"S1",100,0.5,1,0.8,156,9999.96542873615,0.777911251307599,2.23028485550428,-5.15855718980896,0,0.935000000000002
"S1",100,0.5,1,0.8,157,0.866824264798945,0.927513709664858,0.933987820930401,-23.2112828987244,0,0.453999999999994
"S1",100,0.5,1,0.8,158,0.213461176146464,1.02185122950916,0.561927898113742,22.5354414772769,0,0.50200000000001
"S1",100,0.5,1,0.8,159,0.0924342485981394,1.00512748078806,0.162050649886315,-21.2281846092887,0,0.539000000000001
"S1",100,0.5,1,0.8,160,1.02560808211483,0.839218691389781,1.26956075465495,10.5048837611625,0,0.414999999999992
"S1",100,0.5,1,0.8,161,0.357968546900197,1.01265306780228,0.637622209620451,-4.951161182069,0,0.462999999999994
"S1",100,0.5,1,0.8,162,0.40415632657694,0.907780230438567,0.764619113435521,12.3400468169382,0,0.447000000000003
"S1",100,0.5,1,0.8,163,0.709503355362741,0.933409741226467,0.827646696752189,-23.4552633680153,0,0.451000000000008
"S1",100,0.5,1,0.8,164,1.75607579933081,0.795084845601128,1.4887547856044,4.0214149571064,0,0.451999999999998
"S1",100,0.5,1,0.8,165,1.77255004553701,0.793607726739227,1.11164125450463,-32.1521926425804,0,0.495000000000005
"S1",100,0.5,1,0.8,166,0.540762809006145,0.897681788309467,0.740898092035469,-10.6384977593225,0,0.522000000000006
"S1",100,0.5,1,0.8,167,2.7984737157921,0.865447313569451,1.29483699899746,-37.7185125585265,0,0.509
"S1",100,0.5,1,0.8,168,0.146543115073278,1.06331450745243,0.393066889233937,20.804197973818,0,0.540999999999997
"S1",100,0.5,1,0.8,169,1.0901910274813,0.987358167768587,1.07584220042347,-23.0588680056418,0,0.516999999999996
"S1",100,0.5,1,0.8,170,2.21738976560665,0.900606113354256,1.1967847070805,-39.9223572994042,0,0.468999999999994
"S1",100,0.5,1,0.8,171,0.860698856244534,0.902065794712695,1.08194875555685,-2.42431810036055,0,0.506
"S1",100,0.5,1,0.8,172,1.17825206685214,0.88353958813622,1.41346263592433,9.45042214058378,0,0.513999999999996
"S1",100,0.5,1,0.8,173,2.65059193010672,0.845528510346017,1.6863698394998,-3.63790506126514,0,0.516000000000005
"S1",100,0.5,1,0.8,174,0.689852690346236,0.978662129364033,0.984860535760501,-3.56157604196082,0,0.47399999999999
"S1",100,0.5,1,0.8,175,1.18771390719473,1.06904447051466,1.80477764758782,17.364914335041,0,0.444000000000003
"S1",100,0.5,1,0.8,176,0.532766589895974,0.990429315545681,0.89790577982479,0.886413183191848,0,0.435000000000002
"S1",100,0.5,1,0.8,177,1.46301630816286,0.978560206878858,1.4328651821027,-7.53211508884459,0,0.438000000000002
"S1",100,0.5,1,0.8,178,0.668879825348186,1.04741213551008,0.887063709552145,-16.2754453388191,0,0.462999999999994
"S1",100,0.5,1,0.8,179,0.227946649044389,1.20078690970171,0.500962133685004,-3.16847676849409,0,0.497
"S1",100,0.5,1,0.8,180,0.552695767135464,0.895771714889813,0.826800293805778,-0.776313109681325,0,0.460999999999999
"S1",100,0.5,1,0.8,181,0.111498431232213,1.0406948087324,0.22094406975543,-10.0209927343733,0,0.503999999999991
"S1",100,0.5,1,0.8,182,0.265931136068159,0.920191496181636,0.460789641054809,-4.95361719248288,0,0.488
"S1",100,0.5,1,0.8,183,0.798654908158297,1.03374951831241,0.925248338823587,-23.8258834325812,0,0.486999999999995
"S1",100,0.5,1,0.8,184,0.948868268527934,0.922701624566145,1.26502909578622,5.58411036771156,0,0.543999999999997
"S1",100,0.5,1,0.8,185,0.49067555673441,0.967367364700302,0.68473707000465,-17.6972415501476,0,0.528999999999996
"S1",100,0.5,1,0.8,186,1.22462070643029,0.847452472923648,1.08554490161621,-21.5309287934797,0,0.424000000000007
"S1",100,0.5,1,0.8,187,1.05080286131259,0.899383719554612,1.3051968036975,7.52048190866731,0,0.466000000000008
"S1",100,0.5,1,0.8,188,0.569004852284226,1.03850848127281,0.696416105465442,-28.5149465823591,0,0.486000000000004
"S1",100,0.5,1,0.8,189,0.220318023770015,0.983088625284415,0.430139955758215,1.19778783541094,0,0.498999999999995
"S1",100,0.5,1,0.8,190,9998.19125926314,0.792018796805488,2.10386868732721,-14.1781470843851,0,1.071
"S1",100,0.5,1,0.8,191,0.0715033966553339,1.05770126224166,0.207263500420426,22.0167408183914,0,0.499000000000009
"S1",100,0.5,1,0.8,192,0.854651506486411,1.11843410253949,1.24935851419218,-5.30390841458865,0,0.476000000000013
"S1",100,0.5,1,0.8,193,1.04798025565694,0.945645924934883,1.03051177692572,-25.1300034165373,0,0.439999999999998
"S1",100,0.5,1,0.8,194,1.43471831867606,0.988120777429305,1.48186981018598,-4.70373761114882,0,0.468999999999994
"S1",100,0.5,1,0.8,195,0.277527292334574,1.18140515781815,0.520127008848857,-12.7314452755337,0,0.516999999999996
"S1",100,0.5,1,0.8,196,9.14706536334044,0.799307466973621,1.68048850768245,-28.8977062968213,0,0.537000000000006
"S1",100,0.5,1,0.8,197,0.060567109059777,1.19352162297089,0.146155583188285,-3.70390447289554,0,0.558000000000007
"S1",100,0.5,1,0.8,198,0.835024633064988,0.98756400399053,1.25874330243911,6.22336693449577,0,0.51100000000001
"S1",100,0.5,1,0.8,199,0.218444454989546,0.881457374964507,0.359860028179639,-10.6307985040338,0,0.455000000000013
"S1",100,0.5,1,0.8,200,0.547901603853776,0.924896250410478,0.780892455593574,-7.54163518723215,0,0.47699999999999
"S1",100,0.5,1,0.8,201,0.0828306512717343,1.00693156396167,0.153275356239613,-21.0239259466954,0,0.522000000000006
"S1",100,0.5,1,0.8,202,3.72823565467663,0.934731040421019,2.02670545818221,-0.786243069881692,0,0.581999999999994
"S1",100,0.5,1,0.8,203,0.472109299140047,1.08159668326375,0.817270768381267,-4.91526098754576,0,0.498000000000005
"S1",100,0.5,1,0.8,204,0.095217316203385,0.997599302244418,0.187765881205934,-7.76733695261237,0,0.554000000000002
"S1",100,0.5,1,0.8,205,0.2399761805555,1.15051118874336,0.724887103164421,29.6083990525336,0,0.574999999999989
"S1",100,0.5,1,0.8,206,0.216625612914246,1.07347030308429,0.380721273059023,-18.3609970490365,0,0.546000000000006
"S1",100,0.5,1,0.8,207,9999.92090751152,0.771198747289954,2.17636390888038,-7.94595493755952,0,0.957000000000008
"S1",100,0.5,1,0.8,208,10.626646767849,0.714309314085805,1.69261396344717,-22.8942435634216,0,0.612000000000009
"S1",100,0.5,1,0.8,209,0.564793385937744,1.02686673966387,0.933143775414535,1.0025052444042,0,0.453000000000003
"S1",100,0.5,1,0.8,210,0.423306917191408,0.959071974569816,0.740798828995237,0.517143182951116,0,0.527999999999992
"S1",100,0.5,1,0.8,211,0.547087347102322,1.04463048138592,0.685820478713499,-29.3214886579033,0,0.468999999999994
"S1",100,0.5,1,0.8,212,0.838616938566301,1.02940885121524,1.20599636556177,-0.197650263962288,0,0.539000000000001
"S1",100,0.5,1,0.8,213,0.363788727068578,1.07803644789886,0.598085389669411,-14.5250262613058,0,0.659999999999997
"S1",100,0.5,1,0.8,214,0.327634630468294,0.997373441030678,0.583895557096768,-4.84475380301319,0,0.494
"S1",100,0.5,1,0.8,215,0.135646025678508,1.06422692709396,0.257753967455997,-13.9149779204853,0,0.591999999999999
"S1",100,0.5,1,0.8,216,0.32898068537386,0.953481594168005,0.528788380664439,-12.6125552378476,0,0.576000000000008
"S1",100,0.5,1,0.8,217,0.367886113799692,1.18125440519209,0.69188995350516,-7.90822866234379,0,0.706000000000003
"S1",100,0.5,1,0.8,218,0.133545602308896,1.19993870816061,0.368682779577796,10.3200950950137,0,0.542000000000002
"S1",100,0.5,1,0.8,219,0.544517568373478,1.1171974256102,0.676187229205562,-33.543532723605,0,0.525999999999996
"S1",100,0.5,1,0.8,220,2.42689698479903,0.835778235852238,1.52588472173159,-11.3841467478098,0,0.498000000000005
"S1",100,0.5,1,0.8,221,0.607109373716276,0.987383729823151,0.765777484460782,-24.7723315208437,0,0.467000000000013
"S1",100,0.5,1,0.8,222,0.438110697470462,0.934316006577394,0.644763685145474,-13.0290797489646,0,0.478999999999999
"S1",100,0.5,1,0.8,223,0.128313523061854,1.08752276178263,0.397938919313285,29.4806164769766,0,0.472999999999999
"S1",100,0.5,1,0.8,224,0.22908443529771,1.13039595810556,0.481468891221166,-3.24018710803932,0,0.462999999999994
"S1",100,0.5,1,0.8,225,0.612165574975581,0.914735608224375,0.882496305097209,-2.67904736209888,0,0.436000000000007
"S1",100,0.5,1,0.8,226,1.14705665300883,0.973813325760028,1.34064879438093,-2.1873895260243,0,0.498000000000005
"S1",100,0.5,1,0.8,227,0.332349400200567,1.07464649986188,0.555026710678812,-17.0108577661208,0,0.480000000000004
"S1",100,0.5,1,0.8,228,1.14573338963176,0.932951777022332,1.23032193605558,-10.4338939411991,0,0.454000000000008
"S1",100,0.5,1,0.8,229,0.354588158858403,0.942464178941626,0.642446677695827,5.18708369851618,0,0.521000000000001
"S1",100,0.5,1,0.8,230,0.597115814465606,0.944186325251928,0.857874701916626,-6.53711760138015,0,0.528000000000006
"S1",100,0.5,1,0.8,231,1.61103918152028,0.881005563361157,1.20680269118245,-23.6841072121885,0,0.578000000000003
"S1",100,0.5,1,0.8,232,0.34365833644374,1.0852088026168,0.838456107841261,19.9883719583457,0,0.519999999999996
"S1",100,0.5,1,0.8,233,1.07468550785793,0.892763792793566,1.30381721301203,4.92901571530516,0,0.530000000000001
"S1",100,0.5,1,0.8,234,8.99371883000901,1.00236789064858,2.13627847778146,-13.9279412846151,0,0.538000000000011
"S1",100,0.5,1,0.8,235,0.195848735213915,1.17717445153719,0.412907660879409,-7.53689748918316,0,0.554000000000002
"S1",100,0.5,1,0.8,236,1.66762152686586,0.868402746416172,1.5263182598334,0.09833862334537,0,0.521999999999991
"S1",100,0.5,1,0.8,237,1.36710166339312,0.993690669440536,1.45440835267893,-3.14649512946531,0,0.501000000000005
"S1",100,0.5,1,0.8,238,0.751717488824877,0.908412859064251,1.10863228589729,8.43714650769789,0,0.426999999999992
"S1",100,0.5,1,0.8,239,0.575010233223958,0.919018065123023,0.938195234752263,7.62138507596643,0,0.418999999999997
"S1",100,0.5,1,0.8,240,1.19030013681603,0.999044899818846,1.35073014509881,-5.98395353579033,0,0.561999999999998
"S1",100,0.5,1,0.8,241,0.952092630234402,0.91795754711159,1.20946561126585,2.1544383085751,0,0.503
"S1",100,0.5,1,0.8,242,0.154095670821018,1.15408964272613,0.332585872933511,-6.13516191677678,0,0.494
"S1",100,0.5,1,0.8,243,1.12917703876853,0.855593980820759,1.16667940726968,-11.1529199673326,0,0.416999999999987
"S1",100,0.5,1,0.8,244,0.499358519553328,1.00864084455263,0.796228792920077,-5.64183581221076,0,0.459000000000003
"S1",100,0.5,1,0.8,245,0.359660732849255,0.988699559220942,0.548110384935611,-19.117579251313,0,0.531000000000006
"S1",100,0.5,1,0.8,246,0.452201438773671,1.00716139418311,0.550510707442245,-36.7398441074278,0,0.501000000000005
"S1",100,0.5,1,0.8,247,0.271285782391685,0.92076727355317,0.482839087831632,-5.17572804933755,0,0.513000000000005
"S1",100,0.5,1,0.8,248,0.403286065777491,0.979617769924571,0.807977647556966,12.3772639095837,0,0.522999999999996
"S1",100,0.5,1,0.8,249,0.425082809173287,1.05530513289041,0.853912615050011,8.20851511211382,0,0.555999999999983
"S1",100,0.5,1,0.8,250,0.379600429991261,0.96704950374387,0.665429420078186,-3.41964128475109,0,0.460000000000008
"S1",100,0.5,1,0.8,251,59.2038948402992,0.84416754361845,2.24019036445895,-8.70544294221335,0,0.819999999999993
"S1",100,0.5,1,0.8,252,0.444631640484005,1.07090501687487,0.750819828080232,-7.43490645591521,0,0.488
"S1",100,0.5,1,0.8,253,0.716423237082513,0.998280825365581,0.934473300082883,-13.8593183415803,0,0.47199999999998
"S1",100,0.5,1,0.8,254,9999.98338603551,0.785061367287221,2.34121141961614,1.42119595164766,0,0.819000000000017
"S1",100,0.5,1,0.8,255,9999.82577980812,0.813391728786682,2.36056648984604,-1.45404392781845,0,0.966000000000008
"S1",100,0.5,1,0.8,256,0.324209509802115,0.928651472033943,0.657464496729507,17.9911774509147,0,0.510999999999996
"S1",100,0.5,1,0.8,257,0.384452385387467,1.03374881936534,0.788714572339806,10.4726189373858,0,0.501000000000005
"S1",100,0.5,1,0.8,258,0.41348771563444,0.999192338593082,0.632532857689175,-11.5601861990814,0,0.518000000000001
"S1",100,0.5,1,0.8,259,0.460634287462736,0.970510905960913,0.507491651113082,-43.7733447565589,0,0.457999999999998
"S1",100,0.5,1,0.8,260,0.433998424041652,0.942647642159025,0.736062173232302,1.86584835794099,0,0.492000000000019
"S1",100,0.5,1,0.8,261,2.80444555490353,0.888566940467091,1.66135771173361,-10.3001650038359,0,0.557999999999993
"S1",100,0.5,1,0.8,262,0.178342530506643,1.11143082642407,0.318046494924836,-21.1330111440638,0,0.561999999999983
"S1",100,0.5,1,0.8,263,1.41212902459124,1.01400260991547,1.60108798764106,2.49130786129871,0,0.466000000000008
"S1",100,0.5,1,0.8,264,0.681205453028605,1.23196213985909,1.30606756069439,6.69320730274478,0,0.538999999999987
"S1",100,0.5,1,0.8,265,0.472356775698223,0.935879792253664,0.790306632252389,2.16629387649397,0,0.506
"S1",100,0.5,1,0.8,266,0.448679025938111,0.973118063097326,0.765777314484001,1.21976811592648,0,0.49799999999999
"S1",100,0.5,1,0.8,267,1.17939473390634,0.965009738240119,1.5952632150633,13.7809352722174,0,0.50800000000001
"S1",100,0.5,1,0.8,268,1.71031635571444,0.953786402525294,1.72402883926027,5.99639778634375,0,0.510000000000019
"S1",100,0.5,1,0.8,269,3.07142801321017,1.06655157276323,2.9082414549018,28.8398420565632,0,0.486999999999995
"S1",100,0.5,1,0.8,270,0.482747103313104,1.17510748482552,0.760168981560776,-16.158828175526,0,0.541999999999973
"S1",100,0.5,1,0.8,271,1.37068219223824,1.07696151711401,2.16806486481549,27.8975277302635,0,0.498000000000019
"S1",100,0.5,1,0.8,272,1.24560536510903,0.8781295917736,1.36051044197356,0.516839575266573,0,0.497000000000014
"S1",100,0.5,1,0.8,273,1.43686197654194,0.958989260155087,1.63947175792699,8.46241107212893,0,0.495000000000005
"S1",100,0.5,1,0.8,274,0.845784164286404,0.944625123588114,0.825278840638371,-35.9435121929755,0,0.483000000000004
"S1",100,0.5,1,0.8,275,0.187522710745229,1.06031398799873,0.436250706556682,9.28266892688239,0,0.580000000000013
"S1",100,0.5,1,0.8,276,0.34951453909562,0.920000511888847,0.716465170569336,16.9391262696541,0,0.490999999999985
"S1",100,0.5,1,0.8,277,1.69874128034038,1.18338429869506,1.79079761826306,-4.07911000183222,0,0.477000000000004
"S1",100,0.5,1,0.8,278,0.726117843082451,1.0315714189588,0.99517235752453,-12.3057694041548,0,0.5
"S1",100,0.5,1,0.8,279,0.267572237964126,0.997410763141039,0.455678214581534,-14.9746316795604,0,0.51400000000001
"S1",100,0.5,1,0.8,280,0.198197572493134,1.05884760443775,0.316893121430359,-23.8565908209723,0,0.528999999999996
"S1",100,0.5,1,0.8,281,0.68320648365237,0.91206363790076,0.93889386890423,-2.14345760446685,0,0.503000000000014
"S1",100,0.5,1,0.8,282,0.593979018269622,1.05331734454687,1.12462766109374,14.2709545146111,0,0.519999999999982
"S1",100,0.5,1,0.8,283,0.587336340733956,1.18780070037954,0.909570074778034,-12.8395260749716,0,0.557999999999993
"S1",100,0.5,1,0.8,284,1.29015812909101,0.912796967119233,1.48463009455727,6.6532803031096,0,0.521999999999991
"S1",100,0.5,1,0.8,285,0.919239474860158,0.873694705464727,1.01823180833426,-13.2676573402637,0,0.478000000000009
"S1",100,0.5,1,0.8,286,0.216224777886942,1.0760037924459,0.496950255393755,6.3760261618869,0,0.472999999999985
"S1",100,0.5,1,0.8,287,0.68078660775124,1.09523718983688,1.16934488589516,3.29627297658524,0,0.450000000000017
"S1",100,0.5,1,0.8,288,0.200978867407338,1.14606211359381,0.32747149861451,-26.3648895186869,0,0.561999999999983
"S1",100,0.5,1,0.8,289,0.894417546751072,1.10468773250963,1.45564507478633,8.67059505794268,0,0.451999999999998
"S1",100,0.5,1,0.8,290,0.47247033737122,0.944223177329887,0.780861660833466,1.75700311335623,0,0.498999999999995
"S1",100,0.5,1,0.8,291,4.62774575641722,1.05381613949578,2.59432748376974,11.117264141804,0,0.483000000000004
"S1",100,0.5,1,0.8,292,1.38073023087353,0.895870165067481,1.53985209660049,8.20196098108289,0,0.465000000000003
"S1",100,0.5,1,0.8,293,0.246793541517516,1.07463564974931,0.519340228686913,0.0577447129847144,0,0.503000000000014
"S1",100,0.5,1,0.8,294,0.277609555931262,1.11240947129665,0.552618510309221,-5.06477532691207,0,0.5
"S1",100,0.5,1,0.8,295,0.93982289841951,1.03702712642594,1.38709911740988,5.40597134928626,0,0.568999999999988
"S1",100,0.5,1,0.8,296,0.0767851944688454,0.991940595559206,0.130846775416843,-26.4489801342073,0,0.507999999999981
"S1",100,0.5,1,0.8,297,1.258311764813,0.952980129206402,1.27904265281162,-11.1675957879784,0,0.562000000000012
"S1",100,0.5,1,0.8,298,2.32490525781723,0.809824964730466,1.64632150934791,1.88749467273374,0,0.496999999999986
"S1",100,0.5,1,0.8,299,0.543265766685209,0.885847026107639,0.783343630494066,-2.12696314341841,0,0.466000000000008
"S1",100,0.5,1,0.8,300,1.530095411613,0.882705145736337,1.52962676511995,5.24091271991384,0,0.445999999999998
"S1",100,0.5,1,0.8,301,0.732771651276322,0.950147035311596,0.867851077354316,-22.6916668562678,0,0.456000000000017
"S1",100,0.5,1,0.8,302,0.309824388842653,1.08178423845391,0.694233284839529,8.23796551322104,0,0.453000000000003
"S1",100,0.5,1,0.8,303,2.24119971246748,0.954718852400196,1.80142839705205,-0.000631261714147513,0,0.451999999999998
"S1",100,0.5,1,0.8,304,9999.87295100645,0.740244560218314,2.36792980801611,7.135484022355,0,1.04599999999999
"S1",100,0.5,1,0.8,305,0.397823723167016,1.0021964061147,0.641667641730783,-10.9264356495152,0,0.516999999999996
"S1",100,0.5,1,0.8,306,0.0847795700144154,1.06876504462992,0.209190741014268,6.17000176331007,0,0.550000000000011
"S1",100,0.5,1,0.8,307,0.831933436803561,1.0220393155627,1.25036710648882,5.56071149726637,0,0.508999999999986
"S1",100,0.5,1,0.8,308,1.27592268917295,0.900934045560976,1.31168211278252,-4.71180630287751,0,0.483000000000004
"S1",100,0.5,1,0.8,309,0.362587168857038,0.98662434785769,0.668799937170915,1.8761387278428,0,0.492999999999995
"S1",100,0.5,1,0.8,310,1.12244184939306,0.975937620968485,1.55420821547981,11.9920130124462,0,0.462999999999994
"S1",100,0.5,1,0.8,311,0.704081098934075,1.0342579603882,1.06750345751927,-1.4032477162404,0,0.469999999999999
"S1",100,0.5,1,0.8,312,1.82779094025234,0.93577549015459,1.37384066298925,-20.1961222631498,0,0.487000000000023
"S1",100,0.5,1,0.8,313,1.15968685591289,0.909302206188131,1.26420433349366,-5.15563250008253,0,0.532999999999987
"S1",100,0.5,1,0.8,314,0.349479202918715,1.09359268503655,0.721155057864767,3.50275843684642,0,0.525000000000006
"S1",100,0.5,1,0.8,315,0.101022339766315,1.06529883401865,0.277126869119896,21.3155596281588,0,0.543999999999983
"S1",100,0.5,1,0.8,316,0.199441729512122,1.09846532208884,0.4077373572618,-3.85180632338256,0,0.526999999999987
"S1",100,0.5,1,0.8,317,0.327192040454452,1.04949863524176,0.702244743087571,9.70206817806445,0,0.505000000000024
"S1",100,0.5,1,0.8,318,0.307565161121557,1.05368050454556,0.532971419854922,-10.6505038649923,0,0.52600000000001
"S1",100,0.5,1,0.8,319,0.395745464228251,1.03650787467616,0.6308455751983,-15.0866114976766,0,0.484000000000009
"S1",100,0.5,1,0.8,320,0.51408837249939,0.922797942231834,0.765403238388435,-7.82862097200712,0,0.555000000000007
"S1",100,0.5,1,0.8,321,1.47951165857718,1.04555244135965,1.92442809493382,15.7284379113482,0,0.522999999999996
"S1",100,0.5,1,0.8,322,0.345888358334241,0.937281071020298,0.589465436727088,-2.41394656194035,0,0.488
"S1",100,0.5,1,0.8,323,0.231025558223673,1.07693286844798,0.428716901016544,-8.18179167611402,0,0.578000000000003
"S1",100,0.5,1,0.8,324,0.751671049651305,1.00463609506389,1.06134352977557,-2.32956012853737,0,0.527999999999992
"S1",100,0.5,1,0.8,325,0.0672702618596397,1.21502522388439,0.178933019076459,1.55523173620909,0,0.62299999999999
"S1",100,0.5,1,0.8,326,0.206233238718432,1.05422832205863,0.412640450865926,-5.46425274283436,0,0.516999999999996
"S1",100,0.5,1,0.8,327,1.24794849597817,0.878804684791279,1.07687904452007,-23.7694844866177,0,0.50800000000001
"S1",100,0.5,1,0.8,328,0.215556512173656,1.06747969376318,0.455378958855912,2.67162160997665,0,0.49799999999999
"S1",100,0.5,1,0.8,329,2.3432432071498,0.953499378149627,1.84689892232026,0.825917704611101,0,0.442999999999984
"S1",100,0.5,1,0.8,330,0.812724112154521,1.02201482252419,0.992930168845515,-17.5386779202934,0,0.461000000000013
"S1",100,0.5,1,0.8,331,0.708742616426152,1.01992668679615,1.04589328009878,-4.32584744336546,0,0.457999999999998
"S1",100,0.5,1,0.8,332,0.289129507381282,1.07868202230826,0.656887133706855,10.5023143241753,0,0.475000000000023
"S1",100,0.5,1,0.8,333,0.340813288857073,1.19942424255227,0.766471229449666,6.97765444671415,0,0.556000000000012
"S1",100,0.5,1,0.8,334,0.445939725934515,0.904967695851075,0.838828015351715,15.4515203679875,0,0.689
"S1",100,0.5,1,0.8,335,0.112682228889238,0.957790958353635,0.219032499807181,-5.5101322869177,0,1.123
"S1",100,0.5,1,0.8,336,0.315485167788215,1.10689428903618,0.788466167375594,18.2769860685636,0,0.531
"S1",100,0.5,1,0.8,337,0.674150014274423,0.876789387571022,0.700701189125664,-33.6205065930818,0,0.459
"S1",100,0.5,1,0.8,338,3.02932329438957,0.867258264245375,1.68826165489105,-9.39476114986007,0,0.48
"S1",100,0.5,1,0.8,339,0.297418102459476,1.12114813898577,0.487766406251087,-20.1026233593499,0,0.513000000000001
"S1",100,0.5,1,0.8,340,1.09255698736478,0.963151035113197,1.58317791860645,17.8141674644218,0,0.476
"S1",100,0.5,1,0.8,341,0.622320016330833,1.01080862105768,1.0647627528086,6.00382791950162,0,0.461
"S1",100,0.5,1,0.8,342,0.173064283182057,1.10164780809844,0.289026219948368,-23.7167115345544,0,0.532
"S1",100,0.5,1,0.8,343,0.473814303058268,0.964134318619525,0.617291071227637,-25.7357251818139,0,0.489
"S1",100,0.5,1,0.8,344,0.418124714995066,1.12202123152022,0.849013417243026,3.18311115345531,0,0.446999999999999
"S1",100,0.5,1,0.8,345,0.0895354851954348,1.13867610818217,0.177506871842204,-18.7581581715838,0,0.539
"S1",100,0.5,1,0.8,346,0.286972324158984,1.11390859831847,0.701955512813835,13.2877047858777,0,0.549
"S1",100,0.5,1,0.8,347,1.59637142698773,1.13168504546487,1.53790369029014,-12.4346615710981,0,0.476000000000001
"S1",100,0.5,1,0.8,348,0.354315400354539,1.0525139899268,0.531466034997379,-21.906633484261,0,0.605
"S1",100,0.5,1,0.8,349,1.25415661213896,1.01470757175463,1.54437674231483,3.73157258611536,0,0.448
"S1",100,0.5,1,0.8,350,1.11561567929678,0.901265521230235,1.2159647735479,-5.41740421352014,0,0.472
"S1",100,0.5,1,0.8,351,0.394342085551754,1.26799079821434,0.802950785525538,-3.5343707827399,0,0.482999999999999
"S1",100,0.5,1,0.8,352,1.73340593126165,0.934179742676884,1.45470702010498,-9.97484143877975,0,0.507999999999999
"S1",100,0.5,1,0.8,353,0.448428582445455,1.14560732047983,0.901679695450166,2.78291106496846,0,0.548
"S1",100,0.5,1,0.8,354,0.447083525088403,0.87362415714812,0.622323887797606,-14.7751236683463,0,0.572000000000001
"S1",100,0.5,1,0.8,355,0.531999761828961,1.11271389901806,1.07759767641204,10.9595116515572,0,0.461
"S1",100,0.5,1,0.8,356,1.50906160419578,0.981525833085154,1.47133409978022,-6.33031512556121,0,0.487
"S1",100,0.5,1,0.8,357,1.18329950595024,0.897238394569981,1.17198666325947,-12.2494158220533,0,0.543000000000001
"S1",100,0.5,1,0.8,358,0.439565212642473,1.10378514566896,0.902922167933657,9.37105058741028,0,0.503
"S1",100,0.5,1,0.8,359,1.47452580361065,0.979789889817815,1.41122916303348,-9.8793605479168,0,0.457000000000001
"S1",100,0.5,1,0.8,360,1.00511586576252,0.902345701825136,1.17002389444156,-5.12362367006887,0,0.436
"S1",100,0.5,1,0.8,361,0.899925195502367,0.893258601246047,1.12867087800013,-0.497151273288296,0,0.492999999999999
"S1",100,0.5,1,0.8,362,0.540571146706684,0.978254765902297,0.892895191927927,1.92886415458247,0,0.476000000000001
"S1",100,0.5,1,0.8,363,0.255655408376581,1.01393795170291,0.362805312218483,-33.4087406775515,0,0.542000000000002
"S1",100,0.5,1,0.8,364,1.50463794488684,1.02529683477335,1.44210175878931,-11.0436744805521,0,0.439999999999998
"S1",100,0.5,1,0.8,365,0.196828759971419,1.00793567525717,0.371358583263127,-6.4912925285,0,0.5
"S1",100,0.5,1,0.8,366,0.272039020192236,1.18866226124856,0.601664322300537,-0.735469531545391,0,0.497
"S1",100,0.5,1,0.8,367,0.377177692815511,0.988993961829251,0.514402138358756,-28.2301182912724,0,0.506
"S1",100,0.5,1,0.8,368,5.70049761915295,0.918613183277385,2.0624760556569,-5.97503920106001,0,0.626999999999999
"S1",100,0.5,1,0.8,369,1.28530116107307,0.945279807052964,1.46621746837575,2.36011387898805,0,0.52
"S1",100,0.5,1,0.8,370,0.772327678627448,0.993404388815007,0.86072754940391,-26.9699038487399,0,0.481999999999999
"S1",100,0.5,1,0.8,371,0.243398389860746,1.00663806935708,0.402419259364291,-19.2542632498433,0,0.491
"S1",100,0.5,1,0.8,372,1.59558102831156,0.999663779341804,2.02011992348432,21.911030209754,0,0.524000000000001
"S1",100,0.5,1,0.8,373,0.685267298946431,1.07156337121901,1.1367062760781,1.64784360196737,0,0.484999999999999
"S1",100,0.5,1,0.8,374,0.334560674197139,1.03554492184519,0.605878234003706,-5.26154338999601,0,0.550000000000001
"S1",100,0.5,1,0.8,375,0.643680903642888,0.984593378371404,1.21152165121902,19.0666572851523,0,0.505000000000003
"S1",100,0.5,1,0.8,376,0.354701806509795,1.08904139725093,0.687893587270382,-3.59476037640667,0,0.586000000000002
"S1",100,0.5,1,0.8,377,9999.65774975554,0.877958501422319,2.58795949467896,3.35707592453238,0,0.971
"S1",100,0.5,1,0.8,378,0.721430648475478,0.89981353330441,0.937826178842779,-7.08433266281011,0,0.495000000000001
"S1",100,0.5,1,0.8,379,1.11347741437389,0.995474830717474,1.17978759075814,-15.248514962631,0,0.477
"S1",100,0.5,1,0.8,380,0.82865499440504,0.938165096260864,1.19915602397566,8.39237611719579,0,0.507999999999999
"S1",100,0.5,1,0.8,381,0.407870244267218,0.973797828023447,0.669129831714597,-6.484133895838,0,0.483999999999998
"S1",100,0.5,1,0.8,382,0.298606868288812,1.12531672201358,0.536580595502514,-12.2379150632805,0,0.516999999999999
"S1",100,0.5,1,0.8,383,0.582195001051908,0.916818305913393,0.923661029490358,3.00263706283212,0,0.445
"S1",100,0.5,1,0.8,384,1.30230824801896,0.873268951436975,1.41402124601895,6.36084654545488,0,0.456
"S1",100,0.5,1,0.8,385,0.415940556847306,0.94638430377836,0.665024354016526,-5.88039092633241,0,0.475999999999999
"S1",100,0.5,1,0.8,386,1.04079617355198,0.937817688293819,1.39119179420136,8.85314384162913,0,0.530000000000001
"S1",100,0.5,1,0.8,387,1.85000330877514,0.947771268894185,1.65587317714336,-0.991387536676058,0,0.503
"S1",100,0.5,1,0.8,388,1.03538110469581,0.944551158214925,1.26243926197314,-2.58354052595959,0,0.497
"S1",100,0.5,1,0.8,389,0.442471821146363,1.00831328027816,0.718953226689242,-8.92224970427816,0,0.469999999999999
"S1",100,0.5,1,0.8,390,1.43223880266515,1.01209687803896,1.26298873714664,-22.3010006082468,0,0.486999999999998
"S1",100,0.5,1,0.8,391,1.27263437268426,0.8805724044566,1.02656242927192,-29.4732151600845,0,0.497
"S1",100,0.5,1,0.8,392,0.783143832148597,0.998537432897484,1.12105319236128,-1.88728262288365,0,0.479000000000003
"S1",100,0.5,1,0.8,393,0.464215325944373,1.0664811193431,0.667670290241071,-22.275592696803,0,0.473000000000003
"S1",100,0.5,1,0.8,394,0.581646894797808,0.976291309194686,0.814991708243187,-10.3502442916814,0,0.482999999999997
"S1",100,0.5,1,0.8,395,16.7655207591958,0.83947375221057,2.04167030524547,-14.0220363239145,0,0.631999999999998
"S1",100,0.5,1,0.8,396,0.222891528636909,0.990833037565002,0.378657443732352,-17.280417685524,0,0.462000000000003
"S1",100,0.5,1,0.8,397,0.985907914318486,0.961169537829556,1.27445429787964,1.19492673333244,0,0.469000000000001
"S1",100,0.5,1,0.8,398,1.6877537741489,0.875471052287025,1.54053351357515,1.94598898060636,0,0.506999999999998
"S1",100,0.5,1,0.8,399,9999.79429345009,0.897831097152236,2.47877651708971,-2.96228340838638,0,0.852000000000004
"S1",100,0.5,1,0.8,400,0.527764738729912,0.993006327627123,0.952218486640807,8.88046041524072,0,0.457000000000001
"S1",100,0.5,1,0.8,401,0.428327394846558,0.893892522181411,0.708973068367897,1.67788646633568,0,0.487000000000002
"S1",100,0.5,1,0.8,402,26.7529892916978,0.805127142105898,2.46830454759555,9.37763539145223,0,0.890999999999998
"S1",100,0.5,1,0.8,403,1.34007792299235,0.880539221861467,1.39354884031935,1.08865372642083,0,0.454000000000001
"S1",100,0.5,1,0.8,404,0.757622513390851,0.956424439157963,0.780550307303193,-32.3650591781397,0,0.497999999999998
"S1",100,0.5,1,0.8,405,1.77631881014333,0.867544595488063,1.49953792473109,-2.75533533523216,0,0.564999999999998
"S1",100,0.5,1,0.8,406,0.673573159743165,0.902108634838079,0.695926463381646,-35.265243805126,0,0.487000000000002
"S1",100,0.5,1,0.8,407,0.431306032637674,1.11352176682417,0.683779794714973,-16.6565974402587,0,0.512999999999998
"S1",100,0.5,1,0.8,408,0.283224780272847,1.05030947926063,0.556081648954965,-0.935175055984047,0,0.509
"S1",100,0.5,1,0.8,409,0.0771927586567936,1.28851885083167,0.303881215944019,28.3646893630551,0,0.591000000000001
"S1",100,0.5,1,0.8,410,0.445227967558231,1.06255865930343,0.917147263711299,11.0132208982224,0,0.541000000000004
"S1",100,0.5,1,0.8,411,0.465906554506568,1.12785130258898,0.873955761252105,-0.444365074734748,0,0.512999999999998
"S1",100,0.5,1,0.8,412,0.727704728770873,1.1453189548843,1.05034474974343,-10.6869560318899,0,0.451999999999998
"S1",100,0.5,1,0.8,413,0.353576429226217,0.959022952555858,0.628843115039792,-1.90462599746857,0,0.451999999999998
"S1",100,0.5,1,0.8,414,0.696151904420438,0.995013043496041,0.926011512968,-13.3168092452146,0,0.455000000000005
"S1",100,0.5,1,0.8,415,0.264114463853602,0.952222884009943,0.386526163497095,-24.1288471245139,0,0.461999999999996
"S1",100,0.5,1,0.8,416,8.32763082512878,0.824673720109918,2.16287326073863,1.47516792217263,0,0.577999999999996
"S1",100,0.5,1,0.8,417,0.566470893966875,0.941951728215558,0.652173849262689,-33.9518872654068,0,0.455999999999996
"S1",100,0.5,1,0.8,418,0.73447655364364,0.959802332139617,1.04850386314126,-0.958843550675482,0,0.497999999999998
"S1",100,0.5,1,0.8,419,0.343342833239017,0.954129595928309,0.501525290760366,-17.8596330963493,0,0.491
"S1",100,0.5,1,0.8,420,0.641788727263201,0.994102950590187,1.13244200839,12.9229542389872,0,0.451000000000001
"S1",100,0.5,1,0.8,421,0.673966992638881,0.942464425403825,0.86932717831239,-14.3544502787888,0,0.459000000000003
"S1",100,0.5,1,0.8,422,9999.81825812681,1.00568404607975,3.42321246986234,22.6018821404881,0,0.892000000000003
"S1",100,0.5,1,0.8,423,0.917447040775075,0.991378772095271,1.11368874520042,-8.3103155944201,0,0.543999999999997
"S1",100,0.5,1,0.8,424,0.214353716067542,1.1027777992658,0.432198005781716,-6.53507738037044,0,0.482000000000006
"S1",100,0.5,1,0.8,425,0.942136540752695,0.9507435877971,1.17261924453231,-4.7130681679356,0,0.439999999999998
"S1",100,0.5,1,0.8,426,0.211748172005709,1.04044534017021,0.358916747875029,-20.3145794869604,0,0.503
"S1",100,0.5,1,0.8,427,1.33434382407032,1.07324596431829,1.42176157632214,-10.7275671350297,0,0.440000000000005
"S1",100,0.5,1,0.8,428,1.10405520205967,0.983406606415236,1.23966797622394,-9.53590998063908,0,0.444999999999993
"S1",100,0.5,1,0.8,429,0.599082724239422,0.967717963276117,0.703563033192959,-30.2327799678703,0,0.457000000000001
"S1",100,0.5,1,0.8,430,1.30422112421522,1.01208017116479,1.69677031288154,11.6523448781255,0,0.445
"S1",100,0.5,1,0.8,431,1.73355323476503,0.78656195694769,1.52348694795914,7.555637939191,0,0.474000000000004
"S1",100,0.5,1,0.8,432,0.313461328146319,1.00561150054735,0.477422595708372,-21.2277968941562,0,0.494999999999997
"S1",100,0.5,1,0.8,433,0.500539315989952,1.04029467985467,1.01497568606127,13.7117090827824,0,0.478000000000002
"S1",100,0.5,1,0.8,434,0.434990385302704,1.0033477966248,0.824568218564112,8.1626742610419,0,0.498999999999995
"S1",100,0.5,1,0.8,435,0.173364083266767,1.07440139317814,0.402081659186888,3.35527179720117,0,0.573999999999998
"S1",100,0.5,1,0.8,436,0.470817283590522,1.11388790597964,0.931751064176901,6.02576417825364,0,0.497
"S1",100,0.5,1,0.8,437,0.464754575086182,0.965392667356739,0.695655472464637,-12.0134416849183,0,0.445
"S1",100,0.5,1,0.8,438,0.426684187393131,0.966668349330123,0.845747750119641,14.7534819563549,0,0.438000000000002
"S1",100,0.5,1,0.8,439,0.479454217131729,0.881243230321323,0.712173643422358,-3.35487651571071,0,0.424999999999997
"S1",100,0.5,1,0.8,440,0.539139519889035,0.812792236587213,0.648924340913838,-18.3539387931461,0,0.431000000000004
"S1",100,0.5,1,0.8,441,0.322714147992312,1.0244672847593,0.560810088916745,-8.25812266118618,0,0.475999999999999
"S1",100,0.5,1,0.8,442,0.573012097218747,1.08713301943575,1.02157362445294,3.98843538139255,0,0.463999999999999
"S1",100,0.5,1,0.8,443,0.148850807047149,1.08737302101218,0.304233427200838,-7.21877491628291,0,0.503
"S1",100,0.5,1,0.8,444,7.05178585788637,0.834215767294717,2.24092285208756,6.53317669886891,0,0.489999999999995
"S1",100,0.5,1,0.8,445,0.544817583138907,1.1165289235689,1.10131554492777,9.66757931452591,0,0.446999999999996
"S1",100,0.5,1,0.8,446,9999.76275258902,0.846044648140752,2.34059675365627,-5.51892862929367,0,0.936999999999998
"S1",100,0.5,1,0.8,447,0.761342287904734,0.924460089254733,1.14057835157998,6.68610134613135,0,0.479999999999997
"S1",100,0.5,1,0.8,448,0.270319831688544,1.18053315737875,0.672579919688206,11.3079384826735,0,0.515999999999998
"S1",100,0.5,1,0.8,449,9999.95557498689,0.842709113496133,2.76357217373089,14.2473436412405,0,0.847000000000001
"S1",100,0.5,1,0.8,450,0.21710855763267,1.05106935001565,0.396552363216678,-11.3000727683969,0,0.536000000000001
"S1",100,0.5,1,0.8,451,0.256789927947977,0.963913663427166,0.496665933002924,-1.05359102898586,0,0.445
"S1",100,0.5,1,0.8,452,0.26218402632306,1.05259108898728,0.510485307998577,-3.04705060448885,0,0.489999999999995
"S1",100,0.5,1,0.8,453,1.44590189525449,1.05754677698432,1.87415184184269,13.425705114677,0,0.461999999999996
"S1",100,0.5,1,0.8,454,0.247534352780806,1.09520854265904,0.442103201223071,-15.1472056372023,0,0.509000000000007
"S1",100,0.5,1,0.8,455,9999.68227934686,0.833293571913346,2.23239156490477,-10.188586404642,0,0.861000000000004
"S1",100,0.5,1,0.8,456,0.424071580416771,1.06561327482183,0.803754868239611,2.95234223642643,0,0.518000000000001
"S1",100,0.5,1,0.8,457,3.6955131385347,0.814914907047547,1.914514808711,4.79841838443238,0,0.673000000000002
"S1",100,0.5,1,0.8,458,0.839246221672728,1.06712124020956,1.24919718496027,0.990965834259896,0,0.512
"S1",100,0.5,1,0.8,459,0.172465827545313,1.05002085075749,0.331721604131113,-7.30031444188734,0,0.563999999999993
"S1",100,0.5,1,0.8,460,0.615850064024959,0.844596715565025,0.761357291496431,-14.4079069837361,0,0.444999999999993
"S1",100,0.5,1,0.8,461,9999.98858842368,0.80717507526309,2.50019238667604,6.24864165732237,0,0.846999999999994
"S1",100,0.5,1,0.8,462,9999.89231451755,0.777978870244626,2.24276251996835,-4.58173818287906,0,0.875
"S1",100,0.5,1,0.8,463,0.463881414513359,1.11045567557243,0.690809218020615,-21.0167530148704,0,0.47699999999999
"S1",100,0.5,1,0.8,464,1.45022099385015,0.939415750099494,1.48242317522483,-2.09474236665383,0,0.459000000000003
"S1",100,0.5,1,0.8,465,2.1628994877368,1.03006740243847,1.78139628411239,-5.18032026506322,0,0.466999999999999
"S1",100,0.5,1,0.8,466,0.967989355790788,1.01508283087426,1.08369726606296,-18.8937288992177,0,0.478000000000009
"S1",100,0.5,1,0.8,467,0.281108885991675,1.17110751187153,0.486424761836479,-18.5921082824073,0,0.478999999999999
"S1",100,0.5,1,0.8,468,1.38162185859995,1.01054007503655,1.57652908568638,1.70434226766665,0,0.551000000000002
"S1",100,0.5,1,0.8,469,0.861453526253252,0.978091024262965,1.16401204573734,-2.40942190098897,0,0.489000000000004
"S1",100,0.5,1,0.8,470,0.204842174051854,1.03107548991789,0.475988651272343,12.4222040361495,0,0.484999999999999
"S1",100,0.5,1,0.8,471,2.60016014166006,0.906846902949625,1.76864024676014,-2.27287117013785,0,0.474999999999994
"S1",100,0.5,1,0.8,472,1.80206969818127,0.929574000245817,1.92024117536081,17.2711459747402,0,0.49499999999999
"S1",100,0.5,1,0.8,473,0.482511736504788,1.29120127214572,1.11677809155332,9.56474821680308,0,0.471000000000004
"S1",100,0.5,1,0.8,474,1.45499793451989,0.930815968540837,1.43416412089406,-4.22666449426077,0,0.466999999999999
"S1",100,0.5,1,0.8,475,0.71930664471999,1.00525032913989,0.910130032233179,-17.7675605132306,0,0.431000000000012
"S1",100,0.5,1,0.8,476,0.651080428798601,0.911357022648828,0.98590042870653,5.42870338434849,0,0.460999999999999
"S1",100,0.5,1,0.8,477,0.130624587137388,1.04279990026583,0.327499156416491,11.545790264004,0,0.518000000000001
"S1",100,0.5,1,0.8,478,0.520976935608108,1.07505248522366,0.910321711085354,0.167186800015799,0,0.512
"S1",100,0.5,1,0.8,479,1.386526806651,0.850628664579655,1.65166739095569,22.5740940378469,0,0.431999999999988
"S1",100,0.5,1,0.8,480,0.36665648075938,1.0242678911663,0.611227533905949,-8.35435121599414,0,0.484999999999999
"S1",100,0.5,1,0.8,481,1.63228346478917,0.934974249455108,1.55112056089944,-1.86429903384354,0,0.484999999999999
"S1",100,0.5,1,0.8,482,0.293702548189857,0.991875911963163,0.489225590680326,-13.1590206963838,0,0.453999999999994
"S1",100,0.5,1,0.8,483,0.13363200064517,1.05165381531846,0.233915116460821,-22.0163384554972,0,0.518000000000001
"S1",100,0.5,1,0.8,484,0.233168872512059,1.12676133225248,0.37222108546229,-25.6448698465356,0,0.530999999999992
"S1",100,0.5,1,0.8,485,0.51756133067592,0.87295362952646,0.767799313530301,-1.73228533945652,0,0.543999999999997
"S1",100,0.5,1,0.8,486,0.223411709604275,0.980311708715849,0.356063254665991,-17.8767771385707,0,0.522999999999996
"S1",100,0.5,1,0.8,487,0.864943062555941,0.948822000641977,1.00912973452983,-14.7925562768331,0,0.519000000000005
"S1",100,0.5,1,0.8,488,0.246044765468789,1.06115303256017,0.502903759548717,-0.921085221524748,0,0.527999999999992
"S1",100,0.5,1,0.8,489,0.981219102431383,1.03427105027705,1.27572834999068,-5.29255965864954,0,0.447000000000003
"S1",100,0.5,1,0.8,490,1.10355729840011,0.867127948530404,1.23286295977127,1.01454550890699,0,0.555000000000007
"S1",100,0.5,1,0.8,491,0.170867553513986,1.04081757882275,0.344800544727843,-3.42720829811427,0,0.542999999999992
"S1",100,0.5,1,0.8,492,3.30315999204928,0.913977131826074,2.26788058726142,16.6054597795269,0,0.489999999999995
"S1",100,0.5,1,0.8,493,0.261427673000682,0.930851221790361,0.424380616136131,-11.0310599390401,0,0.494
"S1",100,0.5,1,0.8,494,2.02336656515249,0.980588592235999,2.35317880497815,29.5320084959537,0,0.426999999999992
"S1",100,0.5,1,0.8,495,0.242215947798512,1.03297840792445,0.425597547278493,-10.7201014340306,0,0.478999999999999
"S1",100,0.5,1,0.8,496,1.6321153337456,1.02496965952786,1.46502828744796,-13.4844396289968,0,0.422000000000011
"S1",100,0.5,1,0.8,497,1.50982157141204,0.930629643971177,1.24548383940682,-21.5929501246274,0,0.430999999999997
"S1",100,0.5,1,0.8,498,0.696508302011335,0.948337378771005,0.842184312994362,-21.1335409923318,0,0.472000000000008
"S1",100,0.5,1,0.8,499,0.830285776051312,0.862580313469346,0.944905767804965,-15.5158075970834,0,0.472000000000008
"S1",100,0.5,1,0.8,500,0.702780295869114,1.01294825430872,1.01840382766272,-5.04670009729691,0,0.534999999999997
"S1",100,0.5,1,0.8,501,1.3478492291059,1.00696890067768,1.61660461053829,6.20332361413236,0,0.438000000000002
"S1",100,0.5,1,0.8,502,0.522214325170433,1.02929953805679,0.902584055476952,-0.0708198328183585,0,0.461999999999989
"S1",100,0.5,1,0.8,503,0.598075855344818,1.06145410744476,0.807167277919912,-19.4847803656597,0,0.448999999999998
"S1",100,0.5,1,0.8,504,0.586850036977289,0.994392198525605,0.82005007243596,-12.0591766928464,0,0.510000000000005
"S1",100,0.5,1,0.8,505,0.251736421785541,0.957394270164247,0.440851475806118,-9.05011609522549,0,0.48299999999999
"S1",100,0.5,1,0.8,506,2.79687411355199,0.991467478892162,1.88925930260199,-4.26630158922723,0,0.456000000000003
"S1",100,0.5,1,0.8,507,0.97362098489577,0.914668608784128,1.08923108250268,-10.3194738930564,0,0.546999999999997
"S1",100,0.5,1,0.8,508,0.723235563483996,1.01411107673368,1.07926074199874,-2.42644786518835,0,0.478999999999999
"S1",100,0.5,1,0.8,509,0.212362862517989,1.15466888696552,0.53039641995821,8.5537365033114,0,0.525000000000006
"S1",100,0.5,1,0.8,510,0.483387846348278,1.10689432111631,0.761056841707408,-14.3838816343327,0,0.444999999999993
"S1",100,0.5,1,0.8,511,0.165149036795035,1.12349922441199,0.422496190433097,9.88560344378777,0,0.503
"S1",100,0.5,1,0.8,512,0.806187713548296,1.00046511904429,1.17456785677637,0.806001044012362,0,0.445999999999998
"S1",100,0.5,1,0.8,513,9999.99150274234,0.870115448634661,2.91713726798235,17.9886937565941,0,0.897999999999996
"S1",100,0.5,1,0.8,514,0.181948270862027,1.1774278319234,0.325037845268191,-21.2506956274333,0,0.554000000000002
"S1",100,0.5,1,0.8,515,0.14155376753982,0.996988348027021,0.291348730829754,-2.9165813892009,0,0.551000000000002
"S1",100,0.5,1,0.8,516,0.0680368221867475,1.14186576748146,0.192157171393074,13.6715527509465,0,0.575000000000003
"S1",100,0.5,1,0.8,517,0.811361834443784,1.04435642593983,0.985641239964465,-18.9272258392438,0,0.638000000000005
"S1",100,0.5,1,0.8,518,0.217834601725123,1.21621543111429,0.614687678766299,14.3932167100928,0,0.534999999999997
"S1",100,0.5,1,0.8,519,1.78436828310188,1.01241322456199,2.2153876907044,24.7632062159416,0,0.61999999999999
"S1",100,0.5,1,0.8,520,6.6350297826251,0.823215975012083,2.05694034830214,-1.027606212839,0,0.528000000000006
"S1",100,0.5,1,0.8,521,0.133762922863196,1.0814431170524,0.299477762666455,0.868934675069596,0,0.52300000000001
"S1",100,0.5,1,0.8,522,0.301387790612706,1.09224903281641,0.429343760594018,-30.8867666509979,0,0.555000000000007
"S1",100,0.5,1,0.8,523,9999.32719186732,0.906300867367086,2.34458576469495,-9.91091486029367,0,0.921999999999997
"S1",100,0.5,1,0.8,524,9999.94008233305,0.787161335177841,2.04147922011978,-17.4404750337565,0,0.828999999999994
"S1",100,0.5,1,0.8,525,0.742090739933588,1.12642139843508,1.14156128305487,-3.70645259367279,0,0.491
"S1",100,0.5,1,0.8,526,0.319926076167649,0.965083612560444,0.62643368098097,10.3766713183722,0,0.509999999999991
"S1",100,0.5,1,0.8,527,0.283254590415937,1.07410411322087,0.599861155703647,5.3684519310959,0,0.492000000000004
"S1",100,0.5,1,0.8,528,0.792467612471496,0.949372949568476,1.09400261171564,-1.21571966132223,0,0.484999999999999
"S1",100,0.5,1,0.8,529,0.510104869869813,0.933672352015777,0.747644720073431,-7.10934164306488,0,0.575000000000003
"S1",100,0.5,1,0.8,530,0.357540644641623,1.1269757318733,0.784726277564345,9.04554354737664,0,0.48299999999999
"S1",100,0.5,1,0.8,531,0.346800903593675,0.922422554015554,0.62243172307481,2.73601309964346,0,0.533000000000001
"S1",100,0.5,1,0.8,532,1.17395413718314,0.807193083452167,1.23763149697107,2.59160746834215,0,0.477000000000004
"S1",100,0.5,1,0.8,533,2.0929247211176,0.917987701847766,1.85278016513696,8.43171896148385,0,0.513999999999996
"S1",100,0.5,1,0.8,534,0.754817317874954,0.993138103116201,0.902266362865928,-21.4545825244935,0,0.494
"S1",100,0.5,1,0.8,535,1.28814098164912,1.00856113394214,1.46589058447295,-1.86602955231456,0,0.475999999999999
"S1",100,0.5,1,0.8,536,9999.7626390054,0.815733750492262,2.48380809326533,3.94275847358873,0,0.667000000000002
"S1",100,0.5,1,0.8,537,0.800331176145409,1.17424699962517,1.35347193737928,3.93777907737208,0,0.484999999999999
"S1",100,0.5,1,0.8,538,0.296679531994766,1.00105343468631,0.483843030706257,-17.1080381698182,0,0.495999999999995
"S1",100,0.5,1,0.8,539,0.318465850985887,0.954083368617583,0.590030604779131,0.782769122628963,0,0.478999999999999
"S1",100,0.5,1,0.8,540,2.01689431009467,0.92833933706555,2.12865432981359,23.1799658128783,0,0.5
"S1",100,0.5,1,0.8,541,0.30201541971053,1.07071082845579,0.660332242882038,7.2205153312328,0,0.501000000000005
"S1",100,0.5,1,0.8,542,0.546906122733723,1.08595961144045,1.25960391072951,25.9682470519245,0,0.484999999999999
"S1",100,0.5,1,0.8,543,3.20830944920367,0.949183532904464,2.47289637784752,22.4988975137896,0,0.548000000000002
"S1",100,0.5,1,0.8,544,2.47958664345005,0.90981050280725,1.62171104829348,-11.4235824661485,0,0.477999999999994
"S1",100,0.5,1,0.8,545,0.764169587344169,0.860238074048938,0.790513495208162,-27.3010178778511,0,0.439999999999998
"S1",100,0.5,1,0.8,546,0.639021190849434,1.00319525728823,0.986701136059185,-0.390432327358184,0,0.495999999999995
"S1",100,0.5,1,0.8,547,0.975432661273029,0.936171777215029,1.13992789022034,-8.0689084416446,0,0.549999999999997
"S1",100,0.5,1,0.8,548,0.218298034308514,1.02779929954512,0.382097872648571,-16.7794436572902,0,0.527000000000001
"S1",100,0.5,1,0.8,549,0.72298941275688,1.12393061410132,1.0924914332163,-5.25256894511946,0,0.670000000000002
"S1",100,0.5,1,0.8,550,0.844407519134585,1.11556093461218,1.65497825529989,22.2722885745222,0,0.548999999999992
"S1",100,0.5,1,0.8,551,9999.94217181371,0.765417917863628,2.42610376851627,6.9880258895675,0,0.935000000000002
"S1",100,0.5,1,0.8,552,0.505791506747525,0.952926475289396,0.785931010246946,-3.00303227794564,0,0.63900000000001
"S1",100,0.5,1,0.8,553,0.242402754219029,0.931613536787253,0.520525248015284,18.2488869563881,0,0.50500000000001
"S1",100,0.5,1,0.8,554,0.295954732761976,0.966919312923752,0.583195340556249,5.60148075912784,0,0.522000000000006
"S1",100,0.5,1,0.8,555,0.799432789379513,0.985986732391747,0.959858176785737,-16.1353732242997,0,0.463000000000008
"S1",100,0.5,1,0.8,556,1.3671592487541,0.904186830183003,1.47264617500105,3.46726517959456,0,0.403999999999996
"S1",100,0.5,1,0.8,557,15.1673094385918,0.982901574134955,2.85953600084532,12.7590472393842,0,0.542000000000002
"S1",100,0.5,1,0.8,558,0.284518290593527,1.06733526800452,0.619281380247993,5.41686952163724,0,0.457999999999998
"S1",100,0.5,1,0.8,559,0.553397874110715,1.01979240471634,0.873400414022197,-4.24853666309045,0,0.506999999999991
"S1",100,0.5,1,0.8,560,0.428502837828002,1.04815556541903,0.847154700841571,9.34976017443867,0,0.480000000000004
"S1",100,0.5,1,0.8,561,9997.7498155268,0.756979831287223,2.52182919168236,13.0907698719504,0,0.978000000000009
"S1",100,0.5,1,0.8,562,0.299292516262795,1.01047912553437,0.548470834859411,-2.90274289057888,0,0.531999999999996
"S1",100,0.5,1,0.8,563,13.2411365500131,0.714673224004849,1.92695247512498,-7.30835861326372,0,0.608000000000004
"S1",100,0.5,1,0.8,564,0.409143903481416,0.933109420053937,0.748871577774792,7.96492342258844,0,0.469000000000008
"S1",100,0.5,1,0.8,565,0.576421073473816,0.960628253431524,0.886282132310746,-1.66183704598606,0,0.579000000000008
"S1",100,0.5,1,0.8,566,4.40561050897508,0.797266482391366,1.80330783190419,-5.93762508160623,0,0.497
"S1",100,0.5,1,0.8,567,0.209043155502044,1.04599505539712,0.35614836330637,-22.1693819641196,0,0.472000000000008
"S1",100,0.5,1,0.8,568,1.29793390909864,0.920673296545674,1.37432012915659,-2.95226320219777,0,0.488
"S1",100,0.5,1,0.8,569,0.905081628912559,0.938062652836833,1.21030605185152,1.59694078094938,0,0.561999999999998
"S1",100,0.5,1,0.8,570,0.679629243922115,0.931542600863121,0.993307243651755,-0.353231502704034,0,0.420999999999992
"S1",100,0.5,1,0.8,571,1.22494085078103,1.03972536031586,1.57065332834686,4.80816915513137,0,0.439999999999998
"S1",100,0.5,1,0.8,572,0.459776385174286,0.936842535852968,0.723215598965693,-1.47006158552139,0,0.501999999999995
"S1",100,0.5,1,0.8,573,12.3708169953458,0.8567843362103,2.18957849239345,-4.60294592875258,0,0.653999999999996
"S1",100,0.5,1,0.8,574,0.68651758641763,1.08144004583951,1.22810013318388,9.00747139207041,0,0.519000000000005
"S1",100,0.5,1,0.8,575,9999.98637213326,0.777741573928491,2.04855715768187,-16.7769625007967,0,0.674999999999983
"S1",100,0.5,1,0.8,576,1.41728289585991,0.915207762594671,1.24557389881097,-16.5813761242083,0,0.460999999999984
"S1",100,0.5,1,0.8,577,0.49691259256313,0.962045383898468,0.74408496649867,-7.50270841288824,0,0.495000000000005
"S1",100,0.5,1,0.8,578,0.717278047221634,0.941902859687863,0.955509057104915,-8.27723766997747,0,0.536000000000001
"S1",100,0.5,1,0.8,579,0.29893996182344,1.09390966121327,0.609276883706055,-1.24757264467019,0,0.509999999999991
"S1",100,0.5,1,0.8,580,0.641700947065274,0.857724867147926,0.88448797296967,-1.17498511240427,0,0.47399999999999
"S1",100,0.5,1,0.8,581,1.93892597561788,0.955570191938248,1.89235779787756,10.4212733674096,0,0.445999999999998
"S1",100,0.5,1,0.8,582,0.185328625170623,1.1168489262871,0.436686824854075,5.54242982198858,0,0.653999999999996
"S1",100,0.5,1,0.8,583,0.644165256236282,1.01123207300304,0.845811032226548,-16.7734174347547,0,0.492999999999995
"S1",100,0.5,1,0.8,584,0.370118047881914,1.05022843471003,0.752167089080337,5.91912283521282,0,0.483000000000004
"S1",100,0.5,1,0.8,585,9999.79971786564,0.865068461183103,2.69889230257178,9.09038469226888,0,0.859000000000009
"S1",100,0.5,1,0.8,586,0.239692007397242,1.06941870005272,0.536326960734498,4.86337970240032,0,0.514999999999986
"S1",100,0.5,1,0.8,587,1.04997553235315,0.984868008052503,1.29680176598372,-4.29299849657477,0,0.417000000000002
"S1",100,0.5,1,0.8,588,0.155623180846589,1.0177681613088,0.333189367936806,2.7459065814719,0,0.478999999999985
"S1",100,0.5,1,0.8,589,0.276702680196239,1.02605457797543,0.549022623923711,2.69277557765486,0,0.503000000000014
"S1",100,0.5,1,0.8,590,2.63493074941694,1.05729425651956,2.26605185089142,10.5592393024364,0,0.506
"S1",100,0.5,1,0.8,591,0.648578130087443,1.04008577490131,1.13810520341,6.59263337311208,0,0.498999999999995
"S1",100,0.5,1,0.8,592,1.07477377180399,0.912477781862514,1.09548568238956,-16.5336180828562,0,0.486000000000018
"S1",100,0.5,1,0.8,593,0.313776439700029,1.01299387789143,0.549665640538772,-7.83404683435108,0,0.551000000000016
"S1",100,0.5,1,0.8,594,0.176901780436664,1.06968934562578,0.335354415476855,-13.7360693413664,0,0.549999999999983
"S1",100,0.5,1,0.8,595,1.85411488265791,0.930015619820683,1.61050930115731,-2.86573868540839,0,0.498999999999995
"S1",100,0.5,1,0.8,596,1.38060387683156,0.898406154912854,1.33975406665972,-7.28968159482957,0,0.498999999999995
"S1",100,0.5,1,0.8,597,0.540406646046428,1.08446005543957,0.967574198461146,2.57680338325886,0,0.486999999999995
"S1",100,0.5,1,0.8,598,0.767406673779892,1.05698754660041,0.925034386074805,-21.3132946891261,0,0.554000000000002
"S1",100,0.5,1,0.8,599,3.3935094050654,0.809712132451321,1.88620926667424,5.87222850377731,0,0.509999999999991
"S1",100,0.5,1,0.8,600,1.13076453199367,1.08291248258836,1.46804056923939,-0.879147710075216,0,0.50800000000001
"S1",100,0.5,1,0.8,601,0.642280285822841,0.934245746056525,0.917358177934275,-1.8345596587034,0,0.522999999999996
"S1",100,0.5,1,0.8,602,0.317990920042303,1.03298881671428,0.566972993414982,-7.52485715453741,0,0.562999999999988
"S1",100,0.5,1,0.8,603,2.21633339625551,1.01369342579812,1.94128854968398,3.45774638812205,0,0.495000000000005
"S1",100,0.5,1,0.8,604,0.415682305101226,1.09254736420407,0.866902797436976,10.6086936840564,0,0.556999999999988
"S1",100,0.5,1,0.8,605,1.02251072291148,0.985088896832291,1.50804549545027,13.5030875652627,0,0.475999999999999
"S1",100,0.5,1,0.8,606,0.33237148396033,1.04532391187719,0.696926556295096,7.7900107322759,0,0.568999999999988
"S1",100,0.5,1,0.8,607,0.25282928981026,0.959795144945624,0.487574937273446,-0.292833260291474,0,0.586000000000013
"S1",100,0.5,1,0.8,608,0.661266273890094,1.0665658554777,1.12628559977935,2.13062152822181,0,0.457999999999998
"S1",100,0.5,1,0.8,609,1.70121670935569,0.863945213210385,1.48192159346018,-1.98187003643099,0,0.441000000000003
"S1",100,0.5,1,0.8,610,0.165058329691149,1.0755521580117,0.412719313135745,11.7035602236299,0,0.543000000000006
"S1",100,0.5,1,0.8,611,2.66404004013093,1.00085980150835,1.92144833041934,-1.97924682897579,0,0.462000000000018
"S1",100,0.5,1,0.8,612,0.255317084657051,0.978061742535245,0.420764179427503,-15.4176370059263,0,0.488
"S1",100,0.5,1,0.8,613,0.249201254885032,1.06769732493396,0.476732590539562,-6.34935030819329,0,0.551999999999992
"S1",100,0.5,1,0.8,614,9999.94498322519,0.84468736878381,2.72356089491453,12.3585956163018,0,0.945999999999998
"S1",100,0.5,1,0.8,615,0.172666502683151,1.0098252876539,0.346711706253549,-4.44958146970495,0,0.489000000000004
"S1",100,0.5,1,0.8,616,0.133906483035318,0.964189768525477,0.234080274375339,-14.2298086261771,0,0.514999999999986
"S1",100,0.5,1,0.8,617,1.65392161502067,0.898502924015779,1.25869290647358,-22.5674388216482,0,0.484000000000009
"S1",100,0.5,1,0.8,618,0.521662571912745,1.15286688182907,0.887843033041422,-7.55281216176851,0,0.47799999999998
"S1",100,0.5,1,0.8,619,0.369541847652367,0.967322952849082,0.555798055177946,-15.7125895499431,0,0.516999999999996
"S1",100,0.5,1,0.8,620,1.01992982607259,0.981708026450358,1.42367890063809,9.41383425442606,0,0.473000000000013
"S1",100,0.5,1,0.8,621,3.13848649006695,0.922138143757139,1.78294297219688,-9.68674532308904,0,0.443000000000012
"S1",100,0.5,1,0.8,622,4.48290114320176,0.868329436172623,1.59343965113272,-26.7608560918406,0,0.512
"S1",100,0.5,1,0.8,623,0.61968224542617,1.00755332688791,0.850226258101426,-13.4804846656793,0,0.509999999999991
"S1",100,0.5,1,0.8,624,0.571602902234611,1.15460491139268,1.09844656654008,4.30780170279536,0,0.437999999999988
"S1",100,0.5,1,0.8,625,0.261922156732842,1.12098199574428,0.503705972226888,-8.91603233018554,0,0.472000000000008
"S1",100,0.5,1,0.8,626,0.563799465179285,0.958976888282326,0.712563684015091,-21.7357445386597,0,0.477000000000004
"S1",100,0.5,1,0.8,627,0.284158634236092,1.05289701994834,0.503151461975779,-10.612426732817,0,0.546000000000021
"S1",100,0.5,1,0.8,628,1.51762257286461,0.907256988494629,1.50482438772824,1.33163789602969,0,0.46599999999998
"S1",100,0.5,1,0.8,629,9988.99162729793,0.725464507920358,2.34310363071072,7.2086972632242,0,1.06700000000001
"S1",100,0.5,1,0.8,630,5.42532409363302,0.837778477056043,1.82830390499473,-12.5053417385421,0,0.538999999999987
"S1",100,0.5,1,0.8,631,0.298737068273974,1.03568841907093,0.45052230394488,-26.5166527439291,0,0.49799999999999
"S1",100,0.5,1,0.8,632,1.78209419249251,0.957338681788063,1.3377297989029,-22.6988947306165,0,0.504000000000019
"S1",100,0.5,1,0.8,633,0.688067592018864,1.14927153223941,1.18215167013486,1.34950429716079,0,0.52000000000001
"S1",100,0.5,1,0.8,634,0.449531701053275,1.01346083462677,0.781733484308681,0.0866164315517324,0,0.609000000000009
"S1",100,0.5,1,0.8,635,0.49888254899266,1.08652781669669,0.592119982841833,-40.786990695061,0,0.494
"S1",100,0.5,1,0.8,636,0.834512524736052,1.02751660896749,1.14734772665924,-4.73600262779274,0,0.483000000000004
"S1",100,0.5,1,0.8,637,9996.25995105855,0.800191071357499,2.58858371344663,10.6706081409589,0,0.597999999999985
"S1",100,0.5,1,0.8,638,1.86208879422918,0.981798427829482,1.53736030725123,-11.4160327865195,0,0.447000000000003
"S1",100,0.5,1,0.8,639,0.237381502231744,1.07155912704974,0.405249563364734,-14.1995603572869,0,0.638000000000005
"S1",100,0.5,1,0.8,640,0.475671143316288,1.1305052209902,0.999932450356774,11.3669803125847,0,0.48599999999999
"S1",100,0.5,1,0.8,641,0.519705479498564,0.897364088529671,0.804846155743749,-2.24046452411031,0,0.449999999999989
"S1",100,0.5,1,0.8,642,0.378187660301234,1.06499413945896,0.851903488081461,17.1234678710429,0,0.484000000000009
"S1",100,0.5,1,0.8,643,0.0383915370609225,1.04326180952674,0.090205712353455,-1.92769826384009,0,0.543000000000006
"S1",100,0.5,1,0.8,644,9999.81940345053,0.744242478487818,2.13110793023126,-8.37875602942822,0,1.03
"S1",100,0.5,1,0.8,645,1.15853492346532,0.9290235330134,1.40607367439645,4.00769486469869,0,0.465000000000003
"S1",100,0.5,1,0.8,646,1.73221201213093,0.868059459884051,1.41490604353531,-7.07692361304225,0,0.489000000000004
"S1",100,0.5,1,0.8,647,0.824794527733133,0.984800033092924,1.47658442710525,23.3647045674187,0,0.563999999999993
"S1",100,0.5,1,0.8,648,0.847392275546309,1.06038065275665,1.13720242449721,-9.37016563018804,0,0.443999999999988
"S1",100,0.5,1,0.8,649,0.5775021238704,1.0465395180672,0.884040466337289,-8.47562404802437,0,0.668000000000006
"S1",100,0.5,1,0.8,650,0.362248336632275,0.934612969896278,0.603911278115573,-1.98361791919774,0,0.538999999999987
"S1",100,0.5,1,0.8,651,0.456469663562674,0.965288331479664,0.621444811230971,-24.9591085482813,0,0.456000000000017
"S1",100,0.5,1,0.8,652,4.04704068169571,0.878976902096174,2.19674147444499,11.3214773402926,0,0.488
"S1",100,0.5,1,0.8,653,1.0302965813033,0.935949331306872,1.20515500030274,-6.73318268351451,0,0.447000000000003
"S1",100,0.5,1,0.8,654,5.31962242264671,0.966403977919024,1.69605825786894,-28.8894071431421,0,0.496000000000009
"S1",100,0.5,1,0.8,655,1.14697844919429,0.976516762576794,1.19886801134609,-16.7429718277991,0,0.491000000000014
"S1",100,0.5,1,0.8,656,0.279433573075187,1.14304967775593,0.596625476933136,0.0980268631391255,0,0.510999999999996
"S1",100,0.5,1,0.8,657,0.785981404580401,1.02074882098676,1.26243206958963,8.70386412256849,0,0.503999999999991
"S1",100,0.5,1,0.8,658,0.153222592535595,0.96011297762844,0.289873845533642,-5.42469900372552,0,0.50200000000001
"S1",100,0.5,1,0.8,659,0.646469279804426,1.17823617412699,1.59392718809759,29.1115104276924,0,0.495999999999981
"S1",100,0.5,1,0.8,660,1.35861305834646,1.03562649758092,1.64099004802512,5.73288481354629,0,0.536000000000001
"S1",100,0.5,1,0.8,661,2.52081079418986,0.908934504955128,1.78369306570887,-1.19461048667779,0,0.512
"S1",100,0.5,1,0.8,662,0.446437379744619,0.972547280701062,0.57423694524605,-32.2588212701728,0,0.451999999999998
"S1",100,0.5,1,0.8,663,1.48676474203094,0.880417135962375,1.59392087349281,9.93846216288372,0,0.490999999999985
"S1",100,0.5,1,0.8,664,1.18044105494815,1.01718170638294,1.33317566267742,-7.65464247659909,0,0.465000000000003
"S1",100,0.5,1,0.8,665,0.297294081864372,1.04539359878854,0.565372223422487,-4.67104229333131,0,0.475999999999999
"S1",100,0.5,1,0.8,666,9998.46884615543,0.807798603225092,2.59831824729182,10.4863611899152,0,0.984999999999985
"S1",100,0.5,1,0.8,667,0.215481088480748,1.11724107749235,0.373311178844863,-20.461914339729,0,0.514999999999986
"S1",100,0.5,1,0.8,668,2.70918193241396,0.947557692080781,2.05194116096951,8.87507888813565,0,0.716
"S1",100,0.5,1,0.8,669,0.124261249946423,1.09449468631405,0.305176032434461,7.49303437738141,0,0.845
"S1",100,0.5,1,0.8,670,0.441684479963312,1.06645333618062,0.881239502054484,7.55933922900638,0,0.949
"S1",100,0.5,1,0.8,671,0.473553674595232,0.950375065494501,0.758414595338513,-2.94027013945401,0,0.462
"S1",100,0.5,1,0.8,672,2.27917075936305,0.8049754257323,1.56995627630398,-2.57276514184312,0,0.468
"S1",100,0.5,1,0.8,673,0.248708405644351,1.02452388792183,0.445521060652939,-8.32559471811635,0,0.516
"S1",100,0.5,1,0.8,674,1.47839748297688,1.00754885133788,1.68249911089511,6.07243511287942,0,0.492
"S1",100,0.5,1,0.8,675,0.5747912500149,1.0684378846927,0.768784723866531,-23.7820338779518,0,0.454
"S1",100,0.5,1,0.8,676,4.07134249811228,0.922297720138992,2.16476194930211,5.24299445287448,0,0.487
"S1",100,0.5,1,0.8,677,4.93061286993059,0.974414991415023,2.18148110184361,-1.69652112449106,0,0.518999999999999
"S1",100,0.5,1,0.8,678,0.578195891163958,0.999539864351228,0.841479512073187,-12.6359171778691,0,0.521
"S1",100,0.5,1,0.8,679,0.195618877094414,0.887590574664713,0.315696249176352,-13.5580005120328,0,0.486000000000001
"S1",100,0.5,1,0.8,680,0.699078776368812,0.985222018437713,0.886702987426253,-17.5695328780209,0,0.449
"S1",100,0.5,1,0.8,681,0.204344475059603,1.06310750042805,0.408763307532902,-4.58807296478142,0,0.487
"S1",100,0.5,1,0.8,682,0.420211898927288,0.900344314924157,0.608584409097671,-13.3534872501316,0,0.577000000000002
"S1",100,0.5,1,0.8,683,0.438862048139755,0.959539291516056,0.770365637231445,3.73362669451765,0,0.496
"S1",100,0.5,1,0.8,684,1.14048032053181,0.906809698363897,1.17562730090795,-10.2052716993239,0,0.550000000000001
"S1",100,0.5,1,0.8,685,1.2812668959299,0.934623690294373,1.2501417637412,-13.1116970014663,0,0.462
"S1",100,0.5,1,0.8,686,1.15822548784364,0.903534838123231,1.04589099442568,-24.0318897080402,0,0.476000000000001
"S1",100,0.5,1,0.8,687,0.721733990469499,0.878895586877705,0.931068356278046,-6.31571523657223,0,0.457000000000001
"S1",100,0.5,1,0.8,688,0.997231825416937,1.05130410044309,1.39041288743426,2.19344666028681,0,0.499000000000001
"S1",100,0.5,1,0.8,689,1.14508142385956,0.881183499125513,0.966698954371965,-31.5461845612287,0,0.497999999999999
"S1",100,0.5,1,0.8,690,0.0802835774684188,1.09332119090785,0.159215206830793,-14.2087321448259,0,0.539999999999999
"S1",100,0.5,1,0.8,691,9999.9916201765,0.965009165137982,3.62683121675014,32.0795102461006,0,0.936999999999999
"S1",100,0.5,1,0.8,692,0.370254229410044,0.949030082837732,0.634859872072259,0.771160034209061,0,0.578000000000001
"S1",100,0.5,1,0.8,693,0.0858361900583249,1.24234825676825,0.293712381489889,25.8175514247635,0,0.576000000000001
"S1",100,0.5,1,0.8,694,0.402447384383837,0.997183783869923,0.640878967907469,-12.9994368229088,0,0.510999999999999
"S1",100,0.5,1,0.8,695,1.33694502752606,0.857037892772143,1.42519712775301,6.0504806884318,0,0.477999999999998
"S1",100,0.5,1,0.8,696,0.680965949858342,0.940142574781288,0.914598490525124,-9.41139745707832,0,0.498000000000001
"S1",100,0.5,1,0.8,697,5.55784954640575,0.961366358516019,1.98368890867748,-12.546721392223,0,0.495000000000001
"S1",100,0.5,1,0.8,698,0.430455387833563,0.875276873416327,0.799133667496373,17.6245577789344,0,0.465999999999998
"S1",100,0.5,1,0.8,699,0.630817736729189,0.900785094351617,0.780466514365086,-16.0654251913341,0,0.491
"S1",100,0.5,1,0.8,700,5.73930432890861,0.89626615391602,2.27950392184597,6.3222399925063,0,0.536999999999999
"S1",100,0.5,1,0.8,701,1.29918730458292,0.819988176314587,1.01772024582718,-28.8807589551477,0,0.491999999999997
"S1",100,0.5,1,0.8,702,0.0879308984113986,1.15614352482352,0.231026937759389,6.573083550104,0,0.545000000000002
"S1",100,0.5,1,0.8,703,0.91094863601183,1.05841630590756,0.989721900742397,-25.2581220711384,0,0.477
"S1",100,0.5,1,0.8,704,7.27286836987638,0.855181944523168,2.04903032914986,-6.39840865307156,0,0.539999999999999
"S1",100,0.5,1,0.8,705,3.20098577380497,0.822187103569064,1.81304388092402,1.42547946242834,0,0.483000000000001
"S1",100,0.5,1,0.8,706,0.57653067197061,1.08785150226057,1.01999175925766,0.682332915856819,0,0.511999999999997
"S1",100,0.5,1,0.8,707,0.590691876557153,0.873382042180081,0.811465675411159,-5.11772293127214,0,0.475000000000001
"S1",100,0.5,1,0.8,708,1.34830133783317,0.794943116160977,1.33695492718853,6.70624461254545,0,0.489000000000001
"S1",100,0.5,1,0.8,709,1.17661155790705,0.971327158398348,1.292874573248,-8.3555777008186,0,0.451000000000001
"S1",100,0.5,1,0.8,710,1.50120838656855,0.974896933592113,1.50292567891335,-3.17762303938682,0,0.460999999999999
"S1",100,0.5,1,0.8,711,1.32629737528843,0.950179841302466,1.75435855508109,20.1772172747717,0,0.489999999999998
"S1",100,0.5,1,0.8,712,0.284801942487379,0.95448943188408,0.442083629237335,-18.6758004264634,0,0.471
"S1",100,0.5,1,0.8,713,11.5219684628354,0.826388388851256,1.97504822898973,-13.8463992237676,0,0.582000000000001
"S1",100,0.5,1,0.8,714,4.80061247466915,0.761746698250592,2.24449597257001,24.4985417776113,0,0.510000000000002
"S1",100,0.5,1,0.8,715,1.94819610552556,0.908134680056884,1.67685640464423,2.26396613323607,0,0.482000000000003
"S1",100,0.5,1,0.8,716,0.325739857130313,0.918021646796686,0.523058103552291,-8.42373224346221,0,0.498000000000001
"S1",100,0.5,1,0.8,717,111.460508516481,0.855958125789158,2.41335792129328,-1.83891599437462,0,0.841999999999999
"S1",100,0.5,1,0.8,718,0.168625373614569,1.03918956200148,0.39335871907119,11.3282542523677,0,0.604000000000003
"S1",100,0.5,1,0.8,719,0.658298387263294,0.980849199375622,1.07409385837782,5.18759116735478,0,0.519000000000002
"S1",100,0.5,1,0.8,720,1.29306380850221,0.951385997024194,1.38316711433919,-4.732812793303,0,0.507000000000001
"S1",100,0.5,1,0.8,721,0.20565665787113,0.982710708171519,0.317838927843645,-27.1496220582475,0,0.497999999999998
"S1",100,0.5,1,0.8,722,9999.85429911939,0.814356861773758,2.39663080600926,0.370231869838221,0,1.001
"S1",100,0.5,1,0.8,723,0.124816255932758,1.08191561485749,0.285358510720548,2.43135764666977,0,0.477
"S1",100,0.5,1,0.8,724,0.976864581606132,1.04369992465475,1.20572530414753,-10.2068787063622,0,0.462
"S1",100,0.5,1,0.8,725,0.257882684727406,1.09156385199442,0.402125795827995,-23.4428435474434,0,0.592000000000002
"S1",100,0.5,1,0.8,726,0.513545996668298,0.983894838890002,1.0795387598043,23.6189385176869,0,0.575000000000003
"S1",100,0.5,1,0.8,727,0.544633402212565,0.973320885586891,0.82265056098758,-7.53911948694557,0,0.448
"S1",100,0.5,1,0.8,728,8.87756258544582,0.918130441696525,2.6152823631886,13.588020967675,0,0.570999999999998
"S1",100,0.5,1,0.8,729,0.159116933843996,1.09791251887819,0.326861237209558,-7.46743230574742,0,0.531000000000006
"S1",100,0.5,1,0.8,730,0.375906487480729,0.980277697496385,0.64298249211956,-3.90990373007443,0,0.502000000000002
"S1",100,0.5,1,0.8,731,0.35558250580384,0.969604102454891,0.656814536626339,2.92560843631065,0,0.500999999999998
"S1",100,0.5,1,0.8,732,1.7182123098688,1.08396634379299,1.70266698486369,-4.86549617740732,0,0.43
"S1",100,0.5,1,0.8,733,9999.81540801835,0.800350192836483,2.36163928600199,-0.268291494184922,0,0.894999999999996
"S1",100,0.5,1,0.8,734,5.82869824462056,0.837110126962804,2.22362660294161,8.90627015630798,0,0.520999999999994
"S1",100,0.5,1,0.8,735,0.279780406081931,1.04850030447982,0.501326548702677,-9.80681181218478,0,0.503
"S1",100,0.5,1,0.8,736,0.399434810582826,1.07319265549595,0.767223130035657,0.875039302051647,0,0.503
"S1",100,0.5,1,0.8,737,0.132594416339027,1.01470039669398,0.355407240806691,20.5700660332716,0,0.650000000000006
"S1",100,0.5,1,0.8,738,0.719865349469273,0.90565399545106,1.13458623005615,14.0763316696419,0,0.577999999999996
"S1",100,0.5,1,0.8,739,0.395015492340693,1.1142441950445,0.655360583464881,-13.8253716488018,0,0.531999999999996
"S1",100,0.5,1,0.8,740,0.593538300106577,0.949497825874088,0.730053780553068,-23.4828864680772,0,0.544999999999995
"S1",100,0.5,1,0.8,741,1.2873850424179,1.03971085350325,1.04815821409996,-36.2912258167238,0,0.469000000000001
"S1",100,0.5,1,0.8,742,3.60399168606462,0.822796981609713,1.66738932898953,-12.0911170978045,0,0.592999999999996
"S1",100,0.5,1,0.8,743,0.512619589128774,1.00262954819902,0.984829035515172,12.8357240581732,0,0.524000000000001
"S1",100,0.5,1,0.8,744,0.595602911513718,0.967071497144873,0.710195333606263,-27.5947889158835,0,0.492999999999995
"S1",100,0.5,1,0.8,745,0.444460648216853,0.900850749364029,0.689385765302432,-7.17440053551724,0,0.471999999999994
"S1",100,0.5,1,0.8,746,0.343656735402101,0.991866576485508,0.535112346193546,-18.9469608997371,0,0.482999999999997
"S1",100,0.5,1,0.8,747,0.31190841007489,1.01028574374466,0.539422252472121,-7.77112474975476,0,0.523999999999994
"S1",100,0.5,1,0.8,748,0.70113142416045,1.0070730249095,0.97611314626989,-8.33922684298403,0,0.506
"S1",100,0.5,1,0.8,749,0.66213783412442,1.00330277810045,0.894041870898097,-13.8779619704864,0,0.542999999999999
"S1",100,0.5,1,0.8,750,0.918478830259739,0.918226985729524,1.11267604742791,-5.11528603620746,0,0.511000000000003
"S1",100,0.5,1,0.8,751,0.991162842352682,1.00677945322652,1.34567465760611,4.31539996419488,0,0.489000000000004
"S1",100,0.5,1,0.8,752,0.394649599111202,1.04465447602556,0.708141588891519,-5.11936276622666,0,0.462000000000003
"S1",100,0.5,1,0.8,753,0.336119621097231,1.05865105432878,0.725820292449533,9.98424380656419,0,0.499000000000002
"S1",100,0.5,1,0.8,754,0.904521103991512,0.877997207498923,1.13718765967628,0.604114006347316,0,0.466000000000001
"S1",100,0.5,1,0.8,755,0.43698454652416,1.0739273190891,0.705016669791822,-14.107961975254,0,0.459000000000003
"S1",100,0.5,1,0.8,756,0.493267312158078,1.17124585956685,0.885960645194987,-6.00698456318972,0,0.457999999999998
"S1",100,0.5,1,0.8,757,0.84545749376583,1.14051197342758,1.46923203934294,10.5445628050047,0,0.487000000000002
"S1",100,0.5,1,0.8,758,1.1327542221015,1.0367700175272,1.17098168991062,-20.0450138355395,0,0.475999999999999
"S1",100,0.5,1,0.8,759,0.832364460495248,0.911978018943812,1.02071473436923,-8.86714335299226,0,0.443000000000005
"S1",100,0.5,1,0.8,760,0.0656987294660655,1.06838344696675,0.140586188561012,-5.28498074822366,0,0.576000000000001
"S1",100,0.5,1,0.8,761,1.50949181668782,0.991312381199339,1.80674327847826,12.9537066015478,0,0.429000000000002
"S1",100,0.5,1,0.8,762,1.63190528508237,0.989195291805962,1.32762697207375,-21.9671831397271,0,0.458000000000006
"S1",100,0.5,1,0.8,763,0.160083777879304,1.00555138378699,0.358593879874693,8.43948766358653,0,0.573
"S1",100,0.5,1,0.8,764,0.489729290326151,1.05217955494418,0.889435710201114,3.3129747015677,0,0.521000000000001
"S1",100,0.5,1,0.8,765,1.27569693025259,0.892126916001084,1.40476275587965,2.71496388874687,0,0.486000000000004
"S1",100,0.5,1,0.8,766,2.072202528843,0.983067902195572,1.68437637415031,-6.11265485453728,0,0.551000000000002
"S1",100,0.5,1,0.8,767,1.00452269488279,0.875111020156299,1.27810085974229,7.26064424830437,0,0.488
"S1",100,0.5,1,0.8,768,5.37728593215876,0.894500085277695,2.1199248312603,-0.552395820119813,0,0.534999999999997
"S1",100,0.5,1,0.8,769,1.29963354029815,0.958187933286328,1.41997717452099,-2.08966835744428,0,0.491
"S1",100,0.5,1,0.8,770,0.757417962631629,0.837899149634644,0.913643987001737,-7.03623515574597,0,0.466000000000001
"S1",100,0.5,1,0.8,771,0.13726951269981,1.21401587388982,0.400065721433128,13.5316876076365,0,0.521999999999998
"S1",100,0.5,1,0.8,772,0.946559701947711,0.983926943949336,1.24473060513923,-1.00154224241442,0,0.555
"S1",100,0.5,1,0.8,773,0.529976781876816,0.933132898130148,0.704334178441246,-19.06573189976,0,0.468999999999994
"S1",100,0.5,1,0.8,774,0.301410472724338,0.930033669212546,0.514287773940993,-4.16835552617158,0,0.481000000000002
"S1",100,0.5,1,0.8,775,0.296139126530176,1.00251798780864,0.628572333661948,13.2075620598758,0,0.527000000000001
"S1",100,0.5,1,0.8,776,0.431189491449132,1.12921452781976,0.654119726150688,-24.322870485845,0,0.495999999999995
"S1",100,0.5,1,0.8,777,0.504366764253533,0.904734179935592,0.931544309629182,17.6194544762247,0,0.463000000000001
"S1",100,0.5,1,0.8,778,1.15736336452363,1.02814935547331,1.30509492414644,-9.16203921754681,0,0.465000000000003
"S1",100,0.5,1,0.8,779,0.163915027100296,1.09992547743405,0.414989814467965,12.9663647706626,0,0.544000000000004
"S1",100,0.5,1,0.8,780,1.00205971701898,0.936388233052368,1.30133307094149,5.64090731872008,0,0.475999999999999
"S1",100,0.5,1,0.8,781,0.412824043110504,1.05665619175959,0.535233207062124,-35.0249129519761,0,0.450000000000003
"S1",100,0.5,1,0.8,782,1.51825174579201,0.957030987310437,1.44244695169233,-6.2221278214769,0,0.471000000000004
"S1",100,0.5,1,0.8,783,0.828283806937031,0.990419567030375,1.05117172512473,-11.1262129069556,0,0.466000000000001
"S1",100,0.5,1,0.8,784,0.980293310346532,1.08624128684493,1.26221480587511,-7.95560636240285,0,0.481000000000002
"S1",100,0.5,1,0.8,785,0.945211421809199,0.955861759926241,0.906970798481745,-31.7150072468419,0,0.478000000000002
"S1",100,0.5,1,0.8,786,0.819344995450726,0.934095920791852,1.09701410143648,-1.06551756433797,0,0.488000000000007
"S1",100,0.5,1,0.8,787,1.35939696158227,1.04946103235104,1.82726176918448,13.9355301049987,0,0.448999999999998
"S1",100,0.5,1,0.8,788,20.3658655821013,0.803538843533283,2.16018615127367,-5.52698766665176,0,0.783999999999992
"S1",100,0.5,1,0.8,789,4.19956543784779,0.929552901559723,2.3030958069776,10.6974973617422,0,0.423000000000002
"S1",100,0.5,1,0.8,790,0.721022154030277,0.902074910935213,0.85256283578244,-18.3677106694711,0,0.465000000000003
"S1",100,0.5,1,0.8,791,1.83557229299819,0.951317831929593,1.67772701719946,0.492943163314436,0,0.456999999999994
"S1",100,0.5,1,0.8,792,0.401484778431154,1.13075168740989,0.64524982618523,-17.0515718267373,0,0.644999999999996
"S1",100,0.5,1,0.8,793,9999.87380836767,0.861645680681692,2.2374544791736,-12.1110593580308,0,0.975999999999999
"S1",100,0.5,1,0.8,794,1.0781584002177,0.902027797706973,1.48197682210331,18.2323153429472,0,0.470999999999989
"S1",100,0.5,1,0.8,795,0.346925551800665,0.984658599454221,0.692272514284541,8.11842653712424,0,0.469000000000008
"S1",100,0.5,1,0.8,796,1.53225045857088,0.932305849372376,1.24121660326437,-22.6795979420772,0,0.458999999999989
"S1",100,0.5,1,0.8,797,0.141018093914427,1.09659135526253,0.325495302008762,0.648473381604418,0,0.542000000000002
"S1",100,0.5,1,0.8,798,0.447486694610969,0.992266306803354,0.723906507290528,-7.71614551474084,0,0.504999999999995
"S1",100,0.5,1,0.8,799,0.135765948487925,1.12200798635851,0.343332510479646,5.97473419080103,0,0.543000000000006
"S1",100,0.5,1,0.8,800,1.7995168860398,0.960047793423075,1.64997349948955,-1.81553810096929,0,0.465000000000003
"S1",100,0.5,1,0.8,801,1.03822998021484,1.11767042979377,1.61441674110893,10.0929694428587,0,0.501999999999995
"S1",100,0.5,1,0.8,802,0.180428883901038,1.20462351965245,0.380475045690259,-10.1902954115201,0,0.548999999999992
"S1",100,0.5,1,0.8,803,0.372094319573895,1.1776823880732,0.83404659563647,7.66205103176759,0,0.525999999999996
"S1",100,0.5,1,0.8,804,0.83716816609305,0.964304970412922,1.03740450809533,-9.88366584513079,0,0.484999999999999
"S1",100,0.5,1,0.8,805,0.609514516591096,0.969681652082143,0.92791801741261,0.703876972600142,0,0.524000000000001
"S1",100,0.5,1,0.8,806,0.417376403859629,1.01028927629017,0.694266670142811,-7.73172163775979,0,0.475999999999999
"S1",100,0.5,1,0.8,807,2.87471192336483,0.825101961710347,1.49049980154105,-19.5238285455919,0,0.494
"S1",100,0.5,1,0.8,808,1.70908748077353,0.942316132654955,1.55120359321783,-5.08843413279931,0,0.458999999999989
"S1",100,0.5,1,0.8,809,0.869371833875786,0.9029458311479,1.03717840331982,-8.3457817912518,0,0.454000000000008
"S1",100,0.5,1,0.8,810,0.862578763256784,1.06294361060963,1.03185529133394,-18.9630203810566,0,0.484000000000009
"S1",100,0.5,1,0.8,811,1.02866466661849,0.956935598954625,1.33612685238201,5.72511753705425,0,0.594000000000008
"S1",100,0.5,1,0.8,812,0.646018185304249,1.0425419823865,0.933133104312359,-11.1497475449145,0,0.468000000000004
"S1",100,0.5,1,0.8,813,1.72007120299853,0.917020617257637,1.81121291281283,15.8183965144248,0,0.536999999999992
"S1",100,0.5,1,0.8,814,0.22475218792666,1.0355155401274,0.465013431340851,2.81961963623633,0,0.480000000000004
"S1",100,0.5,1,0.8,815,0.465825826371332,0.980911973863319,0.817449616267814,4.89312816377463,0,0.463999999999999
"S1",100,0.5,1,0.8,816,0.319730353868667,1.10601463678753,0.539377033567446,-14.6127284318794,0,0.547000000000011
"S1",100,0.5,1,0.8,817,0.171177324623307,0.992954157251494,0.347718513082825,-0.957864938764487,0,0.488
"S1",100,0.5,1,0.8,818,0.883174194895159,0.981975993070948,0.885635401217337,-32.4316226465617,0,0.423000000000002
"S1",100,0.5,1,0.8,819,0.325034778882458,0.99475157864157,0.608947490703686,-2.98786106334566,0,0.489999999999995
"S1",100,0.5,1,0.8,820,2.93499466634344,0.935232669226983,1.65542443345504,-15.841245251787,0,0.486999999999995
"S1",100,0.5,1,0.8,821,0.520326827858959,1.05360863101942,0.918867305083109,0.2896942755645,0,0.450000000000003
"S1",100,0.5,1,0.8,822,0.367701303068072,1.15700021852868,0.712935845568857,-5.50180748715943,0,0.476000000000013
"S1",100,0.5,1,0.8,823,0.540387566060665,0.999942615450285,0.850957514016184,-5.23917769090252,0,0.468000000000004
"S1",100,0.5,1,0.8,824,2.33065156082672,0.849909732704461,1.37166705243411,-23.4837542414306,0,0.488
"S1",100,0.5,1,0.8,825,0.534263964557098,1.02986229855108,1.12144653413315,21.1091100508061,0,0.48899999999999
"S1",100,0.5,1,0.8,826,0.17466125010897,1.03622732866483,0.356903271511847,-5.65294565995163,0,0.486000000000004
"S1",100,0.5,1,0.8,827,1.02807632639366,0.95608064213322,1.32354540127042,3.0634350699398,0,0.466999999999999
"S1",100,0.5,1,0.8,828,0.675678256105459,0.946474862777065,0.961372378264257,-2.8434760521944,0,0.465000000000003
"S1",100,0.5,1,0.8,829,0.432218133618479,0.979214797018287,0.78698783024379,3.74670763107886,0,0.455999999999989
"S1",100,0.5,1,0.8,830,0.131710639712769,1.04374430448021,0.304938111533176,5.77080433788996,0,0.495000000000005
"S1",100,0.5,1,0.8,831,2.0774901864763,0.846785187858944,1.37710583035942,-18.3467744160983,0,0.494
"S1",100,0.5,1,0.8,832,3.02784211562802,0.980234405601603,1.73306571004329,-14.8860043197584,0,0.519000000000005
"S1",100,0.5,1,0.8,833,1.2455673460828,1.00071309713883,1.12391589519014,-26.9579833490829,0,0.427999999999997
"S1",100,0.5,1,0.8,834,5.37691318611031,0.808929709857318,1.8019325742956,-11.9274749071973,0,0.534000000000006
"S1",100,0.5,1,0.8,835,0.16341272414256,1.03778069305015,0.257220191173771,-30.0104379793158,0,0.515999999999991
"S1",100,0.5,1,0.8,836,0.610977233992234,1.00113611055455,0.81165697540116,-17.5929013797509,0,0.516000000000005
"S1",100,0.5,1,0.8,837,3.30763234782766,0.743099659264925,1.71138578726248,2.34962736865597,0,0.50200000000001
"S1",100,0.5,1,0.8,838,0.601549087851322,1.17916493902476,1.28577983517185,14.2302917990622,0,0.447000000000003
"S1",100,0.5,1,0.8,839,0.23233050492767,1.12403510827943,0.687104811263084,29.5630548372727,0,0.561999999999998
"S1",100,0.5,1,0.8,840,0.206317037802523,1.02824592713529,0.368203702272877,-13.4025131944176,0,0.510999999999996
"S1",100,0.5,1,0.8,841,0.39628797663105,1.10248650730055,0.967686715909284,22.1273889596946,0,0.506
"S1",100,0.5,1,0.8,842,0.959995327101526,1.06512840309902,1.57169522708041,14.1185297415991,0,0.537000000000006
"S1",100,0.5,1,0.8,843,0.236686890771039,0.937326266193658,0.477070234390223,6.96315722102051,0,0.473000000000013
"S1",100,0.5,1,0.8,844,9999.97190918314,0.882692395326415,2.2986813016178,-10.5428845226348,0,0.829999999999998
"S1",100,0.5,1,0.8,845,2.94047054319415,0.773827974629563,1.56552966658463,-8.22611956217244,0,0.499000000000009
"S1",100,0.5,1,0.8,846,0.938018127360986,0.967136904437274,1.14959898439727,-7.4492886068887,0,0.438000000000002
"S1",100,0.5,1,0.8,847,0.333462193207749,1.1061272765048,0.486825033969723,-28.0129608320748,0,0.497
"S1",100,0.5,1,0.8,848,3.06212867436343,0.908526021590656,2.1325251762381,12.9308951663266,0,0.626000000000005
"S1",100,0.5,1,0.8,849,0.0883006866824259,1.04950198997353,0.246520481363811,19.2325299903165,0,0.622
"S1",100,0.5,1,0.8,850,0.543068083521777,1.04116332306811,0.911397761681737,-0.308369776486558,0,0.656000000000006
"S1",100,0.5,1,0.8,851,0.0879963832632994,1.10998824188239,0.203226109462251,-0.393456704698792,0,0.595999999999989
"S1",100,0.5,1,0.8,852,0.427555482548694,1.01550908453611,0.599340001976204,-22.5599420344239,0,0.495999999999995
"S1",100,0.5,1,0.8,853,0.421393748182465,0.9696175610003,0.664637839704607,-8.15275087714613,0,0.477000000000004
"S1",100,0.5,1,0.8,854,2.07276005985168,0.916590573302211,1.40583050515979,-21.3999727363129,0,0.545000000000002
"S1",100,0.5,1,0.8,855,2.11045621826848,0.887598201570949,1.73020737099257,4.26357093269516,0,0.494
"S1",100,0.5,1,0.8,856,0.269875569812301,1.03833650032433,0.540476753644073,-1.95181011223949,0,0.497
"S1",100,0.5,1,0.8,857,0.590931963209857,0.94575567068157,0.762960203664112,-20.6685026870506,0,0.415999999999997
"S1",100,0.5,1,0.8,858,0.580899115757653,1.0788842243661,1.11334970771106,9.62376434995173,0,0.474999999999994
"S1",100,0.5,1,0.8,859,3.03424532367908,0.940868614621297,2.24448142390364,15.2902733647949,0,0.564000000000007
"S1",100,0.5,1,0.8,860,0.639601615808691,0.935889109809192,1.13057456443558,18.4129612466939,0,0.432999999999993
"S1",100,0.5,1,0.8,861,0.355377409513663,1.00868804106399,0.532438509535831,-20.4637906779844,0,0.494
"S1",100,0.5,1,0.8,862,0.253026436885698,0.995552901858709,0.531292891518507,8.43392432538243,0,0.494
"S1",100,0.5,1,0.8,863,0.14423182184629,1.21598786014618,0.543221657553906,35.0333299152174,0,0.497
"S1",100,0.5,1,0.8,864,0.506186627690914,1.04858873216106,0.771509656265461,-13.6183787019004,0,0.462000000000003
"S1",100,0.5,1,0.8,865,1.60134901397693,0.853304586993225,1.3605106793636,-7.72826149121761,0,0.531000000000006
"S1",100,0.5,1,0.8,866,0.612736185594468,1.04419181304974,1.08214717965836,7.55468002011767,0,0.549999999999997
"S1",100,0.5,1,0.8,867,0.511552433074176,0.995385258593614,0.725202403095284,-17.2646327905766,0,0.456000000000003
"S1",100,0.5,1,0.8,868,0.272821820208749,1.13060542136452,0.534381389352785,-8.0175949382805,0,0.51700000000001
"S1",100,0.5,1,0.8,869,0.175209209646748,1.0225619567953,0.356648966499376,-2.92177275482194,0,0.512
"S1",100,0.5,1,0.8,870,0.781283120386373,1.0910851129956,1.34478470185611,9.26527487941152,0,0.504999999999995
"S1",100,0.5,1,0.8,871,0.705697204818508,0.956564789789791,0.87112492752981,-17.6068977234399,0,0.477999999999994
"S1",100,0.5,1,0.8,872,0.901763314765615,0.942957985378976,1.11275953621716,-6.53881595088441,0,0.448999999999998
"S1",100,0.5,1,0.8,873,0.212660070145616,1.17061597196858,0.456903216805166,-7.84850608489705,0,0.527000000000001
"S1",100,0.5,1,0.8,874,0.290037104482312,1.01595795892269,0.54046413388429,-3.09785639699675,0,0.503
"S1",100,0.5,1,0.8,875,1.15923237457616,0.897169916009896,1.54342376822101,18.3070862261506,0,0.458000000000013
"S1",100,0.5,1,0.8,876,0.160547771311236,1.04798134988898,0.32469791208802,-4.14807925498224,0,0.61999999999999
"S1",100,0.5,1,0.8,877,0.226899194728693,1.07344469287922,0.499598487493049,6.86389306777346,0,0.545000000000002
"S1",100,0.5,1,0.8,878,4.34061825006342,0.894510068904567,1.82628779757115,-12.3902292996313,0,0.51400000000001
"S1",100,0.5,1,0.8,879,10.4471811299163,0.815216068514654,1.79824689813456,-22.9208775227196,0,0.679000000000002
"S1",100,0.5,1,0.8,880,0.738622755500724,0.92601599257852,1.13432994183635,11.5115805820544,0,0.494
"S1",100,0.5,1,0.8,881,0.219265320142962,1.10975408248082,0.542590253432798,14.3824793025963,0,0.579999999999998
"S1",100,0.5,1,0.8,882,0.303869884062302,1.08787178193803,0.583702013537944,-6.08024168485085,0,0.504000000000005
"S1",100,0.5,1,0.8,883,1.21544683666206,0.930779346076816,1.49681411115369,8.57405474195701,0,0.465000000000003
"S1",100,0.5,1,0.8,884,2.8225019517288,0.925910574198186,2.16737915951859,15.0011238416948,0,0.525999999999996
"S1",100,0.5,1,0.8,885,1.92649862490976,1.02274332010947,1.84178367865433,2.46176629481528,0,0.581000000000003
"S1",100,0.5,1,0.8,886,2.85052997646386,0.913234840882718,1.9002313533217,1.80536999457766,0,0.529999999999987
"S1",100,0.5,1,0.8,887,0.457252789627753,1.00347215942838,0.68326714594932,-13.5558304863252,0,0.539000000000001
"S1",100,0.5,1,0.8,888,0.322449604095109,1.00477971095168,0.456138974196294,-30.2091459954691,0,0.507999999999996
"S1",100,0.5,1,0.8,889,0.60948734071682,0.961929786648469,0.977899192219519,4.07362120686494,0,0.600999999999999
"S1",100,0.5,1,0.8,890,0.243844089491789,0.944019615858321,0.445771671998581,-2.3458548716564,0,0.442999999999998
"S1",100,0.5,1,0.8,891,0.741212155979266,0.965177387034712,0.835515252258988,-25.825353647978,0,0.503
"S1",100,0.5,1,0.8,892,0.298224129283672,1.07345206722115,0.535704246424863,-11.8085334913206,0,0.494
"S1",100,0.5,1,0.8,893,0.271403973309416,1.04935398289247,0.479358924860511,-11.1760662833363,0,0.494
"S1",100,0.5,1,0.8,894,0.301578560202603,0.947133459573215,0.492040613990638,-11.5601229683503,0,0.542999999999992
"S1",100,0.5,1,0.8,895,0.194515883215386,1.01713745579197,0.366151839498536,-9.10027451665147,0,0.519000000000005
"S1",100,0.5,1,0.8,896,0.191307693948884,0.935564181888442,0.42225910294462,15.5633859722848,0,0.455999999999989
"S1",100,0.5,1,0.8,897,0.327631060276426,1.09622203464193,0.566558882875091,-14.5372048609086,0,0.561000000000007
"S1",100,0.5,1,0.8,898,1.2771699179092,1.00303349008013,1.22219384016486,-19.7741809497358,0,0.463000000000008
"S1",100,0.5,1,0.8,899,0.606832759880851,1.02109240742458,0.937022669684983,-5.39957678413739,0,0.549999999999997
"S1",100,0.5,1,0.8,900,0.583388218712113,0.989265244580219,0.754585141490086,-21.5689548478366,0,0.478999999999999
"S1",100,0.5,1,0.8,901,0.741470801279766,0.9113973471835,1.07430715475435,4.27278077308506,0,0.449999999999989
"S1",100,0.5,1,0.8,902,3.6140610142242,0.859586005428971,2.1764234482211,14.561207815809,0,0.495999999999995
"S1",100,0.5,1,0.8,903,0.390749576343722,1.14896578899568,0.821986633074516,4.51493370560414,0,0.510000000000005
"S1",100,0.5,1,0.8,904,0.444257758637522,1.11672486422673,0.786565038940625,-4.22631815284805,0,0.532000000000011
"S1",100,0.5,1,0.8,905,0.558015179143503,0.950526950815876,0.740005066298012,-17.849484336964,0,0.50500000000001
"S1",100,0.5,1,0.8,906,3.75976237278378,0.800606737925584,1.48591843044475,-26.5525378160359,0,0.515000000000001
"S1",100,0.5,1,0.8,907,3.80120116476409,0.933185449325134,2.59052551676587,25.3610714850311,0,0.534000000000006
"S1",100,0.5,1,0.8,908,0.365754531138702,0.986559268151781,0.518955995152992,-23.6424889251706,0,0.585999999999999
"S1",100,0.5,1,0.8,909,0.616413156694041,1.02730931596219,0.942406796638053,-3.23293235179548,0,0.525999999999996
"S1",100,0.5,1,0.8,910,1.04227261228999,1.03192677975192,1.27345845579713,-6.31818528237582,0,0.477999999999994
"S1",100,0.5,1,0.8,911,0.314896569207805,0.93333991636519,0.578780781878835,2.19427863391067,0,0.477000000000004
"S1",100,0.5,1,0.8,912,1.5262404679469,0.864306750501331,1.19380767044888,-24.8222226475491,0,0.475999999999999
"S1",100,0.5,1,0.8,913,0.393621405441273,1.12132034001083,0.638891301572912,-16.5478992124046,0,0.468999999999994
"S1",100,0.5,1,0.8,914,3.7152152826716,0.934423036810593,2.19811444813292,8.21352957717562,0,0.448999999999984
"S1",100,0.5,1,0.8,915,0.646324475350202,0.973038221207458,0.923410498297872,-4.06308716160402,0,0.542000000000002
"S1",100,0.5,1,0.8,916,0.11866077151085,1.03801155579477,0.319129273956859,17.7585319422114,0,0.603000000000009
"S1",100,0.5,1,0.8,917,0.583455153773519,1.02526406291618,0.827561064936056,-15.2941801487604,0,0.579000000000008
"S1",100,0.5,1,0.8,918,1.16547911511127,0.890382917070884,1.26965449062943,-2.61087967659608,0,0.495000000000005
"S1",100,0.5,1,0.8,919,2.87720594559988,1.00349545136691,2.30574078200262,14.7444037706605,0,0.554000000000002
"S1",100,0.5,1,0.8,920,9999.14705820717,0.872255301511029,2.94865668957629,18.8528837211408,0,0.903999999999996
"S1",100,0.5,1,0.8,921,1.56132631945668,0.90858547281952,1.54901933374195,2.93246911088414,0,0.477000000000004
"S1",100,0.5,1,0.8,922,0.269584698135418,1.05733785614517,0.703945812723337,23.5227397239419,0,0.521999999999991
"S1",100,0.5,1,0.8,923,0.733897020116198,0.904040597419126,1.02954957666675,0.908035573125261,0,0.442999999999984
"S1",100,0.5,1,0.8,924,5.40611434175299,0.860219792581611,2.22175873898306,8.19987581909604,0,0.534999999999997
"S1",100,0.5,1,0.8,925,1.12347185111813,0.910050757201344,1.49925411568109,15.5243126335126,0,0.474999999999994
"S1",100,0.5,1,0.8,926,0.521447698309196,1.01399405869005,0.884933156817329,0.929596667524521,0,0.510999999999996
"S1",100,0.5,1,0.8,927,0.573376031600022,1.21375163342172,1.12534292990934,4.80265307938032,0,0.524000000000001
"S1",100,0.5,1,0.8,928,0.403983439116085,1.03314292133501,0.720425382226124,-3.37107297024357,0,0.516999999999996
"S1",100,0.5,1,0.8,929,1.68771968992302,1.13651083383892,1.62801412716505,-10.3824626893695,0,0.462999999999994
"S1",100,0.5,1,0.8,930,9999.94660047043,0.864282995117893,2.46464028300775,-1.03638596316151,0,0.986999999999995
"S1",100,0.5,1,0.8,931,0.154960686549226,1.03693469655527,0.329529544402335,-1.91755798498812,0,0.600999999999999
"S1",100,0.5,1,0.8,932,9999.87708261663,0.786796254537923,2.23814057937851,-5.7787854511823,0,1.042
"S1",100,0.5,1,0.8,933,0.0982616416960092,1.06611300028158,0.209150013168926,-5.276683777871,0,0.494999999999976
"S1",100,0.5,1,0.8,934,0.0939511799483487,1.06810283651475,0.190276046616137,-12.2695103917293,0,0.50200000000001
"S1",100,0.5,1,0.8,935,0.378991993827065,0.967369349613715,0.597168966108998,-10.3130328872548,0,0.456999999999994
"S1",100,0.5,1,0.8,936,2.9608322216497,1.02271070320881,2.25817021229916,9.64299893877038,0,0.503999999999991
"S1",100,0.5,1,0.8,937,0.156837238863453,1.17068983695555,0.336883936281835,-7.39089883195379,0,0.544000000000011
"S1",100,0.5,1,0.8,938,0.818702873720036,0.920659553854293,0.902736515646372,-20.4173843334508,0,0.500999999999976
"S1",100,0.5,1,0.8,939,0.451530490191225,1.08967020797175,0.732115448364366,-13.3381848589507,0,0.591000000000008
"S1",100,0.5,1,0.8,940,2.95919574648794,0.954740799878284,1.82918857834802,-6.28281565037662,0,0.516999999999996
"S1",100,0.5,1,0.8,941,0.17562196148091,1.05492473959522,0.300107524209704,-22.8629699963636,0,0.521999999999991
"S1",100,0.5,1,0.8,942,0.961919109422371,0.991372542476521,1.3078401278952,2.31767641250974,0,0.513000000000005
"S1",100,0.5,1,0.8,943,0.0890592107928788,1.14724084851676,0.165756156068058,-23.5012555003904,0,0.59899999999999
"S1",100,0.5,1,0.8,944,0.487245143158349,0.981371304631747,0.631101496289625,-24.7957976439809,0,0.501999999999981
"S1",100,0.5,1,0.8,945,0.275663868702835,1.0187751676831,0.495613707732445,-5.1884413732009,0,0.533999999999992
"S1",100,0.5,1,0.8,946,2.23825672314722,0.930957850048805,1.3898120585236,-25.9337602056706,0,0.445999999999998
"S1",100,0.5,1,0.8,947,0.317722052679891,1.036495212737,0.585180123901646,-3.41816651426041,0,0.533999999999992
"S1",100,0.5,1,0.8,948,0.532617467291916,1.03361844383751,0.994010855688254,10.7111942588379,0,0.474999999999994
"S1",100,0.5,1,0.8,949,0.42349033375758,1.06519819849159,0.599187269083308,-25.4231567663837,0,0.460999999999984
"S1",100,0.5,1,0.8,950,0.414146213272789,0.997396508962675,0.573890692571517,-23.4320908165111,0,0.503000000000014
"S1",100,0.5,1,0.8,951,0.878038706415106,1.07376558118107,1.33673146479951,5.08347671022932,0,0.554000000000002
"S1",100,0.5,1,0.8,952,3.62597469449546,0.817875021466011,1.91260749238713,4.23860249509281,0,0.488
"S1",100,0.5,1,0.8,953,0.114647849766668,1.18106789711631,0.23598008246845,-16.7215258325425,0,0.490000000000009
"S1",100,0.5,1,0.8,954,0.466420590209708,1.07631264068234,0.853625323206348,3.29891579931288,0,0.518000000000001
"S1",100,0.5,1,0.8,955,0.666247964150832,0.937840583044879,0.945257030384862,-2.85466384744453,0,0.526999999999987
"S1",100,0.5,1,0.8,956,0.67126643167956,1.02316123734346,1.11391031517479,5.77925109780074,0,0.444000000000017
"S1",100,0.5,1,0.8,957,1.88891341109431,0.945263552365071,1.45455550495702,-16.4765975708935,0,0.515000000000015
"S1",100,0.5,1,0.8,958,0.828337836191009,1.04562094880131,0.971538481571905,-21.8408422694305,0,0.425000000000011
"S1",100,0.5,1,0.8,959,1.47332264800342,0.920907059367373,1.684091715181,13.4825063705697,0,0.445000000000022
"S1",100,0.5,1,0.8,960,1.18059062464965,1.26299914967078,2.06934357588797,16.6969708641468,0,0.52200000000002
"S1",100,0.5,1,0.8,961,0.610438177993272,0.963030658259185,0.875030395002162,-6.94132974233963,0,0.495000000000005
"S1",100,0.5,1,0.8,962,0.504473665383626,1.13792809864457,0.702798113580513,-25.0493717889964,0,0.484000000000009
"S1",100,0.5,1,0.8,963,0.242786073537231,1.04534510509382,0.454744684118054,-8.39423795565469,0,0.525000000000006
"S1",100,0.5,1,0.8,964,0.464155778880932,0.964078737267723,0.727210885346081,-8.28472612400211,0,0.60899999999998
"S1",100,0.5,1,0.8,965,0.522039736455566,0.85418990951184,0.798157174794239,4.2192364820225,0,0.481999999999999
"S1",100,0.5,1,0.8,966,0.353317910411195,1.11699354535294,0.614027838533981,-13.6974572242921,0,0.585999999999984
"S1",100,0.5,1,0.8,967,0.458611181711574,0.898244018612308,0.790940235430269,7.91592975576035,0,0.503000000000014
"S1",100,0.5,1,0.8,968,0.0664512863798992,1.06428953611793,0.12669462834207,-17.5852745402576,0,0.600999999999999
"S1",100,0.5,1,0.8,969,1.15005602487284,1.0634074263502,1.27516043027814,-13.546535464197,0,0.501999999999981
"S1",100,0.5,1,0.8,970,1.28996536568793,0.881196683091386,1.16760846427794,-17.6455822988922,0,0.492000000000019
"S1",100,0.5,1,0.8,971,1.02332541426614,0.929947615077285,1.11565870053781,-11.98209403297,0,0.492999999999995
"S1",100,0.5,1,0.8,972,0.825437663382639,1.00238527247314,1.34585955220233,13.5765511666675,0,0.521999999999991
"S1",100,0.5,1,0.8,973,0.250651702674368,0.979285566648993,0.503859207545915,5.68134070895007,0,0.560999999999979
"S1",100,0.5,1,0.8,974,3.16360730376403,0.798724703656074,1.77338315519623,0.889511434916614,0,0.480999999999995
"S1",100,0.5,1,0.8,975,0.175364750649706,1.02957387055979,0.435832553441064,13.7555002130977,0,0.579000000000008
"S1",100,0.5,1,0.8,976,0.229021253463802,0.970833548447771,0.414164765563608,-8.76374112677101,0,0.537999999999982
"S1",100,0.5,1,0.8,977,1.21103842871348,1.06215927917366,1.28295323742923,-14.6429746299608,0,0.455000000000013
"S1",100,0.5,1,0.8,978,0.449208043228526,1.10386079959776,0.715208235914063,-13.1678334755052,0,0.504000000000019
"S1",100,0.5,1,0.8,979,9998.88020854832,0.769930301795147,2.16673446309607,-8.42979741127476,0,1.04499999999999
"S1",100,0.5,1,0.8,980,5.06383077199662,0.909852135433307,2.13954375809632,0.718744591443425,0,0.540999999999997
"S1",100,0.5,1,0.8,981,1.06716237202389,0.986782433561427,0.956119880519401,-34.1685932099638,0,0.488
"S1",100,0.5,1,0.8,982,1.00876660854617,0.940779862466285,1.57973197785742,24.4586366852799,0,0.514999999999986
"S1",100,0.5,1,0.8,983,0.333613648648153,0.982213349312052,0.599254426898167,-0.474238097994004,0,0.635999999999996
"S1",100,0.5,1,0.8,984,0.9880957125431,0.995146962166293,1.46553506535032,10.8309542244077,0,0.467999999999989
"S1",100,0.5,1,0.8,985,2.18559070805779,1.01289730856509,1.68775277792514,-9.52885266906029,0,0.488
"S1",100,0.5,1,0.8,986,0.097485131280154,1.03079379788049,0.240761057713324,10.0838489562738,0,0.485000000000014
"S1",100,0.5,1,0.8,987,0.212444942072886,1.18297630931019,0.444109955824494,-7.95718496866019,0,0.511000000000024
"S1",100,0.5,1,0.8,988,0.597294798281843,1.14443186937086,1.04685363046458,-1.94342495455297,0,0.467000000000013
"S1",100,0.5,1,0.8,989,0.0746680840410077,1.0624441696211,0.163625325056934,-2.55237160289039,0,0.61699999999999
"S1",100,0.5,1,0.8,990,0.4047476604489,1.18618377503374,0.65251811180906,-20.5229345383781,0,0.492999999999995
"S1",100,0.5,1,0.8,991,0.660651470943334,0.866377463706328,0.801929734833984,-14.304069157136,0,0.48599999999999
"S1",100,0.5,1,0.8,992,0.216205280670607,1.0007396463185,0.409257070254723,-3.10704996450417,0,0.548000000000002
"S1",100,0.5,1,0.8,993,1.68240593942206,0.778380227514164,1.34267827974016,-5.34174546256341,0,0.502999999999986
"S1",100,0.5,1,0.8,994,0.477427549588633,1.03836113673231,0.898619787718734,7.810633997802,0,0.477000000000004
"S1",100,0.5,1,0.8,995,0.524936849645934,1.11429397525619,0.941545707366144,-2.50384398076602,0,0.49199999999999
"S1",100,0.5,1,0.8,996,0.402480605293886,0.956951561741673,0.512093709887518,-29.9148172376613,0,0.546000000000021
"S1",100,0.5,1,0.8,997,0.94681205884819,0.978786736145055,1.49699598706918,20.1054334415408,0,0.513999999999982
"S1",100,0.5,1,0.8,998,0.26880997127118,1.03685949162873,0.450410004491196,-17.4429371839727,0,0.515999999999991
"S1",100,0.5,1,0.8,999,0.632002473752079,1.05564170211836,1.12372341489751,6.67474173059955,0,0.50200000000001
"S1",100,0.5,1,0.8,1000,3.34640768347094,0.982491209506434,1.86791001622162,-9.85613323725289,0,0.551999999999992
