"scenario","n","alpha_true","beta_true","lambda_true","replication","alpha_hat","beta_hat","lambda_hat","logLik","convergence","seconds"
"S2",500,1,2,0.5,1,1.04109096088719,2.00501323559193,0.505746169599019,-328.818038642212,0,1.08399999999983
"S2",500,1,2,0.5,2,0.741734775766073,2.09183419925301,0.44577018083709,-303.339751363637,0,1.01999999999998
"S2",500,1,2,0.5,3,0.636979481713313,2.11897234045787,0.349166870691336,-335.09505085035,0,1.14100000000008
"S2",500,1,2,0.5,4,0.411906820366979,2.13734445775573,0.284513997337905,-312.68345672959,0,1.11999999999989
"S2",500,1,2,0.5,5,0.626169773770963,2.18142435289685,0.355833610529844,-319.109716364378,0,1.13900000000012
"S2",500,1,2,0.5,6,1.70381248588978,1.80771439513093,0.596863977316948,-369.366621413876,0,1.17799999999988
"S2",500,1,2,0.5,7,0.839539176853498,2.21434489764418,0.460455152295753,-294.775332598163,0,1.10500000000002
"S2",500,1,2,0.5,8,0.516368474855327,2.11220599889661,0.349794418821378,-303.883862706997,0,1.07100000000014
"S2",500,1,2,0.5,9,4.6324617318979,1.79553232495821,0.879493101421849,-327.659551598752,0,1.1869999999999
"S2",500,1,2,0.5,10,1.50157258265782,2.01942969556863,0.59361439213299,-322.459983157105,0,1.08799999999997
"S2",500,1,2,0.5,11,1.74435169904885,1.86008640235784,0.661939534061258,-333.63090292286,0,1.11500000000001
"S2",500,1,2,0.5,12,2.52319309326574,1.83554057225935,0.80722096109882,-312.068798272192,0,1.03700000000003
"S2",500,1,2,0.5,13,0.355193673720979,2.18523341378311,0.273771753608113,-289.866344664638,0,1.154
"S2",500,1,2,0.5,14,0.69139542736753,2.07232424177549,0.389568831040286,-327.854593629716,0,1.22400000000016
"S2",500,1,2,0.5,15,0.769171509562471,2.13301993205363,0.434974977630404,-307.874204330106,0,1.03999999999996
"S2",500,1,2,0.5,16,1.52801203446271,2.02448435265908,0.603842479392414,-320.069830645004,0,0.951999999999998
"S2",500,1,2,0.5,17,1.72603540508628,1.99070764890539,0.696887962849182,-299.636463058739,0,1.15599999999995
"S2",500,1,2,0.5,18,1.13882822172969,2.00486495064577,0.534927186902888,-324.379869381222,0,1.05300000000011
"S2",500,1,2,0.5,19,2.88200486906606,1.87085846298733,0.722448485612675,-346.590459214864,0,1.14900000000011
"S2",500,1,2,0.5,20,1.18789499143886,2.07642635495857,0.555077292053105,-307.373259844126,0,1.1099999999999
"S2",500,1,2,0.5,21,0.890188992365513,2.01128917870075,0.486012895846616,-316.666126203832,0,1.08200000000011
"S2",500,1,2,0.5,22,0.536393556927565,2.05395225009166,0.346038465964936,-320.464785594555,0,1.06899999999996
"S2",500,1,2,0.5,23,0.823476538846986,1.91384946774285,0.421688348687207,-359.60132384048,0,1.05700000000002
"S2",500,1,2,0.5,24,0.724493846088191,2.06034726938377,0.378450425075171,-343.157163538404,0,1.14100000000008
"S2",500,1,2,0.5,25,2.04884962545189,1.76579856698454,0.699108163207054,-347.601938871867,0,1.01700000000005
"S2",500,1,2,0.5,26,1.59513181684583,1.83529124322459,0.627113009158437,-342.936143424147,0,1.05099999999993
"S2",500,1,2,0.5,27,0.743940917859171,2.06209345062773,0.419789525814612,-323.006135854907,0,1.03600000000006
"S2",500,1,2,0.5,28,0.832736556098004,1.93762022859146,0.487275304826703,-317.745505252354,0,1.13400000000001
"S2",500,1,2,0.5,29,0.375690804003773,2.13697376638586,0.251380847007766,-325.789863354833,0,1.11500000000001
"S2",500,1,2,0.5,30,1.14249206828297,1.94984953450313,0.538402792686709,-331.107955758545,0,0.9849999999999
"S2",500,1,2,0.5,31,2.55753867661347,1.80061052054478,0.690277728745865,-364.436871014692,0,1.18799999999987
"S2",500,1,2,0.5,32,0.911431314748589,2.25829496705057,0.42657761028439,-313.826027453193,0,1.11500000000001
"S2",500,1,2,0.5,33,0.621601731057317,2.09519787189403,0.394462492113892,-306.982933386054,0,1.17600000000016
"S2",500,1,2,0.5,34,0.828296678150453,1.99261457677812,0.454380691834929,-328.50168940926,0,1.04199999999992
"S2",500,1,2,0.5,35,0.580848449656213,2.11461924109686,0.360096697725249,-315.129197125469,0,1.02700000000004
"S2",500,1,2,0.5,36,1.10474990445991,1.94425956410988,0.524494386318441,-336.617029350107,0,0.961999999999989
"S2",500,1,2,0.5,37,1.21824283866181,1.99063791210661,0.51953504511281,-341.190993001691,0,1.08699999999999
"S2",500,1,2,0.5,38,0.837278581286015,1.91516008997104,0.39764638694151,-376.825760880448,0,1.12100000000009
"S2",500,1,2,0.5,39,0.290117456454813,2.16397627255479,0.21960420835831,-308.666724010166,0,1.17899999999986
"S2",500,1,2,0.5,40,0.553129008793467,2.06747717357293,0.351827114625175,-322.278597636784,0,1.06200000000013
"S2",500,1,2,0.5,41,1.19372216638693,2.01933800929821,0.543216601981445,-324.607981619544,0,0.97199999999998
"S2",500,1,2,0.5,42,0.841609392261688,2.03576335661935,0.441138432146939,-331.490983119675,0,0.986000000000104
"S2",500,1,2,0.5,43,0.35055603104146,2.26010043408723,0.274540640361377,-276.490314671068,0,1.13799999999992
"S2",500,1,2,0.5,44,1.10252526522956,1.91166861404614,0.535484834392439,-335.136202523587,0,0.962999999999965
"S2",500,1,2,0.5,45,0.698418662876663,2.22008869094209,0.387257735899179,-308.231005261459,0,1.07199999999989
"S2",500,1,2,0.5,46,1.12239338711577,1.90338644279313,0.511379992242229,-351.138479989197,0,0.990999999999985
"S2",500,1,2,0.5,47,1.20039254072949,1.92798347656689,0.590677692717636,-316.640152245239,0,1.03100000000018
"S2",500,1,2,0.5,48,0.380397413269037,2.1309169109241,0.252097478067009,-327.010462104413,0,1.04700000000003
"S2",500,1,2,0.5,49,1.65443471382967,1.90322815545837,0.659431826337733,-323.673881417571,0,0.995999999999867
"S2",500,1,2,0.5,50,1.07384033546755,2.005272351613,0.49797386928537,-334.49780173087,0,1.11200000000008
"S2",500,1,2,0.5,51,7.66988403974149,1.8891395054601,0.968807106914842,-303.870830288477,0,1.22299999999996
"S2",500,1,2,0.5,52,1.99172650496488,1.87436752293329,0.638062912869908,-353.853897416208,0,1.12900000000013
"S2",500,1,2,0.5,53,1.00768998139003,2.02345792160195,0.505534798063117,-319.28126969964,0,1.00700000000006
"S2",500,1,2,0.5,54,1.74754474944262,2.04478315567216,0.644600129081502,-312.237840184504,0,0.942000000000007
"S2",500,1,2,0.5,55,2.37103330632664,1.91898583377312,0.749770367475763,-315.670670572147,0,0.951000000000022
"S2",500,1,2,0.5,56,1.67339309168709,1.9519298817171,0.662774288312158,-315.02375382916,0,1.12999999999988
"S2",500,1,2,0.5,57,0.644580413099091,2.10370548572963,0.402152718084209,-306.193658782979,0,1.04500000000007
"S2",500,1,2,0.5,58,3.85478629498395,1.76892873504863,0.865687115702616,-330.476094068097,0,1.05400000000009
"S2",500,1,2,0.5,59,1.61795225663823,1.87853355263185,0.602461572215106,-350.31877633516,0,0.992999999999938
"S2",500,1,2,0.5,60,1.14281250685978,1.96914752236638,0.600138649163319,-302.056922262652,0,0.990000000000009
"S2",500,1,2,0.5,61,1.18502121050216,2.05099318979828,0.542225051343542,-316.994201811293,0,1.06400000000008
"S2",500,1,2,0.5,62,0.771962787487073,2.17504757493764,0.46768639493027,-287.225969516551,0,1.02400000000011
"S2",500,1,2,0.5,63,0.651764666043267,2.07516332031952,0.350187485335539,-345.221380996094,0,1.06600000000003
"S2",500,1,2,0.5,64,1.03687321884012,1.85461890889986,0.541761952747248,-331.518107342536,0,1.01599999999985
"S2",500,1,2,0.5,65,0.826959642586199,2.02461263370374,0.442237891729519,-329.163524433459,0,1.05000000000018
"S2",500,1,2,0.5,66,0.184977877728417,2.1836373926792,0.129272866584644,-337.287328447467,0,1.39999999999986
"S2",500,1,2,0.5,67,1.35257267149391,1.9630471809041,0.596989981353098,-321.800827783646,0,0.925000000000182
"S2",500,1,2,0.5,68,0.426621617881079,2.02395625038088,0.268843265573358,-348.642594936247,0,1.09399999999982
"S2",500,1,2,0.5,69,0.639402740935094,1.96168303960381,0.411395658406959,-318.197305833519,0,1.08299999999986
"S2",500,1,2,0.5,70,0.912935666311717,2.03713944842006,0.49357344298069,-313.342733579515,0,1.05799999999999
"S2",500,1,2,0.5,71,0.501520471393669,2.1197609671945,0.308925055985187,-327.683181459756,0,1.07199999999989
"S2",500,1,2,0.5,72,1.12476038276854,2.03930792720523,0.548261845797283,-311.536345826822,0,1.01700000000005
"S2",500,1,2,0.5,73,0.319731173032469,2.15427587027723,0.230809533305089,-314.432117173401,0,1.1880000000001
"S2",500,1,2,0.5,74,1.23681884599528,1.9508258284731,0.537197080094872,-341.287835234299,0,1.00499999999988
"S2",500,1,2,0.5,75,1.18429015988633,2.12422603260202,0.527402637836774,-312.917403002566,0,1.04600000000005
"S2",500,1,2,0.5,76,0.978039598618584,2.18203062984135,0.463262852910722,-312.284086805234,0,1.22299999999996
"S2",500,1,2,0.5,77,1.0050399335857,1.98575579497979,0.480890617882606,-340.699833155243,0,1.01600000000008
"S2",500,1,2,0.5,78,0.792307579409854,2.03981554357622,0.442210896793761,-320.316826609209,0,1.02700000000004
"S2",500,1,2,0.5,79,0.786771526098714,1.99184701264577,0.417602075116597,-342.822007069984,0,1.06500000000005
"S2",500,1,2,0.5,80,1.25477028494208,1.88637780024064,0.516270511575374,-361.215636246984,0,1.01299999999992
"S2",500,1,2,0.5,81,0.580473418079343,2.08995138593156,0.343992680154939,-330.087250419997,0,1.09100000000012
"S2",500,1,2,0.5,82,1.02978880458761,1.96271678181854,0.551790942076823,-313.305457112771,0,1.08600000000001
"S2",500,1,2,0.5,83,0.886132616903396,2.03066425050077,0.456518225851503,-328.146537677695,0,1.19299999999998
"S2",500,1,2,0.5,84,1.0542926900298,2.03761808882162,0.501487450160324,-324.992695562841,0,1.0150000000001
"S2",500,1,2,0.5,85,1.9084930649158,1.8316306734457,0.658679628540335,-349.162580530904,0,1.05799999999999
"S2",500,1,2,0.5,86,0.947473792951141,1.89135259584433,0.504402983273458,-333.835948416409,0,1.00099999999998
"S2",500,1,2,0.5,87,0.385255396682395,2.15304364930352,0.240670759001887,-336.797166997144,0,1.04200000000014
"S2",500,1,2,0.5,88,9999.67513456777,1.60249984719346,1.02097699944048,-365.470533958773,0,1.96699999999987
"S2",500,1,2,0.5,89,0.405218202326648,2.066740359266,0.27507714091382,-327.650005762528,0,1.12799999999993
"S2",500,1,2,0.5,90,0.890039269311311,2.07362313825491,0.462512564964948,-320.457421959818,0,1.01999999999998
"S2",500,1,2,0.5,91,0.496543030154163,2.12712306395114,0.335198493623306,-308.966118702,0,1.06400000000008
"S2",500,1,2,0.5,92,1.96720821331164,1.88526924027181,0.643243173133205,-347.818732874737,0,1.17100000000005
"S2",500,1,2,0.5,93,1.50468232181191,1.85949437793657,0.573241604291959,-359.256862375764,0,1.03199999999993
"S2",500,1,2,0.5,94,0.968386218641918,1.97661830220458,0.456438009855693,-349.871449872059,0,1.00099999999998
"S2",500,1,2,0.5,95,4.18092185459246,1.8191213769566,0.875062199146144,-322.595186448353,0,1.01400000000012
"S2",500,1,2,0.5,96,0.826211926584345,1.941856045459,0.424061470396596,-351.98721958013,0,0.970000000000027
"S2",500,1,2,0.5,97,4.32891281686855,1.66003843320858,0.937107893543827,-330.646373520872,0,1.01700000000005
"S2",500,1,2,0.5,98,1.02001096166144,1.92050621956909,0.527460912575488,-326.47263835725,0,1.05700000000002
"S2",500,1,2,0.5,99,1.30613763614556,2.06512267224305,0.546747617077391,-322.852768986274,0,0.989000000000033
"S2",500,1,2,0.5,100,2.88236033826741,1.93501881119632,0.7737727899548,-317.450464927033,0,0.952999999999975
"S2",500,1,2,0.5,101,1.23202358049043,1.88580955787231,0.567494999719197,-335.73516718307,0,1.07400000000007
"S2",500,1,2,0.5,102,1.12882151459022,2.03180171357687,0.516503596902952,-326.146071489964,0,0.990000000000009
"S2",500,1,2,0.5,103,1.95738865686714,1.85121017820815,0.716364232724683,-323.838366740829,0,1.14099999999985
"S2",500,1,2,0.5,104,0.711551060633389,2.11174936292632,0.395233653072214,-322.895404600376,0,1.05799999999999
"S2",500,1,2,0.5,105,1.13176578280481,1.99704221605909,0.516546718414702,-334.344395607721,0,0.973999999999933
"S2",500,1,2,0.5,106,1.63410952566941,1.86446282596012,0.627606337163845,-342.615425406038,0,1.077
"S2",500,1,2,0.5,107,0.838355451382773,1.99053774952362,0.453379811913077,-329.569704607268,0,1.00600000000009
"S2",500,1,2,0.5,108,0.617105361228809,2.09231775960854,0.403595200965314,-300.069312067445,0,1.06700000000001
"S2",500,1,2,0.5,109,1.18966986774103,2.11603971632505,0.539180614753259,-309.948556438609,0,1.00399999999991
"S2",500,1,2,0.5,110,1.44370542828786,1.91994709689725,0.576561067654938,-343.39706407556,0,1.02499999999986
"S2",500,1,2,0.5,111,0.861606110377822,2.02013954576189,0.487564044315861,-310.104047229831,0,0.994000000000142
"S2",500,1,2,0.5,112,2.31124155033979,1.90547717488208,0.691191541856934,-338.630928356316,0,0.938999999999851
"S2",500,1,2,0.5,113,2.4533583993988,1.89950279463435,0.7471413780114,-321.369117942771,0,1.0920000000001
"S2",500,1,2,0.5,114,1.99678700722813,1.89922955358986,0.69405320183037,-327.015117109881,0,0.983999999999924
"S2",500,1,2,0.5,115,2.56473906541762,1.91550047025508,0.748778167671826,-321.298533362382,0,1.08899999999994
"S2",500,1,2,0.5,116,1.52913879805894,2.00786758335322,0.60966125162393,-321.094523653598,0,1.01700000000005
"S2",500,1,2,0.5,117,2.95069507935317,1.90550305704215,0.832588712829198,-304.667183595644,0,1.02299999999991
"S2",500,1,2,0.5,118,2.02337802735109,1.81845387266136,0.675093151021233,-349.644057804022,0,0.998000000000047
"S2",500,1,2,0.5,119,2.16409847636543,1.97853567308805,0.754209050182511,-299.098109160637,0,1.00900000000001
"S2",500,1,2,0.5,120,1.13923131302668,2.17252874486351,0.539489149172382,-295.051057017384,0,1.06600000000003
"S2",500,1,2,0.5,121,1.35712565591843,1.93869990859615,0.57326880302242,-335.816182689753,0,0.98700000000008
"S2",500,1,2,0.5,122,0.678199735783855,2.17187735795811,0.431626741099934,-287.288580746167,0,1.08699999999999
"S2",500,1,2,0.5,123,1.10149035618927,1.83798660334702,0.502286123821048,-363.586037823123,0,0.999000000000024
"S2",500,1,2,0.5,124,2.62365668677286,1.84546052363995,0.724754260964032,-345.046469847115,0,1.06999999999994
"S2",500,1,2,0.5,125,3.05811233026418,1.88090521440826,0.791596037703726,-323.76765465006,0,1.06400000000008
"S2",500,1,2,0.5,126,0.911766434807958,1.89450089193098,0.454747353308435,-354.158520664596,0,1.07500000000005
"S2",500,1,2,0.5,127,0.646463995013682,2.1161347129983,0.384886446376493,-315.417737294508,0,1.01299999999992
"S2",500,1,2,0.5,128,1.30373610349347,1.88403882186245,0.560317612350979,-347.0347604224,0,0.935000000000173
"S2",500,1,2,0.5,129,0.857727181638781,2.06497893557574,0.483549534477129,-305.303785596601,0,1.06099999999992
"S2",500,1,2,0.5,130,0.935786153851949,1.99216122823784,0.481956795249918,-328.592173668864,0,1.03600000000006
"S2",500,1,2,0.5,131,1.14001410398919,2.07798100806383,0.614158220003861,-280.948779553705,0,1.10599999999999
"S2",500,1,2,0.5,132,1.28406123600747,2.01114637723298,0.578010523715695,-317.35613640148,0,1.14900000000011
"S2",500,1,2,0.5,133,0.943511593571944,2.05457069105843,0.455529691253424,-333.567318353386,0,1.09399999999982
"S2",500,1,2,0.5,134,1.78596096256953,1.97868633521188,0.643638523349209,-324.842751956532,0,1.02299999999991
"S2",500,1,2,0.5,135,0.368204541921325,2.17745520542801,0.23817143124444,-330.099341282121,0,1.09999999999991
"S2",500,1,2,0.5,136,0.923797912340047,1.99915839978468,0.474254666933748,-330.165888521477,0,0.993000000000166
"S2",500,1,2,0.5,137,0.993267935048864,2.00518830207605,0.465618453027499,-342.878238607187,0,1.10400000000004
"S2",500,1,2,0.5,138,1.12028775218608,1.94827906312561,0.579400749831994,-310.151018272859,0,1.00999999999999
"S2",500,1,2,0.5,139,0.727566906552852,2.02345465538705,0.394107485754275,-340.974934596371,0,1.07899999999995
"S2",500,1,2,0.5,140,2.51823564339583,1.79364859253407,0.743095434092924,-343.242185122831,0,1.19399999999996
"S2",500,1,2,0.5,141,1.76851895045709,1.99529472432547,0.628286037128512,-326.31262572821,0,1.17699999999991
"S2",500,1,2,0.5,142,0.312032858632311,2.14885739786812,0.227742705293992,-312.687275780006,0,1.39599999999996
"S2",500,1,2,0.5,143,2.25528719303998,1.88758558452821,0.712821630454965,-332.029029684701,0,1.18299999999999
"S2",500,1,2,0.5,144,0.665011097858011,2.12489346288081,0.385030359743188,-316.970155867902,0,1.13399999999979
"S2",500,1,2,0.5,145,1.88273564448724,1.97653443607659,0.697211546721217,-307.603315640419,0,1.08499999999981
"S2",500,1,2,0.5,146,1.72514218155779,1.84391007327908,0.720554630406824,-312.552837093976,0,1.03700000000003
"S2",500,1,2,0.5,147,1.59339003071641,1.9682970444516,0.617054702840484,-327.852480910298,0,0.989000000000033
"S2",500,1,2,0.5,148,0.962387006913116,1.95135609748076,0.490837049297129,-333.217886717558,0,1.07300000000009
"S2",500,1,2,0.5,149,0.384576761682312,2.13002354757945,0.253972518387177,-330.967331615655,0,1.15300000000002
"S2",500,1,2,0.5,150,1.21596685025344,1.87459738628815,0.525017627157445,-358.632340305013,0,1.12400000000002
"S2",500,1,2,0.5,151,2.47488971496455,1.81977989102037,0.776519461721756,-325.141742152581,0,1.16599999999994
"S2",500,1,2,0.5,152,1.06648019249117,1.98515709393853,0.500915341045937,-336.522791509931,0,1.09100000000012
"S2",500,1,2,0.5,153,0.576866577546966,2.06867903329814,0.343808722691653,-330.757152472118,0,1.10200000000009
"S2",500,1,2,0.5,154,1.49944550620207,2.01444044274475,0.585154432205331,-328.328595539666,0,1.08899999999994
"S2",500,1,2,0.5,155,0.837509297152225,1.9731862175546,0.472485301532437,-322.16470724352,0,1.06100000000015
"S2",500,1,2,0.5,156,0.491944597162565,2.22751601971886,0.294388533198992,-318.994301583683,0,1.07199999999989
"S2",500,1,2,0.5,157,0.86066910436586,1.93566973303649,0.403744123548301,-373.286736180291,0,0.997000000000071
"S2",500,1,2,0.5,158,2.12127541084241,1.77828006055968,0.726512198491134,-338.495623579075,0,1.02800000000002
"S2",500,1,2,0.5,159,2.61977053968824,1.87822783648786,0.741630607911353,-333.141364454059,0,1.05099999999993
"S2",500,1,2,0.5,160,0.908969890827935,1.98269058091323,0.475460652714491,-329.752442221779,0,1.11799999999994
"S2",500,1,2,0.5,161,0.94399478223388,2.10681265723779,0.508358406039811,-298.865438191224,0,1.16000000000008
"S2",500,1,2,0.5,162,1.18551979751098,2.02049477239381,0.474223726390864,-354.989334129472,0,1.06499999999983
"S2",500,1,2,0.5,163,1.12096269582076,2.02109030027168,0.521027601006844,-326.765618858527,0,1.04399999999987
"S2",500,1,2,0.5,164,1.51070689698374,1.86741550036101,0.618202878516409,-336.5941467491,0,1.01800000000003
"S2",500,1,2,0.5,165,0.962699637411746,1.87374944411483,0.486087387217636,-349.078631773512,0,1.09400000000005
"S2",500,1,2,0.5,166,1.84962745882239,1.94201196269723,0.661856438366457,-325.670019158978,0,1.10000000000014
"S2",500,1,2,0.5,167,0.739697604731199,2.05842182485765,0.408078281478157,-329.892537698682,0,1.17399999999998
"S2",500,1,2,0.5,168,1.15969531986008,2.10663719040615,0.521250485853563,-317.070348660958,0,1.03700000000003
"S2",500,1,2,0.5,169,1.59324254139102,1.92991973734182,0.589114617302529,-345.700477662562,0,1.01299999999992
"S2",500,1,2,0.5,170,0.854616015154406,2.15825033542186,0.481202865826814,-293.731711413095,0,1.1070000000002
"S2",500,1,2,0.5,171,4.29900494683639,1.7111904248867,0.809635735703885,-364.391342650438,0,1.10500000000002
"S2",500,1,2,0.5,172,3.44501685170034,1.77956336068863,0.896698366646352,-311.89176901763,0,1.08999999999992
"S2",500,1,2,0.5,173,0.395664152884466,2.25511212648253,0.278992092999514,-291.686211077595,0,1.16800000000012
"S2",500,1,2,0.5,174,0.586457728788202,2.01075105167819,0.373593378249947,-322.841697683496,0,1.00900000000001
"S2",500,1,2,0.5,175,0.909456169797345,1.93134778360123,0.485543535108476,-332.032855192863,0,1.05099999999993
"S2",500,1,2,0.5,176,1.95484187640042,1.99986070080514,0.689794582103093,-311.367350950885,0,1.04200000000014
"S2",500,1,2,0.5,177,1.39905775142757,1.87836279003325,0.59130235845532,-340.439118642461,0,1.08600000000001
"S2",500,1,2,0.5,178,0.578213918696674,2.20314424135423,0.35945272252988,-302.768393668029,0,1.07899999999995
"S2",500,1,2,0.5,179,1.19745083733346,1.97962518390036,0.527144415384553,-337.786918302093,0,1.05500000000006
"S2",500,1,2,0.5,180,2.16546766648904,1.93803348573037,0.663517398667221,-338.655593934114,0,1.11199999999985
"S2",500,1,2,0.5,181,1.81632585113856,1.91650394655764,0.614906098322608,-348.048637104526,0,1.11699999999996
"S2",500,1,2,0.5,182,0.660707807511214,1.97962709257247,0.379775601106273,-341.401275289765,0,1.21699999999987
"S2",500,1,2,0.5,183,0.389183699418783,2.15038526202374,0.265343803116824,-316.635080010307,0,1.11599999999999
"S2",500,1,2,0.5,184,2.91684622155449,1.81591271626613,0.792886313327093,-331.366726142333,0,1.07600000000002
"S2",500,1,2,0.5,185,0.680421006184581,2.08283386400997,0.403163289150285,-317.636550005087,0,0.961999999999989
"S2",500,1,2,0.5,186,0.781889075120377,2.04994579300149,0.419289809750642,-330.599188504123,0,1.11200000000008
"S2",500,1,2,0.5,187,1.44914298007405,2.00394843013355,0.61787965215389,-312.768240442743,0,1.06099999999992
"S2",500,1,2,0.5,188,1.6253054638504,1.81615279020406,0.620022540624431,-351.862727380887,0,1.11500000000001
"S2",500,1,2,0.5,189,0.854080889842829,2.08217410401504,0.463539160148224,-313.464304979518,0,1.096
"S2",500,1,2,0.5,190,2.26492734072193,1.88640879770392,0.762228069811403,-313.90170314983,0,1.03400000000011
"S2",500,1,2,0.5,191,1.53676243731338,1.8958573209077,0.656142886873919,-319.480954367562,0,1.02499999999986
"S2",500,1,2,0.5,192,0.50599221015313,2.09357208420957,0.306957721651996,-335.153670585722,0,1.17399999999998
"S2",500,1,2,0.5,193,1.48110276532116,1.90895917437264,0.630012814414891,-324.584669844014,0,1.16200000000003
"S2",500,1,2,0.5,194,0.391885113707649,2.1876521198799,0.265999535500439,-314.616705668982,0,1.221
"S2",500,1,2,0.5,195,2.43554289760846,2.00966866179541,0.794252295144011,-289.947502620622,0,1.01299999999992
"S2",500,1,2,0.5,196,0.48284939470971,2.00463564519567,0.374370938943983,-291.168496177099,0,1.06200000000013
"S2",500,1,2,0.5,197,1.55473542877893,1.96620418379594,0.652266764135839,-312.01325355632,0,1.12999999999988
"S2",500,1,2,0.5,198,1.02700435559194,2.03049712974024,0.473481553083501,-337.725644745218,0,1.05700000000002
"S2",500,1,2,0.5,199,0.791298529749992,1.91375283360171,0.451939436236569,-333.971048814701,0,1.20700000000011
"S2",500,1,2,0.5,200,0.601500129012574,2.06348165936428,0.380270562631047,-315.897945247873,0,1.03600000000006
"S2",500,1,2,0.5,201,0.47316243066607,2.13889828175819,0.351081848223779,-285.60579067317,0,1.048
"S2",500,1,2,0.5,202,0.499432387736469,2.05980021047758,0.316618760600699,-330.353868826654,0,0.991999999999962
"S2",500,1,2,0.5,203,1.00053145494228,1.97454632317831,0.441451338459789,-363.19475158237,0,1.02400000000011
"S2",500,1,2,0.5,204,1.36233439908198,1.95791459695008,0.596604296273725,-322.511153616372,0,1.05400000000009
"S2",500,1,2,0.5,205,0.854273226714543,1.98331485567971,0.489631017171436,-315.404886798601,0,1.13299999999981
"S2",500,1,2,0.5,206,0.614377492522301,2.0824528880317,0.362572506958347,-326.580117082095,0,1.27499999999986
"S2",500,1,2,0.5,207,0.929186295944161,1.94591643824893,0.516514212353393,-317.198230129626,0,1.03700000000003
"S2",500,1,2,0.5,208,0.688446738151565,1.99181605416046,0.409996953038271,-326.450286217925,0,1.14400000000001
"S2",500,1,2,0.5,209,1.76351232501128,1.81617665384368,0.683803705171197,-333.963400321155,0,1.00600000000009
"S2",500,1,2,0.5,210,0.921620317565459,2.05840855564773,0.493352455618981,-311.488274235177,0,1.05199999999991
"S2",500,1,2,0.5,211,0.581286242216549,2.00834874380503,0.352571987161397,-336.150352047202,0,1.11799999999994
"S2",500,1,2,0.5,212,9999.50852615809,1.62443245754626,1.16941872906368,-319.973231449499,0,1.86500000000001
"S2",500,1,2,0.5,213,1.14415227116325,2.07541496215554,0.607818319986067,-283.608555064004,0,0.971000000000004
"S2",500,1,2,0.5,214,0.335304966788633,2.2402856014798,0.248552316549923,-294.194036466749,0,1.21600000000012
"S2",500,1,2,0.5,215,1.42540175038533,1.93422114233125,0.632112804028857,-315.357848872998,0,1.02699999999982
"S2",500,1,2,0.5,216,1.22829644940405,1.8468391425535,0.600113222930686,-327.278939336573,0,1.02799999999979
"S2",500,1,2,0.5,217,1.27357072517538,1.89958094909502,0.536448811145393,-352.006273401158,0,1.04399999999987
"S2",500,1,2,0.5,218,1.03197780799452,2.08728986082304,0.515583460134007,-309.335838220496,0,1.03700000000003
"S2",500,1,2,0.5,219,1.02944806832185,1.96213151747757,0.555308183689737,-310.175281681013,0,1.07100000000014
"S2",500,1,2,0.5,220,0.715348155327845,2.16070672773111,0.402652739630933,-312.430801804984,0,1.07099999999991
"S2",500,1,2,0.5,221,0.958524271187284,1.95477332391243,0.492108728447929,-332.474553890834,0,1.07799999999997
"S2",500,1,2,0.5,222,1.54807450646023,1.80507608475331,0.622817123592768,-348.799110054357,0,1.0440000000001
"S2",500,1,2,0.5,223,2.09403547782801,1.8337127241551,0.694471480578457,-340.161108192413,0,1.04099999999994
"S2",500,1,2,0.5,224,4.34675987839521,1.73145194454367,0.851940543568221,-344.696284671662,0,1.15300000000002
"S2",500,1,2,0.5,225,5.25007309875366,1.91147512310098,0.913607195411297,-304.457961792632,0,1.02800000000002
"S2",500,1,2,0.5,226,0.451295733095061,2.14013340137611,0.259696116827675,-351.727429244234,0,1.1110000000001
"S2",500,1,2,0.5,227,0.547823765467452,1.99408305349612,0.327045868986742,-348.771651569692,0,1.04700000000003
"S2",500,1,2,0.5,228,0.623222204656103,2.06243182523935,0.380528354610677,-321.94943296561,0,1.02199999999993
"S2",500,1,2,0.5,229,0.780810629039851,2.02321806563207,0.43231061122314,-326.206324826405,0,1.12899999999991
"S2",500,1,2,0.5,230,0.803980823525061,2.02906928870377,0.453637286798676,-319.524734633924,0,1.06700000000001
"S2",500,1,2,0.5,231,2.72435729035733,1.8248887379358,0.73978565835709,-343.391404813561,0,1.22600000000011
"S2",500,1,2,0.5,232,1.01666582517757,1.99964436642174,0.43139950009495,-366.7021364501,0,1.05399999999986
"S2",500,1,2,0.5,233,1.89866717031244,1.89987516033533,0.688015162277822,-325.098183022151,0,0.973000000000184
"S2",500,1,2,0.5,234,0.768749382900378,2.07263217807218,0.425591306235759,-320.616234471364,0,1.17699999999991
"S2",500,1,2,0.5,235,0.425344976039045,2.07847656988603,0.317249749300138,-297.95286311322,0,1.24800000000005
"S2",500,1,2,0.5,236,0.667223881785489,2.04457966752362,0.410638831234247,-315.623033379243,0,1.09799999999996
"S2",500,1,2,0.5,237,0.995765891590375,2.02014818007216,0.51650558546481,-313.782905454144,0,1.05799999999999
"S2",500,1,2,0.5,238,0.898599347338119,1.96852530978794,0.455558017579191,-341.55764012751,0,0.968999999999824
"S2",500,1,2,0.5,239,1.2224733841329,2.02651251108357,0.51465312162885,-338.86040686616,0,1.04700000000003
"S2",500,1,2,0.5,240,2.13026436312794,1.9469337983894,0.639483149596211,-345.626131753401,0,1.05300000000011
"S2",500,1,2,0.5,241,0.615143630059461,2.07607444852087,0.371512212872384,-320.728341693682,0,1.21100000000001
"S2",500,1,2,0.5,242,1.63506590209489,1.89483845059005,0.615079802576411,-342.944763809208,0,1.07300000000009
"S2",500,1,2,0.5,243,0.740734750395673,2.10341946760008,0.417479044100467,-317.296112292207,0,1.11199999999985
"S2",500,1,2,0.5,244,0.68612130204477,2.03614842219138,0.424793716911912,-312.1145119143,0,1.05899999999997
"S2",500,1,2,0.5,245,0.770670142011706,2.07074257991076,0.376374493358016,-353.138194429736,0,1.13499999999999
"S2",500,1,2,0.5,246,1.53899413417887,1.95138184594906,0.634528700772433,-319.491427833308,0,1.06500000000005
"S2",500,1,2,0.5,247,0.832708062762507,1.98715567349101,0.519574272983496,-294.542210291135,0,1.01199999999994
"S2",500,1,2,0.5,248,0.953139481040719,2.03980901646021,0.493127482462621,-318.153776242238,0,1.00099999999998
"S2",500,1,2,0.5,249,1.38228646974002,1.9984652155228,0.507274722276739,-360.069597838664,0,1.05299999999988
"S2",500,1,2,0.5,250,0.708856962450858,2.10790497693812,0.396322923140314,-322.899071960828,0,1.09699999999998
"S2",500,1,2,0.5,251,1.03728483267615,2.05053420247571,0.500738695353802,-321.944715509943,0,1.14100000000008
"S2",500,1,2,0.5,252,1.19673349432677,1.98822177803196,0.545278660875346,-327.690174600393,0,0.972999999999956
"S2",500,1,2,0.5,253,0.683926343848106,2.13934857357686,0.424964172091864,-295.886631391636,0,1.03099999999995
"S2",500,1,2,0.5,254,1.15398339968744,1.98516737788648,0.545974401062315,-322.567549909382,0,1.00999999999999
"S2",500,1,2,0.5,255,0.753012461217629,2.04178013172981,0.403729708820983,-335.189484364193,0,1.13599999999997
"S2",500,1,2,0.5,256,0.840260472217793,2.12149490488717,0.435331866214205,-320.487711401698,0,1.02800000000002
"S2",500,1,2,0.5,257,0.904584983875636,1.98793027633522,0.438349275305257,-349.440127118069,0,0.980999999999995
"S2",500,1,2,0.5,258,0.885174689594484,2.06871024550098,0.457918173975717,-323.562102336295,0,0.993000000000166
"S2",500,1,2,0.5,259,1.22511801932745,1.99889893770568,0.538637364221495,-331.547537086036,0,0.991999999999962
"S2",500,1,2,0.5,260,3.50093062201772,1.82307726782072,0.806274807027782,-335.977081881026,0,1.13300000000004
"S2",500,1,2,0.5,261,0.716547979264411,2.14673059188877,0.386074227830741,-325.505650691024,0,0.997000000000071
"S2",500,1,2,0.5,262,1.45275209512978,1.98841227957008,0.654444667389053,-302.046544492559,0,1.02299999999991
"S2",500,1,2,0.5,263,2.06417347424255,1.8805436583914,0.644633249521561,-353.02111563402,0,1.00600000000009
"S2",500,1,2,0.5,264,0.711849001950741,1.99179128974189,0.420224150910518,-325.402893476171,0,1.20100000000002
"S2",500,1,2,0.5,265,1.47897437188213,1.95965997968011,0.702773872543065,-287.738499417012,0,0.983999999999924
"S2",500,1,2,0.5,266,3.17753561333278,1.8516452595755,0.806567867471158,-326.367696841952,0,1.029
"S2",500,1,2,0.5,267,0.580628723284945,2.20310038252754,0.370158196535915,-296.656825858398,0,1.07799999999997
"S2",500,1,2,0.5,268,1.74935049603021,1.9738606048145,0.600353378036961,-341.30017333733,0,1.07199999999989
"S2",500,1,2,0.5,269,1.1267206852044,1.94401849591846,0.529915718194148,-335.383010434406,0,1.00099999999998
"S2",500,1,2,0.5,270,1.17179061098467,2.09224298524027,0.549626361643601,-307.291818071711,0,0.999000000000024
"S2",500,1,2,0.5,271,3.15599745695911,1.8787092369151,0.784200584226144,-328.654487264174,0,1.11900000000014
"S2",500,1,2,0.5,272,0.551955068963985,1.99502038222934,0.322754137637939,-351.649995233456,0,1.09699999999998
"S2",500,1,2,0.5,273,2.61209236986393,1.88443352784217,0.771504683925867,-321.508935104212,0,1.10500000000002
"S2",500,1,2,0.5,274,0.842552707741521,2.13845397768807,0.490519411484547,-291.007493924258,0,1.25
"S2",500,1,2,0.5,275,4.60977299777404,1.73175191404249,0.960292830150286,-314.119360687787,0,1.18700000000013
"S2",500,1,2,0.5,276,6.21108288213508,1.75458733032771,0.849650980199541,-356.989873590925,0,1.0809999999999
"S2",500,1,2,0.5,277,1.98816509134163,1.90923812296619,0.720416788415077,-315.457949177485,0,1.13300000000004
"S2",500,1,2,0.5,278,1.50407267415475,1.91896638350062,0.613542321265387,-332.248976685366,0,1.15000000000009
"S2",500,1,2,0.5,279,0.592150386686917,2.0464866901721,0.391416575505979,-307.437901144436,0,1.0920000000001
"S2",500,1,2,0.5,280,0.742021324566801,2.12483946569995,0.433104130561654,-306.27472180006,0,1.05600000000004
"S2",500,1,2,0.5,281,4.33573591383843,1.72043762238032,0.827415680130724,-356.339872770194,0,1.20699999999988
"S2",500,1,2,0.5,282,0.563972002717013,2.04272519306067,0.329267483440918,-342.898631971531,0,1.08100000000013
"S2",500,1,2,0.5,283,1.43962469975426,1.86505620690902,0.56255620694373,-359.512411442175,0,1.0329999999999
"S2",500,1,2,0.5,284,0.667590197586908,2.08374182096241,0.374816608176309,-331.995181812817,0,1.01999999999998
"S2",500,1,2,0.5,285,1.57572707584214,1.99784677958781,0.644076935860497,-311.143188850258,0,0.989000000000033
"S2",500,1,2,0.5,286,0.963943480227762,1.97679668075436,0.463173567965507,-345.343290890432,0,1.05899999999997
"S2",500,1,2,0.5,287,0.646878333204866,2.00875801893486,0.390163708728499,-328.498684381504,0,1.03999999999996
"S2",500,1,2,0.5,288,1.14035215647737,1.98691218157667,0.49234449599925,-348.28316894453,0,1.08500000000004
"S2",500,1,2,0.5,289,1.51469388483027,1.91989325685934,0.668349894583691,-310.492875014722,0,0.985999999999876
"S2",500,1,2,0.5,290,1.63653506437041,1.82950442997419,0.616034502433539,-352.464514902151,0,1.10300000000007
"S2",500,1,2,0.5,291,1.69485473123678,1.94396650192588,0.63643927981581,-328.445950187488,0,1.02600000000007
"S2",500,1,2,0.5,292,3.01735769165479,1.95405357280688,0.787420448241095,-312.41013499587,0,1.06700000000001
"S2",500,1,2,0.5,293,0.780774786130976,1.96958987377559,0.461741436373454,-319.119237382806,0,1.173
"S2",500,1,2,0.5,294,0.790308474773886,2.08177021249025,0.423459443068948,-325.951374704895,0,1.01999999999998
"S2",500,1,2,0.5,295,2.82951197472329,1.81043880834548,0.847048157134719,-313.057690843369,0,0.987999999999829
"S2",500,1,2,0.5,296,1.18463126245498,1.99226423423759,0.536580898886519,-329.094448634481,0,1.06600000000003
"S2",500,1,2,0.5,297,0.872727035345649,2.05082907859439,0.496626633590009,-304.737868356016,0,1
"S2",500,1,2,0.5,298,1.38234233464554,2.01465373672146,0.572177540063438,-325.483199995906,0,1.04000000000019
"S2",500,1,2,0.5,299,9793.25148151336,1.67025613161731,1.0983770265586,-329.958967815646,0,2.48000000000002
"S2",500,1,2,0.5,300,2.245011865539,1.7760108515671,0.722310426570188,-346.648317013907,0,0.969000000000051
"S2",500,1,2,0.5,301,0.495258037609406,2.13830620957749,0.291281762761421,-338.864309596092,0,1.16399999999999
"S2",500,1,2,0.5,302,0.675052568186097,2.04995542776922,0.401448462074119,-321.261786273613,0,1.06999999999994
"S2",500,1,2,0.5,303,0.88890781991664,2.15812787488906,0.443273707285771,-317.211519735726,0,1.04700000000003
"S2",500,1,2,0.5,304,0.293239854831157,2.08609082098218,0.226692577288317,-311.052320028427,0,1.13000000000011
"S2",500,1,2,0.5,305,1.02338957120545,2.12689866216881,0.477587466308855,-321.040524103328,0,1.07499999999982
"S2",500,1,2,0.5,306,4.07566177258962,1.83661691520216,0.819991248114326,-335.956072070031,0,1.05399999999986
"S2",500,1,2,0.5,307,0.860700675050432,1.93184063078252,0.496039159671907,-319.748397833913,0,0.960000000000036
"S2",500,1,2,0.5,308,1.85169801764129,1.89178836831011,0.669017179825622,-332.361877158077,0,0.947000000000116
"S2",500,1,2,0.5,309,1.58351932832894,1.89296387376897,0.645326482127951,-325.86835953392,0,0.966999999999871
"S2",500,1,2,0.5,310,1.65775126536961,1.93099453441182,0.625468857901868,-333.303882715748,0,1.03499999999985
"S2",500,1,2,0.5,311,1.29991548345501,2.10729718106522,0.570424661214802,-306.075838888105,0,0.937000000000126
"S2",500,1,2,0.5,312,2.28480874097844,1.85639827683022,0.713538451012992,-336.94053712227,0,0.995999999999867
"S2",500,1,2,0.5,313,4.3777524529087,1.76623026325455,0.894897868789999,-326.782631695033,0,0.991000000000213
"S2",500,1,2,0.5,314,0.780656281317186,2.05481655395154,0.407364264590766,-336.755370070349,0,0.960000000000036
"S2",500,1,2,0.5,315,0.912518255898241,2.14062910850251,0.484255390228635,-302.262945944869,0,1.09699999999998
"S2",500,1,2,0.5,316,0.785686140727129,2.02175658880652,0.430028234141634,-330.227366303238,0,1.06799999999998
"S2",500,1,2,0.5,317,0.640123662384489,2.15460394744008,0.360281737801216,-322.564336371115,0,1.08400000000006
"S2",500,1,2,0.5,318,0.863223437422975,2.01694592020676,0.462189999726234,-326.496209517622,0,0.998000000000047
"S2",500,1,2,0.5,319,1.28808692670221,2.04585287636994,0.567046076889154,-314.907121070377,0,1.07400000000007
"S2",500,1,2,0.5,320,2.55094485476333,1.82237619802362,0.816403439668748,-313.982157095922,0,1.14300000000003
"S2",500,1,2,0.5,321,1.45535398200296,1.94444759621303,0.646729283968249,-309.614580180272,0,1.01999999999998
"S2",500,1,2,0.5,322,16.7710734707951,1.74150515653325,1.01016179877182,-331.223085872234,0,1.32799999999997
"S2",500,1,2,0.5,323,1.33281450708738,1.97182513789626,0.582553837121978,-325.454275778454,0,0.996000000000095
"S2",500,1,2,0.5,324,0.909101160209592,2.07389590731666,0.474780604999835,-317.090897564324,0,1.02199999999993
"S2",500,1,2,0.5,325,4.46954628865752,1.78336859264131,0.910424294751195,-319.58370753949,0,1.08900000000017
"S2",500,1,2,0.5,326,0.870300762760606,1.91240406451286,0.433976476762493,-359.845478075069,0,1.05199999999991
"S2",500,1,2,0.5,327,1.61900185835589,1.74768141756413,0.629041326335198,-359.146224795615,0,1.11699999999996
"S2",500,1,2,0.5,328,1.55533314017972,1.95085455253367,0.625903804583814,-324.929082045685,0,1.13100000000009
"S2",500,1,2,0.5,329,3.73498116261211,1.79674300216675,0.812362759495585,-339.524219203128,0,1.22900000000004
"S2",500,1,2,0.5,330,14.7021657261849,1.84085218410707,0.988684465896348,-315.917378605751,0,1.59699999999998
"S2",500,1,2,0.5,331,1.00806367547202,1.93762346796251,0.522443968038576,-326.336445655287,0,1.03200000000015
"S2",500,1,2,0.5,332,0.8108097424574,1.96289439664058,0.430988343597751,-342.710979952861,0,1.00399999999991
"S2",500,1,2,0.5,333,1.38543404664196,1.85437586243354,0.599465078170036,-338.914259260336,0,1.12300000000005
"S2",500,1,2,0.5,334,0.946990322047809,2.11760781327963,0.490967496436441,-306.799654969923,0,1.11800000000017
"S2",500,1,2,0.5,335,1.02491194355969,1.95287799793452,0.516332736380472,-326.580081544162,0,1.03099999999995
"S2",500,1,2,0.5,336,0.745308782250183,1.96177066114508,0.410515605503972,-342.99806291892,0,1.02199999999993
"S2",500,1,2,0.5,337,1.02026457709056,1.9805210319388,0.542403377927192,-310.865100316298,0,1.05400000000009
"S2",500,1,2,0.5,338,1.66031357640553,1.91414330170604,0.639799662412549,-328.358968168435,0,1.30999999999995
"S2",500,1,2,0.5,339,0.962052671991708,2.00876096844513,0.534751340529629,-303.58841465612,0,1.06400000000008
"S2",500,1,2,0.5,340,0.720585861862959,2.04319945160337,0.397621284524442,-333.395227204659,0,1.03400000000011
"S2",500,1,2,0.5,341,2.92546987926385,1.77400281844953,0.855926652876405,-317.159538785011,0,1.08500000000004
"S2",500,1,2,0.5,342,1.7175372968505,1.99822870474162,0.655925037503385,-313.235640459603,0,1.10400000000004
"S2",500,1,2,0.5,343,0.692332373580428,2.01929520327063,0.396800058848007,-330.278083625341,0,1.31700000000001
"S2",500,1,2,0.5,344,1.42856233278159,1.9303009752447,0.593792157185598,-333.731672375436,0,1.08799999999997
"S2",500,1,2,0.5,345,1.08850960346697,2.11832114334989,0.537939425013555,-298.647460157619,0,1.15599999999995
"S2",500,1,2,0.5,346,0.549232381044642,2.06987763396636,0.338266249819316,-330.412663879417,0,1.13600000000019
"S2",500,1,2,0.5,347,0.720221294065976,1.93831157218813,0.382850614097503,-358.598765822148,0,1.11500000000001
"S2",500,1,2,0.5,348,0.495935909675886,2.1465411932393,0.315749808419976,-316.092718652995,0,1.29199999999992
"S2",500,1,2,0.5,349,0.714055669935769,2.03462087003666,0.42031049790004,-320.913223864038,0,1.05099999999993
"S2",500,1,2,0.5,350,1.50792852815987,2.01360634785586,0.630316252035486,-309.526382226401,0,1.02099999999996
"S2",500,1,2,0.5,351,0.573205218123874,2.03488628195033,0.378741753677938,-310.821218811628,0,1.12599999999998
"S2",500,1,2,0.5,352,0.721952868928954,2.10601035850874,0.366321061057071,-342.69482811559,0,1.01700000000005
"S2",500,1,2,0.5,353,1.49688510719034,1.95202502270966,0.61597532588586,-326.652121116462,0,1.02999999999997
"S2",500,1,2,0.5,354,0.934358609174198,2.05271077911477,0.461638229837862,-330.05848976741,0,1.16300000000001
"S2",500,1,2,0.5,355,1.73582808433025,1.90601988728383,0.646583738333565,-333.189700395839,0,0.971000000000004
"S2",500,1,2,0.5,356,1.86737976168922,1.78917782114333,0.678085045843497,-346.346661755671,0,0.990000000000009
"S2",500,1,2,0.5,357,0.741983898455984,2.03215288654272,0.466668297124179,-299.800216544767,0,1.0920000000001
"S2",500,1,2,0.5,358,0.794361613327735,1.91746320039854,0.412143204835563,-359.512344460052,0,1.04099999999994
"S2",500,1,2,0.5,359,1.35141756144918,2.10814243179523,0.633180474765089,-285.306653186644,0,0.966000000000122
"S2",500,1,2,0.5,360,0.416850658914474,2.165925678065,0.281311415279419,-312.649912484944,0,1.16000000000008
"S2",500,1,2,0.5,361,0.374967094893681,2.16905543919926,0.230227156326301,-341.220929559381,0,1.07499999999982
"S2",500,1,2,0.5,362,0.439376444523082,2.13582952872939,0.31897026843923,-297.759513278898,0,1.1239999999998
"S2",500,1,2,0.5,363,1.68639152533496,1.86638994581961,0.643718829576397,-337.649870162975,0,0.993999999999915
"S2",500,1,2,0.5,364,0.694804748633027,1.97929770010157,0.36213020919126,-361.088527906143,0,1.07400000000007
"S2",500,1,2,0.5,365,1.90966451485909,1.9715746915717,0.597590970461776,-351.431982591674,0,1.05500000000006
"S2",500,1,2,0.5,366,0.620643038107535,2.1282569204796,0.376295703606393,-313.815032800108,0,1.11999999999989
"S2",500,1,2,0.5,367,1.1744691373804,1.96112100241611,0.522023002841011,-339.668121984998,0,1.01700000000005
"S2",500,1,2,0.5,368,1.79402866990765,1.95190596289007,0.701387935328463,-306.943101162835,0,1.15800000000013
"S2",500,1,2,0.5,369,2.61837810882921,1.82187657056581,0.766898409431585,-331.662955496851,0,0.999000000000024
"S2",500,1,2,0.5,370,0.651443193024862,2.08260832079537,0.366386338470575,-332.95791439531,0,1.29899999999998
"S2",500,1,2,0.5,371,1.20431906414622,2.11715431830679,0.545367414435186,-309.08565375077,0,0.993000000000166
"S2",500,1,2,0.5,372,1.14116881835776,1.9787515042795,0.487145200809883,-351.083239823908,0,0.978000000000065
"S2",500,1,2,0.5,373,0.588580760688318,2.03620287201032,0.356719063431147,-330.570735455788,0,1.12299999999982
"S2",500,1,2,0.5,374,0.711435069180502,2.04615695769955,0.427495208513955,-314.717222050951,0,0.951999999999998
"S2",500,1,2,0.5,375,2.43203030143639,1.88002256174776,0.654234882905136,-360.52298595234,0,0.996999999999844
"S2",500,1,2,0.5,376,0.735728590758842,2.0887782940415,0.430373505614633,-310.299786917526,0,1.03100000000018
"S2",500,1,2,0.5,377,1.93673950414585,1.7520161503214,0.684516214215354,-351.736540862676,0,1.08999999999992
"S2",500,1,2,0.5,378,1.06253822033884,1.90221071168648,0.573060274050957,-313.751471354783,0,0.990999999999985
"S2",500,1,2,0.5,379,1.24951599400326,1.9782507924503,0.606918364120097,-305.862432957163,0,1.08100000000013
"S2",500,1,2,0.5,380,1.17528318512388,2.01970574839593,0.531908008403984,-326.639139531954,0,0.971000000000004
"S2",500,1,2,0.5,381,0.480196328124142,2.08876664676103,0.308212669913919,-326.063951508279,0,1.00900000000001
"S2",500,1,2,0.5,382,0.761945449973606,1.98736217639588,0.417748313019978,-339.438779768869,0,1.05299999999988
"S2",500,1,2,0.5,383,1.42225423332806,1.87308527399132,0.57161757133949,-352.531360733691,0,1.03800000000001
"S2",500,1,2,0.5,384,0.992200146981441,1.99766662621968,0.4791887169734,-336.671154858113,0,1.11500000000001
"S2",500,1,2,0.5,385,1.08149929102524,1.95401416246574,0.52955717145975,-326.3373473116,0,1.0949999999998
"S2",500,1,2,0.5,386,0.941792437089727,2.02609342510111,0.476992992840447,-326.52128591043,0,0.959999999999809
"S2",500,1,2,0.5,387,1.52132669474141,1.8953441066637,0.597317514219941,-344.005198052261,0,1.07899999999995
"S2",500,1,2,0.5,388,1.18747157886918,1.96273829541599,0.538025947910697,-333.643706728298,0,1.11699999999996
"S2",500,1,2,0.5,389,0.983641252502686,1.92264220234164,0.505631244736276,-332.384835740218,0,1.19700000000012
"S2",500,1,2,0.5,390,0.864741494698274,2.14432332747329,0.465775759392673,-304.942853350069,0,1.0329999999999
"S2",500,1,2,0.5,391,1.32150233651123,2.08859490580978,0.627892363355836,-287.993399910155,0,0.980999999999995
"S2",500,1,2,0.5,392,1.36296644485913,2.00502098884447,0.600141481879537,-314.895604336817,0,1.0300000000002
"S2",500,1,2,0.5,393,1.76133654273072,1.9645068910953,0.640174534236378,-327.546284487071,0,0.987999999999829
"S2",500,1,2,0.5,394,0.827398393989092,2.0231223125058,0.423794507959863,-339.845884798703,0,0.98700000000008
"S2",500,1,2,0.5,395,1.30685416312835,1.92967811391897,0.524074591625394,-356.018122170318,0,1.11400000000003
"S2",500,1,2,0.5,396,0.64531524209729,2.03949420347419,0.409251008228141,-312.345931256279,0,1.08300000000008
"S2",500,1,2,0.5,397,0.509458889387409,2.04852891797512,0.316316459322887,-334.577400211,0,1.07899999999995
"S2",500,1,2,0.5,398,0.709880341294987,1.95913146120021,0.417970525746493,-332.075702394185,0,1.02200000000016
"S2",500,1,2,0.5,399,1.10474288311889,1.94543333017025,0.544760330617333,-324.258089651134,0,1.07899999999995
"S2",500,1,2,0.5,400,0.655966268567391,1.95711375037695,0.405729102282392,-326.493576441332,0,1.07300000000009
"S2",500,1,2,0.5,401,1.43497138621485,2.02160285361595,0.521542828246671,-351.226488675795,0,1.01299999999992
"S2",500,1,2,0.5,402,0.504394266340941,2.10798916911893,0.298887060356716,-340.588066840044,0,1.05300000000011
"S2",500,1,2,0.5,403,3.90182226823709,1.83346014513159,0.900233593906185,-309.269899429376,0,1.11400000000003
"S2",500,1,2,0.5,404,2.43990203871899,1.86789558508043,0.718567861532202,-338.030037808406,0,1.08699999999999
"S2",500,1,2,0.5,405,0.443210162910904,2.10683205604573,0.313092781683427,-307.83669056312,0,1.05199999999991
"S2",500,1,2,0.5,406,1.46819552051583,1.90597973557744,0.622742042533179,-328.38940980897,0,0.996000000000095
"S2",500,1,2,0.5,407,1.2520649641408,1.92298817533654,0.600763172514252,-317.389565998105,0,0.990000000000009
"S2",500,1,2,0.5,408,1.05962665609689,2.0906937302568,0.52517698757909,-307.465881847955,0,1.16100000000006
"S2",500,1,2,0.5,409,0.800232744953187,2.07792271527538,0.41156753922095,-335.329805756791,0,0.995999999999867
"S2",500,1,2,0.5,410,0.828922112792324,2.08787450591538,0.465872383841632,-307.650267537185,0,1.03199999999993
"S2",500,1,2,0.5,411,1.25939223732273,1.9154383820957,0.558450787606723,-338.922692961476,0,1.02700000000004
"S2",500,1,2,0.5,412,2.136450446991,1.95475993190917,0.750270030940752,-303.611642159125,0,0.997000000000071
"S2",500,1,2,0.5,413,0.909514587494915,2.05675003823217,0.491859930729233,-311.228868762106,0,1.10799999999995
"S2",500,1,2,0.5,414,0.827437009961963,2.04269477202541,0.477187172842372,-307.15347016377,0,1.02999999999997
"S2",500,1,2,0.5,415,0.664313801487723,1.98745374271045,0.400896336373439,-327.252658466821,0,1.05500000000006
"S2",500,1,2,0.5,416,0.756347218156472,2.03711468380137,0.453728931067333,-308.438773196228,0,1.10100000000011
"S2",500,1,2,0.5,417,1.22641393190851,1.98281330772985,0.553754133692218,-327.252543721588,0,1.23599999999988
"S2",500,1,2,0.5,418,0.563136799152316,2.19769336997385,0.349791813727229,-304.79775940782,0,1.1400000000001
"S2",500,1,2,0.5,419,0.586848165198398,2.14292208558619,0.348264425826071,-318.298823672316,0,1.06600000000003
"S2",500,1,2,0.5,420,1.09508520293825,1.989653225571,0.543184092333584,-317.981011298252,0,0.952999999999975
"S2",500,1,2,0.5,421,0.849118328472208,1.94641263404622,0.480502230259378,-324.024528557486,0,1.03300000000013
"S2",500,1,2,0.5,422,1.09633977332478,1.88927810613415,0.510220672323631,-350.332010454536,0,1.01699999999983
"S2",500,1,2,0.5,423,0.767961837015646,2.08714767413082,0.468478232261202,-296.483595506442,0,1.13599999999997
"S2",500,1,2,0.5,424,0.852578593013054,2.01419469190813,0.502726965744944,-303.648968033165,0,1.08799999999997
"S2",500,1,2,0.5,425,1.41389275561387,1.88365695306006,0.58308042863587,-345.019258615717,0,0.973999999999933
"S2",500,1,2,0.5,426,1.28709135050533,1.97707249666087,0.60877173746512,-309.629800063141,0,1.13700000000017
"S2",500,1,2,0.5,427,1.86497026567905,1.86191560771032,0.740733962538244,-309.600459258065,0,1.21000000000004
"S2",500,1,2,0.5,428,0.80841559003558,1.95181641729443,0.435137068735028,-342.142251276568,0,1.02599999999984
"S2",500,1,2,0.5,429,0.948451083744534,1.96122424983461,0.488526879615983,-331.397618311078,0,1.09699999999998
"S2",500,1,2,0.5,430,0.851052781687701,2.03090251735044,0.490425695327725,-305.621388092633,0,1.05700000000002
"S2",500,1,2,0.5,431,1.2913625614584,2.02057897344611,0.554841766116485,-326.125278374223,0,1.04600000000005
"S2",500,1,2,0.5,432,0.69051782808489,2.12132941776257,0.404974002970634,-310.856799637016,0,1.05399999999986
"S2",500,1,2,0.5,433,2.54508931421364,2.09105249342289,0.764020675530333,-289.41142708152,0,1.18599999999992
"S2",500,1,2,0.5,434,1.38190834901168,1.98085443498465,0.594329298167923,-322.411687276187,0,1.00500000000011
"S2",500,1,2,0.5,435,2.90257494330171,1.81978283230727,0.738460575176056,-351.518303214617,0,1.00599999999986
"S2",500,1,2,0.5,436,0.667157257334791,2.07341845728506,0.403049815624374,-314.289254588596,0,1.1070000000002
"S2",500,1,2,0.5,437,4.22574783661226,1.80267032234471,0.951391266842501,-302.535447597323,0,1.11199999999985
"S2",500,1,2,0.5,438,1.04276494681537,2.09764172245632,0.495355369543997,-319.434371461224,0,1.06500000000005
"S2",500,1,2,0.5,439,0.588093057927145,2.08222542978401,0.387234544093852,-304.906343952161,0,1.08200000000011
"S2",500,1,2,0.5,440,1.5797741596562,1.94665156123447,0.618390811780677,-328.898361970574,0,1.0329999999999
"S2",500,1,2,0.5,441,1.13163102674742,1.93995866951574,0.569614569594525,-317.649897853221,0,1.06500000000005
"S2",500,1,2,0.5,442,5.30505071029033,1.79950319646317,0.898555245070227,-328.186967435104,0,1.22900000000004
"S2",500,1,2,0.5,443,1.85145357979848,2.06403200691643,0.728780080844207,-283.950727129127,0,1.03400000000011
"S2",500,1,2,0.5,444,0.538914938260868,2.12187869931235,0.320898564357061,-331.714416502126,0,1.06799999999998
"S2",500,1,2,0.5,445,0.764560156370078,2.12683309195513,0.437930117729995,-307.486704390663,0,1.09099999999989
"S2",500,1,2,0.5,446,1.02650177686316,2.02604165746824,0.532005071711003,-311.599562189766,0,1.17000000000007
"S2",500,1,2,0.5,447,0.617063685226241,2.10370822825934,0.397749243360137,-303.136902642815,0,1.04600000000005
"S2",500,1,2,0.5,448,1.41417043980852,1.98960963155503,0.554795167534599,-340.004905088443,0,0.972999999999956
"S2",500,1,2,0.5,449,1.56476542026445,1.88405464048033,0.655391479115268,-321.62545505704,0,1.02000000000021
"S2",500,1,2,0.5,450,0.697935273010989,2.06712569064274,0.388066185385873,-330.695514916101,0,1.07899999999995
"S2",500,1,2,0.5,451,1.38152202947176,2.01656027206125,0.579297074857326,-322.218893387429,0,1.03500000000008
"S2",500,1,2,0.5,452,1.81898675776809,1.99931051556249,0.694930194188047,-303.309807853031,0,1.01599999999985
"S2",500,1,2,0.5,453,0.461051249898007,2.0799780587736,0.267371799995823,-354.035251575553,0,0.986000000000104
"S2",500,1,2,0.5,454,6.93042049420268,1.70040543317638,1.02723167422743,-314.474042152329,0,1.202
"S2",500,1,2,0.5,455,1.11762079498215,2.12573325062326,0.500189662960927,-319.643215228236,0,1.11200000000008
"S2",500,1,2,0.5,456,0.851989529867526,2.1081513595536,0.457062701255999,-313.404892267075,0,1.03999999999996
"S2",500,1,2,0.5,457,1.57192738007626,1.82791857987418,0.655422723130173,-332.255804112926,0,0.98700000000008
"S2",500,1,2,0.5,458,0.743754744222845,2.06188733646687,0.417498794065741,-322.790351481431,0,1.05700000000002
"S2",500,1,2,0.5,459,0.542585184776744,2.13537796634499,0.312125735773779,-336.152104397481,0,1.11400000000003
"S2",500,1,2,0.5,460,1.13966158814313,1.88526857539094,0.554805308128909,-332.797190695482,0,1.10200000000009
"S2",500,1,2,0.5,461,0.619130099496268,1.98529572476737,0.377678411465307,-331.866704605391,0,1.12999999999988
"S2",500,1,2,0.5,462,0.866901867004803,2.00182988010932,0.449468659296032,-334.88609642491,0,1.02800000000002
"S2",500,1,2,0.5,463,9999.59066630268,1.708150138542,1.04449301685624,-339.94852113177,0,1.80400000000009
"S2",500,1,2,0.5,464,0.854340722263864,1.94720012972494,0.481113815745868,-323.57946891478,0,1.12200000000007
"S2",500,1,2,0.5,465,0.68744644918131,2.04225324408584,0.397719358809052,-326.028289547138,0,0.961000000000013
"S2",500,1,2,0.5,466,2.73015699929907,1.83775005915006,0.78412760234299,-325.947240530627,0,1.05099999999993
"S2",500,1,2,0.5,467,0.488400643806082,2.11120485441112,0.342389839051825,-299.360109636974,0,1.07100000000014
"S2",500,1,2,0.5,468,0.952495513463081,1.94885617706164,0.486582226142199,-335.567584487598,0,1.01299999999992
"S2",500,1,2,0.5,469,1.04361843982918,2.0756969463888,0.506662434940422,-317.152633949321,0,1.08400000000006
"S2",500,1,2,0.5,470,1.52080495246378,1.92657713640703,0.598172649999602,-336.82843625547,0,0.95900000000006
"S2",500,1,2,0.5,471,0.811405002242766,2.08711343232876,0.427551066461579,-325.565455998666,0,1.06899999999996
"S2",500,1,2,0.5,472,0.455789765073953,2.04872991690906,0.292286746424411,-334.660113237301,0,1.23399999999992
"S2",500,1,2,0.5,473,0.893067179844001,1.96355977639711,0.464625203581383,-335.849912594225,0,1.13399999999979
"S2",500,1,2,0.5,474,1.27288394542957,1.9669019647594,0.556502470114624,-331.427883251328,0,1.02999999999997
"S2",500,1,2,0.5,475,1.07425844717495,2.12278438074271,0.502103420196685,-313.587203946315,0,1.11799999999994
"S2",500,1,2,0.5,476,0.678600241856695,2.03952049199226,0.378884882955645,-336.330189100468,0,1.14799999999991
"S2",500,1,2,0.5,477,1.22177681000356,1.91323385633064,0.563242766919491,-333.61162797969,0,1.01999999999998
"S2",500,1,2,0.5,478,0.399644081085804,2.0922461007103,0.283467512710439,-315.01500833133,0,1.35099999999989
"S2",500,1,2,0.5,479,0.994165087709516,1.90297035364229,0.510729674052663,-336.293406857341,0,1.10200000000009
"S2",500,1,2,0.5,480,2.54488572910841,1.90684857402736,0.749795882791416,-323.169663616255,0,1.08100000000013
"S2",500,1,2,0.5,481,1.24542650939868,2.11560281708305,0.551635830696061,-309.189948745717,0,1.28800000000001
"S2",500,1,2,0.5,482,0.328423903499735,2.25607620280633,0.245022933477236,-292.470887280122,0,1.17499999999995
"S2",500,1,2,0.5,483,1.42138056094612,1.961741424192,0.611525565554566,-319.111051215299,0,1.00099999999998
"S2",500,1,2,0.5,484,3.05294844899862,1.89563018597593,0.798457336322828,-318.590841056062,0,1.06100000000015
"S2",500,1,2,0.5,485,1.77995437010942,1.94200798589943,0.665744310598884,-321.972029188991,0,1.17200000000003
"S2",500,1,2,0.5,486,1.93142644209453,1.8684275179448,0.710506708741982,-322.641921723731,0,0.972999999999956
"S2",500,1,2,0.5,487,2.63952342690266,1.83646627695469,0.71402310315125,-349.396114517643,0,0.983999999999924
"S2",500,1,2,0.5,488,1.6221068735428,1.86315490335374,0.611314603661123,-349.659822665152,0,0.961999999999989
"S2",500,1,2,0.5,489,0.897393518779926,2.13250362954895,0.491046666806651,-299.345208232019,0,0.983000000000175
"S2",500,1,2,0.5,490,1.23779281067565,1.96882225463336,0.588959391233619,-316.164760028988,0,1.07899999999995
"S2",500,1,2,0.5,491,0.732250796736024,2.1102340592973,0.408426639471833,-319.579074745286,0,1.04300000000012
"S2",500,1,2,0.5,492,2.06889663605712,1.80573741841351,0.796945262955179,-306.21209891743,0,1.09799999999996
"S2",500,1,2,0.5,493,0.929323840609293,2.03062869854503,0.4621533540826,-331.754342114249,0,1.15699999999993
"S2",500,1,2,0.5,494,0.57045850807272,2.13431769464756,0.336950568369015,-325.011432688052,0,1.04100000000017
"S2",500,1,2,0.5,495,1.0455632315887,1.91805707515633,0.499019893065691,-345.423843657394,0,1.11699999999996
"S2",500,1,2,0.5,496,1.34389788013661,1.94947557331029,0.556127939836017,-340.555637061419,0,0.975000000000136
"S2",500,1,2,0.5,497,0.793826527845168,2.08515399952005,0.433777241867072,-319.507638637686,0,1.09999999999991
"S2",500,1,2,0.5,498,1.15058009201345,1.88695525513256,0.542423748697412,-338.728016973438,0,1.14599999999996
"S2",500,1,2,0.5,499,1.61595024184787,1.8714476354526,0.57725988034157,-363.118871476649,0,1.02999999999997
"S2",500,1,2,0.5,500,1.08592920868645,1.97305374950572,0.55917766536201,-312.3158122857,0,1.10400000000004
"S2",500,1,2,0.5,501,1.50552180869261,1.91915254307567,0.594665491598446,-339.653757352962,0,1.04399999999987
"S2",500,1,2,0.5,502,1.94307097703915,1.92239298603826,0.602362100639631,-358.639199335426,0,1.01600000000008
"S2",500,1,2,0.5,503,0.805425356662005,2.06650628950014,0.397875768718654,-342.925980688944,0,1.22500000000014
"S2",500,1,2,0.5,504,0.712246529673666,1.9953081551263,0.390338769114008,-344.907978926843,0,1.05600000000004
"S2",500,1,2,0.5,505,0.660198706094219,2.04765257243753,0.421579034471438,-306.966431873189,0,1.05999999999995
"S2",500,1,2,0.5,506,0.400629304273568,2.04284879994248,0.270717416290741,-333.062180213396,0,1.09999999999991
"S2",500,1,2,0.5,507,1.45952692994091,1.94555154478096,0.609921880634026,-326.058941263314,0,1.0010000000002
"S2",500,1,2,0.5,508,1.93446782160794,1.93157918010787,0.671221573323961,-328.378155065644,0,1.08600000000001
"S2",500,1,2,0.5,509,1.34609761539385,2.02084121752697,0.549094197392774,-331.485744247057,0,1.13400000000001
"S2",500,1,2,0.5,510,1.03152959090575,2.09803881526697,0.479199639801258,-324.682736624777,0,1.12300000000005
"S2",500,1,2,0.5,511,0.839210768030416,1.99200504616352,0.458944946631583,-326.379137383673,0,1.15300000000002
"S2",500,1,2,0.5,512,2.08462797644916,1.92135722680929,0.764328285478136,-302.460416889609,0,1.11899999999991
"S2",500,1,2,0.5,513,4.69142377563158,1.88448728149636,0.910923140541672,-306.532096293025,0,1.077
"S2",500,1,2,0.5,514,0.5039572106755,2.21194737517339,0.373350835115709,-272.619817469009,0,1.23099999999999
"S2",500,1,2,0.5,515,1.15540519769075,2.09947464747047,0.522798220263679,-316.725989017225,0,1.13200000000006
"S2",500,1,2,0.5,516,0.99195693371499,2.02844736311838,0.517223066526259,-311.220868690422,0,1.03099999999995
"S2",500,1,2,0.5,517,0.506620423557014,2.10898290525292,0.352061926399197,-300.242149053148,0,1.14899999999989
"S2",500,1,2,0.5,518,1.01849541238898,1.97927173109631,0.44534775302695,-361.284429754351,0,1.04899999999998
"S2",500,1,2,0.5,519,2.84084783811457,1.81058487284493,0.762373672850194,-340.568230797288,0,1.10800000000017
"S2",500,1,2,0.5,520,0.873067787769036,2.07234440639908,0.441060112851219,-329.623163317423,0,1.0329999999999
"S2",500,1,2,0.5,521,1.31172319254823,1.88723476399465,0.576403018726864,-338.731511358287,0,1.00600000000009
"S2",500,1,2,0.5,522,1.33752821791551,1.87364274531295,0.59580115304541,-333.036743584526,0,1.07600000000002
"S2",500,1,2,0.5,523,1.84659361955689,1.99115854675433,0.721341484985842,-294.662210574252,0,1.0440000000001
"S2",500,1,2,0.5,524,0.876268144037567,1.9473776082185,0.484525724800169,-324.228355982712,0,1.11599999999999
"S2",500,1,2,0.5,525,0.412095225281796,2.19840197798736,0.274720822985063,-310.570483737694,0,1.05700000000002
"S2",500,1,2,0.5,526,0.573138305918058,2.10067613912424,0.341725507078357,-328.714498756251,0,1.18100000000004
"S2",500,1,2,0.5,527,0.412457730380033,2.10509811802992,0.289332404944515,-312.271233126324,0,1.18200000000002
"S2",500,1,2,0.5,528,0.896480602707564,1.99760800918072,0.435338710720908,-348.77138380233,0,1.00299999999993
"S2",500,1,2,0.5,529,0.771125818680872,2.00813950488028,0.424797347385632,-332.865083017815,0,1.05999999999995
"S2",500,1,2,0.5,530,0.762241608103064,2.04768683595956,0.391489100727301,-343.377366398898,0,1.029
"S2",500,1,2,0.5,531,0.75257775597309,2.02597393025805,0.424109579777507,-326.571149603494,0,1.221
"S2",500,1,2,0.5,532,0.821083538829638,2.00352043177499,0.44254385552804,-331.384243184985,0,1.11300000000006
"S2",500,1,2,0.5,533,1.34670166584395,2.07681729896454,0.584348555915148,-308.18064087756,0,1.01800000000003
"S2",500,1,2,0.5,534,0.815409740272984,1.9814721363211,0.416318305183914,-349.153547790972,0,0.951999999999998
"S2",500,1,2,0.5,535,2.55038487383436,1.74642699142082,0.767471263278514,-343.099541006207,0,0.922000000000025
"S2",500,1,2,0.5,536,2.66715287405286,1.88436323911935,0.749418201156989,-329.752218297762,0,1.02299999999991
"S2",500,1,2,0.5,537,1.28443626892234,1.95798892197919,0.582765719701653,-322.095171839803,0,1.13300000000004
"S2",500,1,2,0.5,538,3.66452701565366,1.78979879066053,0.858412084248887,-326.148331374395,0,1.03099999999995
"S2",500,1,2,0.5,539,0.528192206044033,2.18382520226433,0.337807952234247,-307.15608726363,0,1.05500000000006
"S2",500,1,2,0.5,540,0.653699104264633,1.98425863224398,0.371297949490047,-346.83030989967,0,1.30799999999999
"S2",500,1,2,0.5,541,1.1458490243151,1.94095103702368,0.50525677089394,-349.509218855534,0,1.03700000000003
"S2",500,1,2,0.5,542,1.25659562095877,1.9497172807532,0.627736919469087,-303.638296118808,0,1.05300000000011
"S2",500,1,2,0.5,543,1.48728729583951,2.02727320381494,0.631940122430793,-306.603074955881,0,0.961999999999989
"S2",500,1,2,0.5,544,0.903676499871272,1.97185630199777,0.43693696901423,-351.055098019993,0,1.08300000000008
"S2",500,1,2,0.5,545,1.46290428604464,1.8537729595429,0.613455441767924,-337.68011522211,0,1.029
"S2",500,1,2,0.5,546,0.984758597249407,1.92753397304934,0.467451261728975,-352.864151872074,0,1.00099999999998
"S2",500,1,2,0.5,547,0.752953200151048,2.04617058739831,0.409386054886303,-330.961465108496,0,1.10500000000002
"S2",500,1,2,0.5,548,0.598996960240383,2.04934101115684,0.355999845707949,-331.265344935594,0,1.08899999999994
"S2",500,1,2,0.5,549,20.7252989609905,1.71437777958575,1.07093575388227,-320.377413636577,0,1.471
"S2",500,1,2,0.5,550,0.798909471906282,2.0282564681565,0.441814765797172,-323.549156585819,0,1.10699999999997
"S2",500,1,2,0.5,551,1.52516394272686,2.00513837046961,0.562566224149002,-340.934023078779,0,1.08899999999994
"S2",500,1,2,0.5,552,1.06046931629571,1.95065680752909,0.494500460571625,-343.215018990456,0,0.990999999999985
"S2",500,1,2,0.5,553,0.827274268739272,1.99341184930484,0.467744341941073,-319.313939058842,0,1.00200000000018
"S2",500,1,2,0.5,554,2.28367815989807,1.93933609432758,0.694618625278721,-331.132744640708,0,1.07099999999991
"S2",500,1,2,0.5,555,2.12896367427032,1.86137254654034,0.71112186767033,-331.432215468686,0,1.08400000000006
"S2",500,1,2,0.5,556,0.768332197075823,1.97735797762372,0.434061875882915,-331.339501395877,0,1.19499999999994
"S2",500,1,2,0.5,557,2.2860638847033,1.90481240932135,0.743507593928234,-319.43276404667,0,1.08700000000022
"S2",500,1,2,0.5,558,0.213230449941616,2.25013313283225,0.163836584903853,-306.398465134075,0,1.1239999999998
"S2",500,1,2,0.5,559,1.74713456324208,1.97422702524077,0.71234006780837,-297.633882212931,0,1.10799999999995
"S2",500,1,2,0.5,560,0.594999065614952,2.16842061519033,0.352544411915427,-316.862802981018,0,0.966999999999871
"S2",500,1,2,0.5,561,0.756023056829844,2.10099139612476,0.421218486384906,-317.492871744595,0,0.968000000000075
"S2",500,1,2,0.5,562,3.00249336565349,1.83488067672404,0.798613179241704,-328.183785230894,0,0.98700000000008
"S2",500,1,2,0.5,563,1.07391717372648,1.99464551884201,0.508197255883695,-332.457838614069,0,1.09999999999991
"S2",500,1,2,0.5,564,0.768445542732459,2.06355643594683,0.468138085667086,-300.97647669832,0,1.09800000000018
"S2",500,1,2,0.5,565,3.83876172599197,1.77191141993673,0.798120886062591,-352.978299207731,0,1.17599999999993
"S2",500,1,2,0.5,566,0.485769978936787,2.0130193158176,0.365030957574075,-297.73204249861,0,1.09300000000007
"S2",500,1,2,0.5,567,1.72356866739714,1.85701537974287,0.651038318200408,-338.019374598748,0,1.04299999999989
"S2",500,1,2,0.5,568,15.4093498803271,1.79905665650048,1.02393974115631,-314.446374484953,0,1.52200000000016
"S2",500,1,2,0.5,569,0.869262268293373,2.09693638996668,0.421570628459278,-337.288051551224,0,1.11699999999996
"S2",500,1,2,0.5,570,0.912000156979808,1.99906722793127,0.432385152860446,-351.513536056605,0,1.23399999999992
"S2",500,1,2,0.5,571,1.97919615841552,1.91461535770498,0.759358782060294,-301.087744539806,0,0.986000000000104
"S2",500,1,2,0.5,572,5.21485247115785,1.73597604183424,0.891192504961065,-340.551678552656,0,1.28500000000008
"S2",500,1,2,0.5,573,2.85817574988789,1.90698208906603,0.743322936360026,-333.30145892677,0,1.03199999999993
"S2",500,1,2,0.5,574,3.30938175867391,1.85752669717915,0.788134563431332,-333.080089099142,0,1.18600000000015
"S2",500,1,2,0.5,575,1.94254161710524,2.05575446165465,0.6668835430246,-310.010102514309,0,1.04299999999989
"S2",500,1,2,0.5,576,0.661616462915326,2.02011785528214,0.388239976579009,-330.533125825499,0,1.11400000000003
"S2",500,1,2,0.5,577,0.978483270205594,1.94574040400139,0.509862403504928,-326.662881346871,0,1.06899999999996
"S2",500,1,2,0.5,578,3.70146083924852,1.92972071237958,0.846506648554518,-308.458362472397,0,1.096
"S2",500,1,2,0.5,579,0.870548483454815,2.08160423051691,0.429764846751787,-333.46771807314,0,1.07399999999984
"S2",500,1,2,0.5,580,0.612111235515089,2.07144965736532,0.387457610059436,-311.188686507005,0,1.01700000000005
"S2",500,1,2,0.5,581,1.05043525453781,1.95727811522707,0.529930256749553,-325.514065586577,0,1.06700000000001
"S2",500,1,2,0.5,582,0.961174829066153,1.9397645705235,0.467990567177935,-350.086623519048,0,1.01900000000001
"S2",500,1,2,0.5,583,1.43549858289256,2.08422381156053,0.641645848600093,-290.050450429825,0,1.08899999999994
"S2",500,1,2,0.5,584,1.51842493835169,1.88184111210885,0.628767611780223,-331.557073700539,0,1.10599999999999
"S2",500,1,2,0.5,585,1.46885302937617,2.05135275817138,0.545849875302214,-337.322852076419,0,0.95900000000006
"S2",500,1,2,0.5,586,0.561504913324751,2.08294869209299,0.367052518202875,-310.454995145031,0,1.05700000000002
"S2",500,1,2,0.5,587,0.953952934265015,1.97399099147749,0.489115180184679,-330.096545452526,0,1.1579999999999
"S2",500,1,2,0.5,588,2.18147597149881,1.92485781586439,0.698345129033638,-326.549794421206,0,0.97199999999998
"S2",500,1,2,0.5,589,1.94133005652593,1.80748357211369,0.622165528630333,-370.385269193788,0,0.970000000000027
"S2",500,1,2,0.5,590,5.32124147371723,1.76472425333347,0.848239213365986,-350.610402928909,0,1.09699999999998
"S2",500,1,2,0.5,591,0.856522531900887,2.19053544270839,0.481531932757558,-287.639253320053,0,1.10000000000014
"S2",500,1,2,0.5,592,0.60669551335819,2.08953171314358,0.366084637357249,-322.414341935969,0,1.11899999999991
"S2",500,1,2,0.5,593,2.55860727799868,1.79164131024622,0.800715849558186,-323.637157540176,0,1.20000000000005
"S2",500,1,2,0.5,594,0.522789215976806,2.05574763225078,0.334288524505915,-325.642018966083,0,1.08600000000001
"S2",500,1,2,0.5,595,0.502677623307463,2.06337276314712,0.328315554381231,-322.738805981445,0,1.10100000000011
"S2",500,1,2,0.5,596,1.52789019901131,1.96077794930484,0.600518164900822,-332.467730180408,0,0.990999999999985
"S2",500,1,2,0.5,597,0.924748369904677,1.96639075874343,0.459563167827979,-343.683527657185,0,0.997000000000071
"S2",500,1,2,0.5,598,2.74659626699733,1.86219538786714,0.76651007989783,-329.10249774533,0,0.983999999999924
"S2",500,1,2,0.5,599,1.2213079403716,1.85016744883391,0.564137061525368,-341.863797629077,0,0.977000000000089
"S2",500,1,2,0.5,600,0.826340635219211,2.03302534101293,0.47033600087468,-312.112899896079,0,1.06099999999992
"S2",500,1,2,0.5,601,1.65775325106076,2.01257486814648,0.558360870875409,-349.253513765855,0,1.09799999999996
"S2",500,1,2,0.5,602,0.680280251124777,2.06910344180946,0.376064208072807,-334.301846408839,0,1.06799999999998
"S2",500,1,2,0.5,603,2.96602804583553,1.82566655804098,0.813190648602801,-323.746113983516,0,1.07099999999991
"S2",500,1,2,0.5,604,1.65645791406107,1.91886414693746,0.605091572611957,-344.289069167799,0,1.048
"S2",500,1,2,0.5,605,0.327720871503879,2.15469951124367,0.232096828971732,-318.963476170763,0,1.11899999999991
"S2",500,1,2,0.5,606,1.59665794531348,1.92347098411006,0.668484330793896,-313.062796693535,0,1.12200000000007
"S2",500,1,2,0.5,607,2.16361479365631,1.93990672975286,0.77961488229007,-297.188955689315,0,0.986000000000104
"S2",500,1,2,0.5,608,2.31324048920399,1.87664371986515,0.682044601647526,-345.878301943136,0,0.973999999999933
"S2",500,1,2,0.5,609,1.33740701069515,1.86544132768367,0.618016415874258,-325.71745361768,0,0.944999999999936
"S2",500,1,2,0.5,610,2.76105543467145,1.89296342976429,0.78484389782231,-317.595999172746,0,1.09500000000003
"S2",500,1,2,0.5,611,1.1101465562441,1.9251235720672,0.497133992705517,-352.163523105594,0,1.03400000000011
"S2",500,1,2,0.5,612,1.37338973853248,2.03764455829855,0.750651570689196,-252.457174118738,0,1.08600000000001
"S2",500,1,2,0.5,613,1.41554753888234,1.90023758406458,0.60257396307107,-333.454113288185,0,0.976000000000113
"S2",500,1,2,0.5,614,2.35932123894745,1.7442416362348,0.745887247252706,-344.460381857653,0,1.0329999999999
"S2",500,1,2,0.5,615,1.59303541397227,2.06202583479528,0.558996645480747,-335.658442789547,0,1.048
"S2",500,1,2,0.5,616,2.33424643361872,1.97053789201599,0.709670326761076,-321.897083144625,0,1.09500000000003
"S2",500,1,2,0.5,617,1.54388709930893,1.92720011717421,0.643337381361845,-321.559181906528,0,0.916000000000167
"S2",500,1,2,0.5,618,1.66861509368917,1.97315522294186,0.57937913267069,-347.095835867567,0,0.941000000000031
"S2",500,1,2,0.5,619,0.547706365848225,2.0729456979146,0.339802320041521,-324.59201549315,0,1.02299999999991
"S2",500,1,2,0.5,620,1.95866921545982,1.95798753363841,0.704156018261447,-313.076002234795,0,0.977000000000089
"S2",500,1,2,0.5,621,2.35913949337561,1.80984060469209,0.7579944360415,-329.128337690114,0,1.01600000000008
"S2",500,1,2,0.5,622,3.15978351645587,1.82107006649811,0.87272405624075,-308.874982262034,0,0.985999999999876
"S2",500,1,2,0.5,623,1.13543072630149,2.02784747018734,0.56743843904629,-304.970761260151,0,1.04200000000014
"S2",500,1,2,0.5,624,0.337177761637374,2.07908504951952,0.231108544727057,-334.132674858288,0,1.18299999999999
"S2",500,1,2,0.5,625,2.0858047879586,1.89918086125828,0.699041082702155,-329.045480489683,0,1.18900000000008
"S2",500,1,2,0.5,626,0.786617395745952,2.0916219273225,0.434409286473747,-316.926925279692,0,1.03999999999996
"S2",500,1,2,0.5,627,2.08394641479353,1.89995237253101,0.736778072532191,-313.180477118097,0,0.978000000000065
"S2",500,1,2,0.5,628,1.41862675013491,1.86261991192782,0.594296454979377,-342.289728928678,0,0.913999999999987
"S2",500,1,2,0.5,629,1.99047747881209,1.85235951781243,0.65953013197686,-347.558438405995,0,0.924999999999955
"S2",500,1,2,0.5,630,0.61792563056541,2.08093515035727,0.385746077045343,-313.295019332071,0,1.00099999999998
"S2",500,1,2,0.5,631,5.4717727815662,1.75507989911554,0.911197298449006,-331.94129758556,0,1.22500000000014
"S2",500,1,2,0.5,632,1.85522488249233,1.95967190790425,0.675449475330075,-318.865675427351,0,0.971000000000004
"S2",500,1,2,0.5,633,1.64585605334855,1.86250780637968,0.7089502494436,-310.344610889032,0,1.01199999999994
"S2",500,1,2,0.5,634,5.67008258500887,1.75056493788179,0.894757624156367,-340.078111205733,0,1.08899999999994
"S2",500,1,2,0.5,635,4.00569625971691,1.78919981304482,0.871254400505038,-326.32284300536,0,1.15199999999982
"S2",500,1,2,0.5,636,2.05874091548863,1.84207178705848,0.731794450709532,-323.521967536103,0,1.11900000000014
"S2",500,1,2,0.5,637,0.933277398806485,2.06418079307906,0.48573157380563,-317.06967463562,0,0.998000000000047
"S2",500,1,2,0.5,638,0.351195855517373,2.27523766258032,0.26865240071066,-279.133314746699,0,1.08400000000006
"S2",500,1,2,0.5,639,0.72743115720887,2.03020710209497,0.434585661150093,-314.970980679991,0,0.972999999999956
"S2",500,1,2,0.5,640,1.42238956872175,2.04984221789672,0.615922830985044,-304.575229488944,0,1.00700000000006
"S2",500,1,2,0.5,641,3.61435856474635,1.82798964516887,0.942325702796553,-293.377618695854,0,1.07099999999991
"S2",500,1,2,0.5,642,1.24465088297161,1.95633635358851,0.541747910016657,-339.723860464651,0,0.962999999999965
"S2",500,1,2,0.5,643,0.612605580047393,2.0518871826227,0.351725206969207,-337.073886220558,0,1.09800000000018
"S2",500,1,2,0.5,644,0.667206697860547,2.13313505210043,0.402427723725359,-307.427228439299,0,1.06399999999985
"S2",500,1,2,0.5,645,2.470327889253,1.9003321246265,0.791620654633192,-307.464659887901,0,1.02500000000009
"S2",500,1,2,0.5,646,0.877141365844429,1.95206668502056,0.468861381919267,-334.028894493978,0,0.937000000000126
"S2",500,1,2,0.5,647,2.47344268819511,1.87358265427476,0.727283268019063,-334.512074444834,0,0.961999999999989
"S2",500,1,2,0.5,648,6.03168003865762,1.70782716258302,0.956248039417192,-329.77084691718,0,1.18899999999985
"S2",500,1,2,0.5,649,0.898844395088017,2.04970492003188,0.464753583449966,-324.060940755406,0,1.01900000000001
"S2",500,1,2,0.5,650,1.65146296145668,1.93294188775079,0.657341515617321,-319.458835280088,0,1.04199999999992
"S2",500,1,2,0.5,651,0.602729085356604,2.00872495808951,0.372718183071386,-329.368308691391,0,1.11400000000003
"S2",500,1,2,0.5,652,1.40762008021681,1.82020345171408,0.542787016736928,-374.411012501827,0,1.03800000000001
"S2",500,1,2,0.5,653,0.975603134121345,2.01500218537424,0.473677455955489,-335.00676230523,0,1.08699999999999
"S2",500,1,2,0.5,654,0.769599568349238,1.98615892785729,0.450499514876667,-322.481953076051,0,1.13000000000011
"S2",500,1,2,0.5,655,1.32802409189761,1.94413299849453,0.586120112833347,-325.948011596231,0,1.06700000000001
"S2",500,1,2,0.5,656,1.20207807171305,2.00152305990323,0.539038618227728,-328.712980475992,0,1.07799999999997
"S2",500,1,2,0.5,657,1.80831914958894,1.88694120529581,0.650932144118251,-338.385448108082,0,1.08400000000006
"S2",500,1,2,0.5,658,2.39761760925147,1.82028680866421,0.723884495660813,-341.48923462895,0,1.08999999999992
"S2",500,1,2,0.5,659,0.515319473270875,2.0517720931506,0.320701996909192,-334.105700763308,0,1.11099999999988
"S2",500,1,2,0.5,660,0.828173077230035,2.04665471104079,0.445839198781925,-324.621355377426,0,1.06200000000013
"S2",500,1,2,0.5,661,0.623647612540732,2.06407367843011,0.358938425002328,-334.669717283854,0,0.990999999999985
"S2",500,1,2,0.5,662,0.67068565763501,2.04732678036265,0.391460932534392,-327.936654717233,0,1.06099999999992
"S2",500,1,2,0.5,663,1.14535799064208,1.95482495615037,0.502313296053328,-347.247910718733,0,1.15499999999997
"S2",500,1,2,0.5,664,0.919244494944284,1.99178967319351,0.462929557574253,-338.132468901908,0,1.029
"S2",500,1,2,0.5,665,2.54880094833223,1.82707162212305,0.735274330585082,-342.262739435052,0,0.996999999999844
"S2",500,1,2,0.5,666,1.72635848775446,1.8882359135384,0.72430626418335,-304.965972776879,0,0.98700000000008
"S2",500,1,2,0.5,667,0.521835778574526,2.18362294142477,0.351911813469278,-291.540885018107,0,1.13000000000011
"S2",500,1,2,0.5,668,0.64099965164335,2.00616591862078,0.405766178365843,-319.341371649657,0,1.13499999999999
"S2",500,1,2,0.5,669,2.69388025560733,1.8945868156428,0.778054079777463,-319.869606802247,0,1.08300000000008
"S2",500,1,2,0.5,670,0.92924135903692,2.03083753097219,0.485346167287687,-319.687098840259,0,1.0630000000001
"S2",500,1,2,0.5,671,2.37197780504472,1.90108799227332,0.715940744793059,-330.461959876073,0,1.16099999999983
"S2",500,1,2,0.5,672,1.17086547897219,1.98486355804164,0.55744103400482,-321.143775383871,0,1.05199999999991
"S2",500,1,2,0.5,673,0.833948582681749,2.02967221738639,0.464180468545951,-317.572884686728,0,1.08400000000006
"S2",500,1,2,0.5,674,0.831002245950549,2.06924582182728,0.45632504518735,-316.194455083403,0,1.06299999999987
"S2",500,1,2,0.5,675,2.09475326311323,1.92347733461132,0.676246498106761,-333.287416071856,0,1.10399999999981
"S2",500,1,2,0.5,676,1.18778697113618,1.88643198531778,0.610408797510428,-313.339890027436,0,1.19600000000014
"S2",500,1,2,0.5,677,1.09963772580359,2.07251726940079,0.510904395243152,-320.72359936003,0,1.1389999999999
"S2",500,1,2,0.5,678,0.54484372764139,2.13125032660518,0.329210974271297,-324.240258886526,0,1.154
"S2",500,1,2,0.5,679,1.67747687074645,1.88452387187956,0.695658327093328,-313.820567098593,0,1.03499999999985
"S2",500,1,2,0.5,680,1.36880460587787,1.87438470054136,0.569350849693447,-347.996102281621,0,1.07200000000012
"S2",500,1,2,0.5,681,1.69515134046248,1.81245156263303,0.611358122855954,-362.528630149977,0,1.06500000000005
"S2",500,1,2,0.5,682,1.21327151934478,1.94398509013822,0.532357390864179,-344.027064199638,0,1.09099999999989
"S2",500,1,2,0.5,683,2.13049823157019,1.92018865580964,0.739418217618454,-312.605293958592,0,0.934999999999945
"S2",500,1,2,0.5,684,1.37020430037216,1.9738063729782,0.62139760039613,-310.61277061671,0,1.05500000000006
"S2",500,1,2,0.5,685,1.97925827401969,1.83045238866767,0.741013611904741,-319.705466292271,0,1.07099999999991
"S2",500,1,2,0.5,686,3.80639088029536,1.83919054392959,0.857955694743568,-320.636875982214,0,1.11400000000003
"S2",500,1,2,0.5,687,0.581968740519444,2.14930583911638,0.380293543367279,-297.872704624698,0,1.06400000000008
"S2",500,1,2,0.5,688,0.414989793880772,2.08001839324128,0.303522299427188,-305.320301540968,0,1.1389999999999
"S2",500,1,2,0.5,689,0.688501660108914,2.16493672178788,0.382837081073736,-317.697021861626,0,1.07300000000009
"S2",500,1,2,0.5,690,1.12518941628087,1.98837801145122,0.528985288650725,-327.682280596894,0,1.10200000000009
"S2",500,1,2,0.5,691,0.914178627881721,2.06037540292101,0.46596426463012,-324.341137107087,0,1.08999999999992
"S2",500,1,2,0.5,692,0.442621596359563,2.21828469562987,0.27758486988195,-317.130515127595,0,1.17700000000013
"S2",500,1,2,0.5,693,0.510463016661065,2.10417942328823,0.306307346184325,-334.397494680372,0,1.09500000000003
"S2",500,1,2,0.5,694,4.63638519071052,1.7423418839841,0.824506087520977,-357.508181114435,0,1.0619999999999
"S2",500,1,2,0.5,695,0.953869154618038,2.01377032804755,0.467407822314926,-335.07854819236,0,1.06799999999998
"S2",500,1,2,0.5,696,1.18315278990049,1.88202964699576,0.567852656149365,-331.504450798561,0,1.06099999999992
"S2",500,1,2,0.5,697,2.86835557259844,1.80824467760743,0.836821570412561,-314.482548634555,0,1.08899999999994
"S2",500,1,2,0.5,698,1.13812578572991,1.99144130056884,0.529602747111889,-329.630976336615,0,1.10400000000004
"S2",500,1,2,0.5,699,3.198401585265,1.76722234170664,0.78239540714221,-349.295596463268,0,1.10200000000009
"S2",500,1,2,0.5,700,1.13896245313643,1.97444067698978,0.571071734456419,-313.18281306428,0,1.08200000000011
"S2",500,1,2,0.5,701,0.941421779090929,1.91040984115988,0.460007426713018,-354.427092899371,0,1.18200000000002
"S2",500,1,2,0.5,702,0.796412487982154,2.228445032407,0.401127434767097,-315.101153124104,0,1.22199999999998
"S2",500,1,2,0.5,703,0.962217729338557,2.01226657059448,0.460698900940601,-341.12633059261,0,0.979000000000042
"S2",500,1,2,0.5,704,0.62410762329322,2.16232314916966,0.403751177947327,-290.775818481255,0,1.29999999999995
"S2",500,1,2,0.5,705,1.98667906830918,1.88380284220013,0.671073433706052,-337.244658206289,0,1.02999999999997
"S2",500,1,2,0.5,706,1.35558035698458,1.8887383146536,0.61320283943364,-325.725410802402,0,1.04500000000007
"S2",500,1,2,0.5,707,1.11750962532396,1.86224794921661,0.558159255049955,-334.214985140764,0,1.06999999999994
"S2",500,1,2,0.5,708,1.09879377433706,1.98331659177266,0.507489403970563,-336.183186778492,0,1.06100000000015
"S2",500,1,2,0.5,709,1.43751756403347,1.87730154602597,0.524187697219895,-377.001201185124,0,1.05099999999993
"S2",500,1,2,0.5,710,1.0231540321588,1.93971852209956,0.483822030907354,-347.234362952426,0,1.096
"S2",500,1,2,0.5,711,1.20983570191096,1.97774281317029,0.565578812562298,-321.743394663613,0,0.999000000000024
"S2",500,1,2,0.5,712,1.39229345362491,1.89732122836973,0.614809087617931,-326.009613866514,0,0.917000000000144
"S2",500,1,2,0.5,713,0.97284534871692,2.05753536807798,0.494815994583392,-314.973504724868,0,0.990999999999985
"S2",500,1,2,0.5,714,0.588067576816059,2.0673537889718,0.356259288291455,-329.316559108783,0,0.990000000000009
"S2",500,1,2,0.5,715,0.634728347338507,1.93905391566712,0.401249975628883,-327.526825532552,0,1
"S2",500,1,2,0.5,716,0.997033113159408,2.15057420244282,0.570237658998998,-271.613732352645,0,1.05200000000013
"S2",500,1,2,0.5,717,0.8583879281341,2.0415967894022,0.46361939167749,-319.681029770436,0,1.11400000000003
"S2",500,1,2,0.5,718,3.37448037935522,1.85362032480671,0.798034389514327,-330.564292382669,0,1.03600000000006
"S2",500,1,2,0.5,719,1.06392775653035,2.0243130264715,0.450794784741888,-354.911697399256,0,1.04399999999987
"S2",500,1,2,0.5,720,1.1927218870753,1.94864596306027,0.528903943839138,-341.50571504112,0,1.13300000000004
"S2",500,1,2,0.5,721,0.721478491401643,2.13144144670219,0.471171777585749,-279.963244982776,0,1.13300000000004
"S2",500,1,2,0.5,722,0.229922896453704,2.22202575430986,0.173222038921738,-308.322664638109,0,1.10100000000011
"S2",500,1,2,0.5,723,1.19315262171376,1.93573606410879,0.543478668752918,-336.055259115463,0,1.10300000000007
"S2",500,1,2,0.5,724,1.03572842428131,2.15012337263711,0.491251573417377,-312.49583845497,0,1.02599999999984
"S2",500,1,2,0.5,725,1.02427761515873,2.01539563458602,0.48319604600851,-336.8327931136,0,1.02200000000016
"S2",500,1,2,0.5,726,0.375696514250502,2.20759210331112,0.266354948718952,-301.909195710594,0,1.08999999999992
"S2",500,1,2,0.5,727,1.21989232185123,2.04689960295037,0.511915459480491,-336.292556294669,0,1.04200000000014
"S2",500,1,2,0.5,728,1.19323758796568,2.03862068270355,0.580231514409156,-304.215571108271,0,1.08399999999983
"S2",500,1,2,0.5,729,0.588171692262262,2.22213580485581,0.379552450519315,-289.712874111213,0,1.13000000000011
"S2",500,1,2,0.5,730,0.972626693745603,1.99283127584919,0.478050792775675,-334.381373593841,0,0.95900000000006
"S2",500,1,2,0.5,731,0.695166506826857,2.03785690185333,0.406310528859633,-324.526332123642,0,1.07999999999993
"S2",500,1,2,0.5,732,4.14853565163383,1.87205486377942,0.856150580481131,-319.584120321484,0,1.11300000000006
"S2",500,1,2,0.5,733,1.11749187891849,1.98565652352894,0.508795756081434,-337.505095441401,0,1.05300000000011
"S2",500,1,2,0.5,734,1.25200972703478,2.09002692626875,0.566305417802689,-306.578487370761,0,0.985999999999876
"S2",500,1,2,0.5,735,2.30523373472747,1.80853697455985,0.766940064989456,-324.156163306558,0,1.07600000000002
"S2",500,1,2,0.5,736,0.629030092521831,2.11877669436024,0.329988212646829,-346.313860092724,0,1.07200000000012
"S2",500,1,2,0.5,737,0.445965630391003,2.05785208527055,0.303472512764955,-322.589375636553,0,1.04299999999989
"S2",500,1,2,0.5,738,0.277205026041187,2.15844090329534,0.191983077598787,-329.621893175908,0,1.13800000000015
"S2",500,1,2,0.5,739,0.850473737286925,2.08811702150958,0.429524795290346,-330.31769237312,0,1.12300000000005
"S2",500,1,2,0.5,740,0.605325900431475,2.09611955269208,0.377881353258723,-313.147558692353,0,1.10799999999995
"S2",500,1,2,0.5,741,0.972842306229085,1.97060836782157,0.499491083657199,-329.004280231346,0,1.13499999999999
"S2",500,1,2,0.5,742,0.847384669727062,1.97179759896128,0.469138096148142,-326.310233075705,0,1.08699999999999
"S2",500,1,2,0.5,743,5.92242351378341,1.86739795443535,0.897511893225433,-320.74195769952,0,1.0630000000001
"S2",500,1,2,0.5,744,0.95923142575445,2.11119355167817,0.489776988982817,-307.805828069356,0,1.09500000000003
"S2",500,1,2,0.5,745,0.952768900958045,2.00374457027407,0.489021291398709,-325.017717638204,0,1.05299999999988
"S2",500,1,2,0.5,746,0.49184007044975,2.14779205427861,0.302922108866458,-325.065402016001,0,1.1389999999999
"S2",500,1,2,0.5,747,1.35378211343074,1.90373994799188,0.570719539753231,-340.151366263231,0,1.01299999999992
"S2",500,1,2,0.5,748,1.20671308808027,2.04151617894684,0.534857565942704,-325.364140687844,0,1.07099999999991
"S2",500,1,2,0.5,749,1.48915007687318,1.99545356119191,0.617652711637509,-316.98058110242,0,1.05600000000004
"S2",500,1,2,0.5,750,2.42781133561029,1.86584113740304,0.712268483164878,-339.101036342299,0,1.0150000000001
"S2",500,1,2,0.5,751,1.57394880754866,1.99989868699457,0.654504443683344,-307.9875408197,0,1.02099999999996
"S2",500,1,2,0.5,752,2.62824485964884,1.85550843370519,0.925945052923339,-276.753258839009,0,0.998000000000047
"S2",500,1,2,0.5,753,1.25926251404901,1.92751030450071,0.562521169947247,-335.047591085995,0,0.939000000000078
"S2",500,1,2,0.5,754,0.592922037728041,2.11969541479862,0.340947128146418,-330.029333424134,0,1.10299999999984
"S2",500,1,2,0.5,755,0.302133508892193,2.14688441118984,0.220943121490862,-313.495720140875,0,1.221
"S2",500,1,2,0.5,756,1.49642473309921,2.01069998635051,0.605562337894197,-321.009536836997,0,1.12699999999995
"S2",500,1,2,0.5,757,3.77742193911186,1.86966827120666,0.804611366034647,-332.229261707027,0,1.173
"S2",500,1,2,0.5,758,0.633663940244451,2.15429114307523,0.446109332347911,-274.303081128494,0,1.18799999999987
"S2",500,1,2,0.5,759,1.59890127790102,1.86309146991086,0.57402428367669,-364.513972601603,0,0.988999999999805
"S2",500,1,2,0.5,760,0.632787519557247,2.06423115512363,0.36272389275853,-332.015532879449,0,1.13700000000017
"S2",500,1,2,0.5,761,1.03339721806602,1.90105259563378,0.531769563620072,-329.59254620437,0,0.989000000000033
"S2",500,1,2,0.5,762,0.920698698142853,2.00417748806293,0.52470777879141,-305.087271734651,0,0.990000000000009
"S2",500,1,2,0.5,763,0.698534877250138,2.0548994901931,0.390459125267865,-331.463411229616,0,1.06299999999987
"S2",500,1,2,0.5,764,2.3338461909268,1.90218151825656,0.728033831565532,-325.184863232346,0,1.13700000000017
"S2",500,1,2,0.5,765,0.948373815680677,1.95279639660557,0.415737927833616,-375.391591434519,0,0.988000000000056
"S2",500,1,2,0.5,766,0.609336294251284,2.05426800770201,0.398873054468688,-307.758365828044,0,1.01099999999997
"S2",500,1,2,0.5,767,1.69242671788057,1.89225612301541,0.662635816437681,-325.967463846674,0,1.10099999999989
"S2",500,1,2,0.5,768,1.54014268635091,1.92589811453342,0.607011345267135,-335.165439734812,0,1.04999999999995
"S2",500,1,2,0.5,769,1.20666000892992,1.97669518756245,0.534853583594163,-334.54051384145,0,0.975999999999885
"S2",500,1,2,0.5,770,0.730837578087626,2.09462476426784,0.376923162324989,-339.749762476109,0,1.03500000000008
"S2",500,1,2,0.5,771,0.68601115724163,2.02876858478097,0.419775812050962,-314.504239928434,0,1.18399999999997
"S2",500,1,2,0.5,772,0.124765700799025,2.2720038480712,0.106176721022378,-290.264641116699,0,1.25600000000009
"S2",500,1,2,0.5,773,1.4436609212392,1.95427412946012,0.601425187875182,-326.323256585619,0,1.05600000000004
"S2",500,1,2,0.5,774,1.33725102009382,1.89405632080064,0.607579431446473,-326.400209595304,0,1.02199999999993
"S2",500,1,2,0.5,775,2.41608278130081,1.90093844082614,0.709860787857926,-335.383556007168,0,1.08699999999999
"S2",500,1,2,0.5,776,0.651999515360329,2.22085830813584,0.356580289840346,-318.987003310641,0,1.13299999999981
"S2",500,1,2,0.5,777,0.903689618299939,2.07280834183945,0.45211637280691,-326.674545932946,0,1.14800000000014
"S2",500,1,2,0.5,778,0.567109252730197,2.04926885147103,0.350245153895957,-327.777021460846,0,1.09300000000007
"S2",500,1,2,0.5,779,1.87410494180376,1.86668110039137,0.607858481601649,-363.035298049494,0,1.03899999999999
"S2",500,1,2,0.5,780,1.09139365239574,2.02091296948885,0.504769585693536,-331.829894285178,0,1.00800000000004
"S2",500,1,2,0.5,781,4.74511892430426,1.78605797186878,0.885508403523006,-329.241364635746,0,1.15599999999995
"S2",500,1,2,0.5,782,0.573615362238996,2.1238098470122,0.371927722176477,-305.338782431867,0,1.07899999999995
"S2",500,1,2,0.5,783,1.11753843953107,1.92767992480764,0.566362186948052,-318.363817165963,0,1.03200000000015
"S2",500,1,2,0.5,784,2.09182528979846,1.97353924916476,0.804959669939338,-281.502654716417,0,1.07199999999989
"S2",500,1,2,0.5,785,1.28108657296238,1.88091133236845,0.542248839059414,-353.270150220171,0,1.07300000000009
"S2",500,1,2,0.5,786,1.03325511150754,1.90726008627862,0.51996594258133,-335.150147527265,0,1.077
"S2",500,1,2,0.5,787,1.59916118609419,1.9928045795138,0.632077048529585,-318.621214729119,0,1.03099999999995
"S2",500,1,2,0.5,788,1.15049568535068,2.09122331588808,0.549448403006838,-305.763016960809,0,1.10799999999995
"S2",500,1,2,0.5,789,0.792226373937123,1.95998585558231,0.431248087873331,-340.084003779917,0,1.05700000000002
"S2",500,1,2,0.5,790,0.387019459424688,2.19373226348026,0.254981982693592,-317.924864340567,0,1.12200000000007
"S2",500,1,2,0.5,791,1.74480950515135,1.88764228443389,0.670034884534559,-327.100616509722,0,1.04199999999992
"S2",500,1,2,0.5,792,0.979517587322286,2.10107755809731,0.440797388687793,-338.695904429747,0,1.05400000000009
"S2",500,1,2,0.5,793,1.25599749194906,2.00589097867779,0.573409661533005,-318.174897804257,0,1.08600000000001
"S2",500,1,2,0.5,794,0.119216456167068,2.30703423402818,0.0998679821975359,-289.196958665541,0,1.22399999999993
"S2",500,1,2,0.5,795,0.90865042681223,2.01258853142932,0.486720546661736,-318.694638286675,0,1.10699999999997
"S2",500,1,2,0.5,796,1.37012545186247,1.92309689610554,0.537185221295069,-354.333053138844,0,1.01600000000008
"S2",500,1,2,0.5,797,0.900910698737319,1.85161692024975,0.457270870215293,-360.199886573857,0,1.11200000000008
"S2",500,1,2,0.5,798,1.08917987666025,1.98828474339132,0.533492231616573,-323.829530583086,0,1.18399999999997
"S2",500,1,2,0.5,799,1.92472353145552,1.80347220245382,0.707567377531085,-334.605858446281,0,0.989000000000033
"S2",500,1,2,0.5,800,1.86325944944228,1.91971661663077,0.646251789243219,-336.329611969845,0,1.02500000000009
"S2",500,1,2,0.5,801,0.88996985471853,2.09336632713741,0.467082288675556,-312.979584061247,0,1.12300000000005
"S2",500,1,2,0.5,802,0.782610768189858,2.06634621542173,0.434938507434454,-317.609971103314,0,1.03399999999988
"S2",500,1,2,0.5,803,1.66525687499119,1.80024312242391,0.664817824340985,-337.935142317949,0,0.982999999999947
"S2",500,1,2,0.5,804,0.927444733644846,2.01686389993053,0.508883127048393,-309.175687239568,0,1.15200000000004
"S2",500,1,2,0.5,805,0.203293259193523,2.2578395702065,0.14200897327041,-323.537743670022,0,1.36400000000003
"S2",500,1,2,0.5,806,0.618153446563542,2.05539232224748,0.390298273728932,-314.255504814343,0,1.0809999999999
"S2",500,1,2,0.5,807,0.295278445649024,2.1871295716939,0.211216845289346,-315.789844472858,0,1.08400000000006
"S2",500,1,2,0.5,808,0.896718357959099,1.99099063504768,0.497486477101651,-315.621576611562,0,1.02999999999997
"S2",500,1,2,0.5,809,24.1739369815734,1.76302845408861,0.994429184806201,-334.325293372445,0,1.53800000000001
"S2",500,1,2,0.5,810,0.622769847766077,2.01906942197433,0.35964676551034,-338.428448908835,0,1.32399999999984
"S2",500,1,2,0.5,811,0.87677958329544,2.00794805809015,0.475655777147737,-320.390594178638,0,1.08699999999999
"S2",500,1,2,0.5,812,1.5717802555463,1.8412936280591,0.665345103687102,-325.574829836397,0,1.12900000000013
"S2",500,1,2,0.5,813,1.37129539563193,1.97897282971101,0.546768099114278,-342.512880393307,0,0.970000000000027
"S2",500,1,2,0.5,814,1.4125903946615,1.99780601714668,0.552359464942381,-338.810032537522,0,1.08699999999999
"S2",500,1,2,0.5,815,0.57046919691025,2.15624433430693,0.367034770896866,-303.220217044338,0,1.09899999999993
"S2",500,1,2,0.5,816,0.814835107577048,1.97732306081167,0.474974168338806,-315.578592086324,0,1.09299999999985
"S2",500,1,2,0.5,817,1.5234905318974,1.86528011357629,0.59346043558688,-350.265019383341,0,0.922000000000025
"S2",500,1,2,0.5,818,0.611196815116363,2.18093081712007,0.366387479298788,-309.295738206361,0,1.18299999999999
"S2",500,1,2,0.5,819,2.21047886833302,1.79421094604986,0.736931010745783,-334.623835477695,0,1.0139999999999
"S2",500,1,2,0.5,820,1.68016613015246,1.83610232162885,0.677193806114804,-327.985181352075,0,1.05500000000006
"S2",500,1,2,0.5,821,0.811271136258939,1.96944508415696,0.406823437512995,-356.698963672237,0,1.04499999999985
"S2",500,1,2,0.5,822,0.452852784938677,2.11250233988229,0.310986282191181,-311.96766559421,0,1.096
"S2",500,1,2,0.5,823,1.56750700871615,1.91489920364539,0.648926718052386,-323.221536758003,0,1.0329999999999
"S2",500,1,2,0.5,824,0.553290186632855,2.1027885097603,0.336988928736223,-326.316839576543,0,1.11900000000014
"S2",500,1,2,0.5,825,0.874927327679118,2.20458784164851,0.461315273563215,-298.440543281123,0,1.14899999999989
"S2",500,1,2,0.5,826,0.281518782681317,2.12903369582375,0.216936480277,-310.223654356699,0,1.14599999999996
"S2",500,1,2,0.5,827,1.79504800678482,1.83695575431465,0.623359510706002,-356.789750322984,0,0.984000000000151
"S2",500,1,2,0.5,828,0.568214749877088,2.10241369276637,0.344190904959658,-324.715351151144,0,1.06700000000001
"S2",500,1,2,0.5,829,1.71820149071237,1.93108986295793,0.64888920481086,-327.316548557127,0,1.00299999999993
"S2",500,1,2,0.5,830,1.75799411338663,1.84087083918917,0.691129041625653,-326.254326163379,0,1.10900000000015
"S2",500,1,2,0.5,831,0.727244801875253,1.97108924177867,0.387036512945375,-350.120158630939,0,1.12899999999991
"S2",500,1,2,0.5,832,0.599936008213701,2.04950044080495,0.32309920857585,-355.431392988358,0,1.14800000000014
"S2",500,1,2,0.5,833,2.00752403707247,1.84210277455615,0.742646314855563,-317.840568359918,0,1.25199999999995
"S2",500,1,2,0.5,834,1.72963608223754,1.86322237119074,0.666264329555414,-331.254346417164,0,1.03600000000006
"S2",500,1,2,0.5,835,1.00737898048446,2.08168964169138,0.498960055937669,-314.9214502908,0,0.941000000000031
"S2",500,1,2,0.5,836,1.09863264066583,2.06000491881515,0.530265632907033,-313.122474425731,0,1.02999999999997
"S2",500,1,2,0.5,837,1.63646592209318,1.89465570803172,0.640849019594915,-332.359524733884,0,1.03199999999993
"S2",500,1,2,0.5,838,0.283588150993952,2.18026900538518,0.214730923626311,-304.109373002202,0,1.14099999999985
"S2",500,1,2,0.5,839,2.24403287778017,1.80936582795996,0.739574603756957,-334.203249037133,0,0.981999999999971
"S2",500,1,2,0.5,840,0.777933147121618,1.99173290284754,0.438707323146183,-329.283154699041,0,1.05199999999991
"S2",500,1,2,0.5,841,0.724080016750811,1.93809374328635,0.371417991945861,-367.134138498866,0,1.10899999999992
"S2",500,1,2,0.5,842,1.56859679996582,1.92232636250005,0.631463520307171,-328.648979461645,0,1.1880000000001
"S2",500,1,2,0.5,843,1.10166839924016,2.12238530443126,0.530815423678088,-304.184786896427,0,1.00900000000001
"S2",500,1,2,0.5,844,1.47190359850375,1.85745811233407,0.593190931991757,-349.026376341659,0,1.03300000000013
"S2",500,1,2,0.5,845,1.65248449258864,2.05772054550054,0.605754478202575,-320.57403920542,0,1.02999999999997
"S2",500,1,2,0.5,846,0.959900320582767,1.93403583212811,0.516393341414754,-322.555649259181,0,1.11099999999988
"S2",500,1,2,0.5,847,4.73251736546212,1.81660263771189,0.926548132105563,-312.314645176736,0,1.1400000000001
"S2",500,1,2,0.5,848,0.355600969936191,2.26612024659029,0.224541544751269,-322.151716724806,0,1.1690000000001
"S2",500,1,2,0.5,849,0.632008003999785,2.02287750797452,0.359023569726975,-342.80156038298,0,1.11300000000006
"S2",500,1,2,0.5,850,0.730372447434287,2.00017697909586,0.431345408619709,-321.457572877162,0,1.096
"S2",500,1,2,0.5,851,2.72984575323628,1.79421206069536,0.7912619427815,-331.879896051002,0,0.978000000000065
"S2",500,1,2,0.5,852,0.321058431870127,2.09474797611117,0.200430908579732,-356.807442199551,0,1.2349999999999
"S2",500,1,2,0.5,853,1.36355101894572,1.90603175394289,0.580151457891867,-338.165881535773,0,1.1880000000001
"S2",500,1,2,0.5,854,4.35403187150626,1.70556255598235,0.832289321360055,-358.749486957621,0,1.07999999999993
"S2",500,1,2,0.5,855,1.45784368418255,1.8701907551527,0.5776385892277,-351.600937189946,0,1.05199999999991
"S2",500,1,2,0.5,856,1.02906958769158,1.98343762540734,0.456110119287685,-356.608699125654,0,1.02800000000002
"S2",500,1,2,0.5,857,1.08408676108097,1.97471396059044,0.506147393627927,-336.949536567777,0,1.10500000000002
"S2",500,1,2,0.5,858,1.24568963863581,1.96436270407347,0.580428709007587,-320.442273527907,0,1.0329999999999
"S2",500,1,2,0.5,859,0.444954401579432,2.14521278223368,0.308469390164727,-307.053938369133,0,1.13499999999999
"S2",500,1,2,0.5,860,1.3549104091503,1.94860074073292,0.571736124225224,-333.772248885925,0,1.0619999999999
"S2",500,1,2,0.5,861,0.896041823371964,2.07994316683549,0.537134873886629,-285.539118266755,0,1.04600000000005
"S2",500,1,2,0.5,862,0.897813154492444,1.99846603701791,0.496406047436333,-314.246761228644,0,0.972999999999956
"S2",500,1,2,0.5,863,0.428335972334139,2.05827130235633,0.269126549126542,-344.65791029872,0,1.09500000000003
"S2",500,1,2,0.5,864,1.45849980737927,1.96206535930477,0.635476964848151,-312.844447416831,0,1.01999999999998
"S2",500,1,2,0.5,865,1.49003630113685,1.91277874396461,0.647734510022199,-316.444869402709,0,0.979999999999791
"S2",500,1,2,0.5,866,0.599466618986527,2.11369090490741,0.403110166121143,-294.467442075058,0,1.09299999999985
"S2",500,1,2,0.5,867,0.565317138563032,2.17237304202666,0.352543810111621,-308.565184528946,0,1.08300000000008
"S2",500,1,2,0.5,868,0.461136679351408,2.22909322501483,0.329909984090717,-281.345008230617,0,1.14699999999993
"S2",500,1,2,0.5,869,0.769189401039344,1.99379107489469,0.433122653288019,-328.797888214026,0,1.08800000000019
"S2",500,1,2,0.5,870,0.678180317837452,2.31571892533019,0.378105893129941,-296.520634025042,0,1.17499999999995
"S2",500,1,2,0.5,871,2.52725848205369,1.91525252221365,0.708404865006339,-335.822928793912,0,1.20800000000008
"S2",500,1,2,0.5,872,0.968787574296039,2.01644049836564,0.497085153619398,-321.74185943082,0,1.11299999999983
"S2",500,1,2,0.5,873,0.827560718816674,1.9712278580491,0.450501469645118,-331.824644684015,0,1.01699999999983
"S2",500,1,2,0.5,874,0.578341328425139,2.10399853136613,0.406951635728996,-285.056011453023,0,1.08800000000019
"S2",500,1,2,0.5,875,2.02711263871823,1.82014433651653,0.705253601621309,-334.887414657183,0,1.07199999999989
"S2",500,1,2,0.5,876,9998.32492722176,1.67872941471511,1.13589957169873,-318.646408918071,0,2.53200000000015
"S2",500,1,2,0.5,877,1.17772666876912,1.9416401251744,0.503530209333459,-355.142377951664,0,1.10400000000004
"S2",500,1,2,0.5,878,0.598911380506774,2.18114838556704,0.360208670582238,-309.588164956795,0,1.15599999999995
"S2",500,1,2,0.5,879,1.31502734440721,2.00948743185115,0.57730652043157,-318.009213756383,0,1.13599999999997
"S2",500,1,2,0.5,880,0.774661176415189,2.083007518808,0.439869604851602,-313.600036923257,0,1.048
"S2",500,1,2,0.5,881,0.769363966145408,2.03715842454107,0.418547775917034,-330.992442131422,0,1.08100000000013
"S2",500,1,2,0.5,882,1.30256810971333,1.92325746382714,0.605453308088958,-319.148270687636,0,0.999000000000024
"S2",500,1,2,0.5,883,0.717765713364728,1.97553087847905,0.424061075876428,-326.271164400777,0,1.16100000000006
"S2",500,1,2,0.5,884,0.725885161304312,1.9697164333155,0.452631815550813,-314.790298398498,0,1.12699999999995
"S2",500,1,2,0.5,885,0.942446406213196,1.91874455362127,0.482437263894403,-341.28415795096,0,1.06600000000003
"S2",500,1,2,0.5,886,0.462733460028259,2.24013374135463,0.316986124714781,-292.838532941223,0,1.21499999999992
"S2",500,1,2,0.5,887,2.00743797358997,1.81273181679678,0.653829351304961,-359.633763102783,0,1.20600000000013
"S2",500,1,2,0.5,888,0.527689827862518,2.15213421023776,0.326663330999934,-321.545232875752,0,1.15499999999997
"S2",500,1,2,0.5,889,3.74042857680645,1.92520405367315,0.788360643155504,-327.586416665693,0,1.05799999999999
"S2",500,1,2,0.5,890,0.890489658856417,1.96618501459219,0.509637619570785,-313.64883356129,0,1.173
"S2",500,1,2,0.5,891,0.92774002319133,1.96212011999008,0.475043734388773,-333.754658874951,0,1.173
"S2",500,1,2,0.5,892,0.538331314550613,2.10431577983036,0.351906527754429,-308.660177535035,0,1.13400000000001
"S2",500,1,2,0.5,893,1.19012561765654,2.07597479375204,0.601845821900929,-288.557610730075,0,1.04700000000003
"S2",500,1,2,0.5,894,1.01687884437468,1.90458317544117,0.524327871076269,-331.507618725743,0,0.997000000000071
"S2",500,1,2,0.5,895,1.17801565619714,2.07149590184722,0.546288618268794,-311.908485410104,0,1.04600000000005
"S2",500,1,2,0.5,896,0.408179533748421,2.18393336993425,0.297739974616608,-293.896861076433,0,1.15300000000002
"S2",500,1,2,0.5,897,0.61431695281109,2.01371481259857,0.384058164903405,-321.242089685183,0,1.16000000000008
"S2",500,1,2,0.5,898,3.76978675043878,1.95937189559541,0.894137285706585,-290.398710410742,0,1.0809999999999
"S2",500,1,2,0.5,899,0.745960555976888,2.1778036461585,0.397390891110023,-318.973187812298,0,1.03500000000008
"S2",500,1,2,0.5,900,0.443379575352189,1.96595681030874,0.276664118010058,-357.117977799388,0,1.04200000000014
"S2",500,1,2,0.5,901,3.10523371687037,1.75654088668949,0.833351225732434,-330.835280329537,0,0.9699999999998
"S2",500,1,2,0.5,902,0.4109416013523,2.24860753273337,0.252815525345106,-323.266940024221,0,1.01199999999994
"S2",500,1,2,0.5,903,1.965182686269,2.04101528592404,0.6902161035294,-304.898082701731,0,0.974999999999909
"S2",500,1,2,0.5,904,1.38603389399181,1.9308616859255,0.684000877515031,-292.805373161063,0,1.096
"S2",500,1,2,0.5,905,1.25012402223024,1.97741393679708,0.560571655716878,-327.146383002244,0,1.10099999999989
"S2",500,1,2,0.5,906,1.15669980162849,2.02336399170985,0.585351253616812,-299.751752717218,0,1.31200000000013
"S2",500,1,2,0.5,907,0.669152570431146,2.00820019884125,0.414413356329085,-318.827636439812,0,1.03899999999999
"S2",500,1,2,0.5,908,0.857560268396675,2.05220683188093,0.463378543242693,-317.769197026413,0,1.05500000000006
"S2",500,1,2,0.5,909,2.72436905640996,1.88255851585264,0.774938649683688,-322.96127691093,0,1.14499999999998
"S2",500,1,2,0.5,910,0.631236366493032,1.97331568058676,0.382415809650636,-335.270468424427,0,1.07899999999995
"S2",500,1,2,0.5,911,1.06826131234488,1.96674555488014,0.495765096367465,-341.671081447715,0,1.02999999999997
"S2",500,1,2,0.5,912,1.30186021262972,1.99810848243891,0.591597322917534,-313.032457551116,0,0.95699999999988
"S2",500,1,2,0.5,913,1.17716185856232,1.97095882109995,0.584965602309503,-311.073917464356,0,1.03899999999999
"S2",500,1,2,0.5,914,0.621712964237325,1.93976453961493,0.37417143236557,-342.352026439419,0,1.16199999999981
"S2",500,1,2,0.5,915,1.20154359398435,2.06752834983008,0.595554473287813,-293.927712908568,0,1.05500000000006
"S2",500,1,2,0.5,916,1.24060089887396,2.05620188416244,0.568074275953611,-311.226973838722,0,1.0630000000001
"S2",500,1,2,0.5,917,1.78494792989273,1.74631322261371,0.683509901881689,-345.304978488344,0,0.980999999999995
"S2",500,1,2,0.5,918,0.841168265940621,1.90929717833792,0.460228079563013,-339.387095357606,0,1.01900000000001
"S2",500,1,2,0.5,919,0.874371473998662,2.15947280462792,0.503990960489575,-286.74538549088,0,1.02400000000011
"S2",500,1,2,0.5,920,1.82125541217435,1.86440753730302,0.655965873068075,-339.896330189352,0,0.926999999999907
"S2",500,1,2,0.5,921,1.26276233415257,1.98187040687211,0.552039489437696,-330.436899655079,0,0.942000000000007
"S2",500,1,2,0.5,922,0.938514248995121,1.99553410492006,0.487480567707775,-324.910092022997,0,1.06400000000008
"S2",500,1,2,0.5,923,1.29626369096437,2.01485223078793,0.536142363243766,-336.590890206876,0,1.00500000000011
"S2",500,1,2,0.5,924,0.907615473917776,2.04941615170561,0.484813248950858,-313.389705497164,0,1.14599999999996
"S2",500,1,2,0.5,925,1.74583127345593,1.85335771932018,0.617148056963855,-354.261831565523,0,1.14599999999996
"S2",500,1,2,0.5,926,0.543359721823355,2.16999093231103,0.338077412908474,-312.779345940104,0,1.1110000000001
"S2",500,1,2,0.5,927,2.39468067141478,1.88297320129817,0.687974683358949,-346.329320044677,0,1.04600000000005
"S2",500,1,2,0.5,928,1.36973037462755,1.97649832980943,0.556963188919433,-336.272523116833,0,1.08400000000006
"S2",500,1,2,0.5,929,0.758816840034762,2.08924517783235,0.439993698840349,-309.825958589959,0,1.08799999999997
"S2",500,1,2,0.5,930,0.80432435410279,1.92218424124693,0.430661368141514,-348.335409047158,0,1.01700000000005
"S2",500,1,2,0.5,931,9999.99208866956,1.74956236901606,1.07148566333437,-323.673806194446,0,1.77800000000002
"S2",500,1,2,0.5,932,0.978221688082139,1.91176862700886,0.494302864799511,-340.441901573433,0,1.11500000000001
"S2",500,1,2,0.5,933,1.41346752695382,1.99715209432083,0.590982695594111,-322.132522557229,0,1.00999999999999
"S2",500,1,2,0.5,934,0.398580671208045,2.10782056402728,0.279306400811601,-314.926089211401,0,1.11699999999996
"S2",500,1,2,0.5,935,0.308397332170725,2.19313415571137,0.223871836132937,-309.179046086206,0,1.19700000000012
"S2",500,1,2,0.5,936,0.532970222091243,2.03980082947361,0.339321411478416,-327.06719914409,0,1.04399999999987
"S2",500,1,2,0.5,937,1.01559349522149,2.01610824269488,0.454115269685529,-350.051457590285,0,1.00499999999988
"S2",500,1,2,0.5,938,0.883428014189542,2.01840033468924,0.476976213673847,-321.378101096578,0,1.03800000000001
"S2",500,1,2,0.5,939,1.37754461571797,1.9598180252361,0.574171313316857,-332.943731535396,0,1.01600000000008
"S2",500,1,2,0.5,940,0.786248341159449,2.05141573402356,0.395128718157776,-346.691707971877,0,1.01700000000005
"S2",500,1,2,0.5,941,1.12007915494707,1.97529461873394,0.531979865549417,-328.744775856972,0,1.10799999999995
"S2",500,1,2,0.5,942,1.64942469457811,1.88589868138894,0.601764189736684,-350.743912076075,0,1.05999999999995
"S2",500,1,2,0.5,943,1.20821064426492,2.04841753309081,0.598438877297567,-296.469027994111,0,1.03100000000018
"S2",500,1,2,0.5,944,0.524793214533027,2.15589917656288,0.375125204438324,-285.014391836673,0,1.11199999999985
"S2",500,1,2,0.5,945,0.929023184155352,1.97837803262293,0.487724508467869,-327.586794247117,0,1.16999999999985
"S2",500,1,2,0.5,946,1.15092051200863,2.0595562600993,0.511595339457009,-327.402407946495,0,1.048
"S2",500,1,2,0.5,947,1.58206087218681,2.01646749997687,0.585112630642994,-331.570006098707,0,1.05400000000009
"S2",500,1,2,0.5,948,0.844083684200391,2.05558675412309,0.441764750441173,-328.825101153485,0,0.961000000000013
"S2",500,1,2,0.5,949,0.969443261218691,2.0263987353616,0.457822861966759,-339.29463798001,0,1.00999999999999
"S2",500,1,2,0.5,950,0.707097301634843,2.05227478383108,0.390744456748271,-334.131298479284,0,1.03400000000011
"S2",500,1,2,0.5,951,0.370116515116044,2.18021977086909,0.240340726959956,-328.697067598308,0,1.13100000000009
"S2",500,1,2,0.5,952,0.367306746120808,2.13308153471651,0.232476424525097,-340.71980997095,0,1.14899999999989
"S2",500,1,2,0.5,953,2.65910762280994,1.84524198602126,0.849764609884417,-301.257456476816,0,0.992999999999938
"S2",500,1,2,0.5,954,1.50726593255317,1.86370389199935,0.637373220122245,-330.164644426669,0,1.05700000000002
"S2",500,1,2,0.5,955,1.17400691890102,1.95240284196432,0.558628609460048,-324.099235998428,0,1.11500000000001
"S2",500,1,2,0.5,956,1.85232290172477,1.86557920382994,0.62414837835123,-355.301407095676,0,1.00900000000001
"S2",500,1,2,0.5,957,0.992226726371433,2.02377397669381,0.51124657525929,-315.883356569141,0,1.10799999999995
"S2",500,1,2,0.5,958,1.63703535639287,1.8134690602217,0.619787895191114,-353.710232690142,0,0.988000000000056
"S2",500,1,2,0.5,959,2.44175686235741,1.92600975973116,0.749647194397429,-318.586891317201,0,0.980999999999995
"S2",500,1,2,0.5,960,1.62795977840162,1.94504840284609,0.687003008646138,-305.43465198601,0,1.02600000000007
"S2",500,1,2,0.5,961,0.741846452789465,1.95071615673095,0.412904798881962,-341.813107659515,0,1.03700000000003
"S2",500,1,2,0.5,962,1.10511032325046,2.06427564882556,0.512861665298873,-321.302998957207,0,1.0139999999999
"S2",500,1,2,0.5,963,1.29693239908235,1.97043414584571,0.585487712099636,-321.594218705063,0,1.01300000000015
"S2",500,1,2,0.5,964,0.848903130591728,1.98909983727691,0.442426268487154,-338.366904108078,0,1.09299999999985
"S2",500,1,2,0.5,965,1.66224331057072,1.98583325506997,0.632919536996301,-319.928070446561,0,1.04700000000003
"S2",500,1,2,0.5,966,2.31880026818544,1.94046267512574,0.672335865009142,-338.4442555212,0,1.125
"S2",500,1,2,0.5,967,0.464675785502376,2.1329663848865,0.323912319932134,-303.965175467694,0,1.11399999999981
"S2",500,1,2,0.5,968,0.837545501447401,2.04093217947719,0.446514836333098,-325.102688681331,0,1.06099999999992
"S2",500,1,2,0.5,969,2.42065387154952,1.88434406185656,0.731085993255701,-331.095458224911,0,1.08300000000008
"S2",500,1,2,0.5,970,0.634780992343206,2.19950504728487,0.391165743432068,-298.720407467039,0,1.06999999999994
"S2",500,1,2,0.5,971,0.90742252123493,1.84276854230266,0.470319982758074,-354.712402284989,0,1.04300000000012
"S2",500,1,2,0.5,972,2.84584005640621,1.75358598792508,0.713201265787088,-370.068208719022,0,1.02099999999996
"S2",500,1,2,0.5,973,1.12520876109326,1.91697153359966,0.557891733281664,-325.254892878365,0,1.07199999999989
"S2",500,1,2,0.5,974,1.52276327287442,1.97804659599107,0.643750833792627,-310.705332795946,0,0.973999999999933
"S2",500,1,2,0.5,975,2.48700358422013,1.90841507011166,0.784012039691873,-309.594524286241,0,0.97199999999998
"S2",500,1,2,0.5,976,0.543203980595989,2.21191265113128,0.332207314601667,-310.76633015493,0,1.0920000000001
"S2",500,1,2,0.5,977,0.808459210405794,2.02950857049147,0.43113289243339,-330.471812041489,0,0.970000000000027
"S2",500,1,2,0.5,978,0.951337708673058,2.07883601513392,0.4707215545568,-323.257847768362,0,1.03099999999995
"S2",500,1,2,0.5,979,1.15521337483723,1.93416143230706,0.547023169664472,-331.346947142578,0,0.930000000000064
"S2",500,1,2,0.5,980,1.02078654638856,1.91464808269158,0.495144075764399,-344.517642097188,0,1.0150000000001
"S2",500,1,2,0.5,981,3.44506817548186,1.79921494020495,0.857851922503645,-321.659635575607,0,1.01800000000003
"S2",500,1,2,0.5,982,0.416459057841302,2.10162945496965,0.28052477189193,-323.697180743414,0,1.08199999999988
"S2",500,1,2,0.5,983,0.67204042501298,1.98931500342811,0.414522587141771,-320.865002063499,0,1.07799999999997
"S2",500,1,2,0.5,984,2.6209980907733,1.82071340993962,0.719384905197272,-350.072206229,0,1.1110000000001
"S2",500,1,2,0.5,985,0.71135967692917,1.9642926978989,0.399347534886172,-343.089878636726,0,1.12100000000009
"S2",500,1,2,0.5,986,2.26177200868803,1.92846833305793,0.657920667935402,-345.4232088211,0,1.05399999999986
"S2",500,1,2,0.5,987,3.60353344641404,1.85667121192199,0.819675248811823,-327.241228774848,0,1.16799999999989
"S2",500,1,2,0.5,988,1.7998551823868,1.91263745467488,0.646357549316016,-335.122684052026,0,1.10400000000004
"S2",500,1,2,0.5,989,0.981509117249357,2.09440491350496,0.453301570771046,-334.138844642909,0,1.14900000000011
"S2",500,1,2,0.5,990,1.22492243493029,2.02039186694081,0.586184082722537,-307.101749806034,0,1.14499999999998
"S2",500,1,2,0.5,991,2.70171684800318,1.8712278023453,0.720428582725349,-343.374190419052,0,1.15999999999985
"S2",500,1,2,0.5,992,2.28505712774264,1.96735391923943,0.75834201623771,-304.642345117124,0,1.04099999999994
"S2",500,1,2,0.5,993,1.17342599346572,2.04643180448244,0.58214378625396,-300.191781287657,0,1.05799999999999
"S2",500,1,2,0.5,994,1.14859672812709,1.96786134748383,0.519985757080924,-338.359620710361,0,0.964999999999918
"S2",500,1,2,0.5,995,0.345920635945725,2.10500404833908,0.248729976389917,-317.410953710036,0,1.20799999999986
"S2",500,1,2,0.5,996,1.09777486252723,1.95325167685621,0.495295753721461,-347.673982392191,0,1.03099999999995
"S2",500,1,2,0.5,997,0.82229033548618,2.10323710776262,0.427481925256201,-323.240935520023,0,1.07199999999989
"S2",500,1,2,0.5,998,0.596931865820053,2.15015349998586,0.352904386887075,-319.009267579452,0,1.1400000000001
"S2",500,1,2,0.5,999,10.4088285991512,1.85745396026757,0.99543679920308,-307.257052407143,0,1.36500000000001
"S2",500,1,2,0.5,1000,1.28047131417184,1.96858294065123,0.559047222144581,-332.300796129152,0,1.03399999999988
