"scenario","n","alpha_true","beta_true","lambda_true","replication","alpha_hat","beta_hat","lambda_hat","logLik","convergence","seconds"
"S2",100,1,2,0.5,1,9999.23770966292,1.80822182442486,1.10880494746296,-60.8209468909194,0,1.16000000000008
"S2",100,1,2,0.5,2,0.291760186050806,2.36755728554562,0.204742175570626,-59.6934255649082,0,0.59699999999998
"S2",100,1,2,0.5,3,0.850875332066681,2.10614649390193,0.567115541125872,-52.8962223312757,0,0.508000000000038
"S2",100,1,2,0.5,4,9999.95503771751,1.7493423037016,1.04873539312093,-66.0157451746657,0,1.00999999999999
"S2",100,1,2,0.5,5,4.30387835719064,1.73726685917379,0.9205433323001,-64.6912767888739,0,0.481999999999971
"S2",100,1,2,0.5,6,0.876968688790382,2.12543426853401,0.466527658354648,-62.4851595695718,0,0.524000000000115
"S2",100,1,2,0.5,7,2.01905004234699,2.11507985144359,0.749555720495607,-55.4864653449957,0,0.477000000000089
"S2",100,1,2,0.5,8,0.09021370465904,2.31613504883004,0.0771654302836896,-58.1545973891554,0,0.605999999999995
"S2",100,1,2,0.5,9,0.516324017652005,2.28933150924073,0.44517983549708,-46.077518293324,0,0.502999999999929
"S2",100,1,2,0.5,10,0.722380248015825,2.17629428174107,0.374517139711117,-65.6933779917708,0,0.462999999999965
"S2",100,1,2,0.5,11,0.602237751873151,2.34090863579649,0.364686149695403,-57.4459594983947,0,0.614000000000033
"S2",100,1,2,0.5,12,0.331787910246987,2.10306990676741,0.254948286799267,-60.7641148046552,0,0.536000000000058
"S2",100,1,2,0.5,13,1.29057644790149,1.94789567846373,0.549476528869811,-68.1293640157823,0,0.483000000000175
"S2",100,1,2,0.5,14,21.6516791936911,1.66098325715735,0.978230903716511,-71.7640045538414,0,0.592999999999847
"S2",100,1,2,0.5,15,1.99620652703028,2.00449357793379,0.607593637889986,-68.3530778557632,0,0.458000000000084
"S2",100,1,2,0.5,16,0.659396589259123,2.11032257702974,0.371060514800834,-65.8722257325986,0,0.477000000000089
"S2",100,1,2,0.5,17,0.253465124090029,2.179239605017,0.213801095046446,-58.0929924136478,0,0.489000000000033
"S2",100,1,2,0.5,18,9999.9159091664,1.50490536700226,1.06733235783408,-74.3335787943302,0,0.889999999999873
"S2",100,1,2,0.5,19,0.4780887750828,2.08899804274174,0.254395595093723,-75.5573440631963,0,0.517000000000053
"S2",100,1,2,0.5,20,3.7856471507327,1.87132005842909,0.969679620033258,-56.785374476109,0,0.491999999999962
"S2",100,1,2,0.5,21,6.17033304732019,1.75822037126791,0.95235751497062,-64.5907685495171,0,0.548999999999978
"S2",100,1,2,0.5,22,4.00680270044785,1.85017311594528,0.887313766231034,-62.6089317112728,0,0.52599999999984
"S2",100,1,2,0.5,23,9999.95650560911,1.77938803430832,1.13335898521659,-61.0563999763972,0,1.06400000000008
"S2",100,1,2,0.5,24,4.8714713207348,1.68658967200275,0.864065924862726,-70.4366929214723,0,0.552000000000135
"S2",100,1,2,0.5,25,1.13527570198991,2.36667757430345,0.610122387722127,-49.0174003425533,0,0.492999999999938
"S2",100,1,2,0.5,26,0.901757879281874,2.45722978804243,0.381462540919,-61.3133158926832,0,0.464999999999918
"S2",100,1,2,0.5,27,1.30710036371366,2.01272452851596,0.508876022166993,-70.4302499258424,0,0.494000000000142
"S2",100,1,2,0.5,28,1.27416944771636,1.66938422717145,0.567515266911373,-75.0586506111983,0,0.594000000000051
"S2",100,1,2,0.5,29,1.63797422740088,2.1060277463998,0.646349750504936,-59.5736989272688,0,0.505999999999858
"S2",100,1,2,0.5,30,0.342680763934165,2.08748930668513,0.223254723497592,-69.1973200408167,0,0.524999999999864
"S2",100,1,2,0.5,31,9999.31544081835,1.43137961671121,1.16309302572269,-71.1267177161364,0,1.00900000000001
"S2",100,1,2,0.5,32,12.8550279739656,1.81388415363581,0.958635600995864,-65.5883576540497,0,0.55600000000004
"S2",100,1,2,0.5,33,0.578527233265928,2.3842393316159,0.416475252545548,-49.3766799724327,0,0.471000000000004
"S2",100,1,2,0.5,34,0.343400207909726,2.12429896172414,0.248701422683173,-63.1448340590989,0,0.480000000000018
"S2",100,1,2,0.5,35,0.585183888131635,2.17960953132503,0.392878252491114,-57.7049143819049,0,0.467000000000098
"S2",100,1,2,0.5,36,0.585979926164972,2.29627552781423,0.358348206784207,-58.8450307156241,0,0.470000000000027
"S2",100,1,2,0.5,37,2.75552949062579,1.74536963062523,0.93416744435177,-58.3567719357295,0,0.494999999999891
"S2",100,1,2,0.5,38,4.19456245514004,1.83528330531719,0.987115416499016,-57.5565941905719,0,0.479000000000042
"S2",100,1,2,0.5,39,1.32003019056696,1.84244674127076,0.653513754110718,-62.5558497336802,0,0.454000000000178
"S2",100,1,2,0.5,40,0.375443053224761,2.26210395757726,0.258487670491117,-60.033883381758,0,0.599999999999909
"S2",100,1,2,0.5,41,0.691514349946667,1.89591616858121,0.391569302750767,-70.9755172140963,0,0.538000000000011
"S2",100,1,2,0.5,42,9999.87457868772,1.77289141544613,1.12792826062821,-60.8886918344614,0,0.939000000000078
"S2",100,1,2,0.5,43,2.10317626927306,1.99872130852257,0.85291395062862,-52.8439404624866,0,0.557000000000016
"S2",100,1,2,0.5,44,19.2362549791768,1.84508397489154,0.757449751154886,-78.2890952972785,0,0.619999999999891
"S2",100,1,2,0.5,45,0.368282741179798,2.20292374168882,0.239863757863025,-64.6700600249926,0,0.544000000000096
"S2",100,1,2,0.5,46,0.400499925705672,1.8914745226061,0.284455098301505,-68.9113643874289,0,0.599999999999909
"S2",100,1,2,0.5,47,2.56873029998786,2.07282487959416,0.761699972925873,-58.5697609966201,0,0.482999999999947
"S2",100,1,2,0.5,48,0.630644896182366,2.00017289601677,0.399350547441992,-63.981011130254,0,0.473999999999933
"S2",100,1,2,0.5,49,0.584356458225226,1.81799606606735,0.337545809233736,-75.9652148107141,0,0.478000000000065
"S2",100,1,2,0.5,50,0.526749760784162,1.88455580472942,0.41116412755914,-59.8579934728307,0,0.500999999999976
"S2",100,1,2,0.5,51,1.11049097034458,1.71417181585825,0.48787849611534,-78.9806135381438,0,0.469000000000051
"S2",100,1,2,0.5,52,0.225564917209997,2.25237106945797,0.215108370067247,-51.7547822438562,0,0.528999999999996
"S2",100,1,2,0.5,53,0.695228893010259,1.92580472618702,0.464737862937534,-61.3687958002862,0,0.518000000000029
"S2",100,1,2,0.5,54,1.26601806700854,1.73280670305775,0.577597268377861,-72.0905576715434,0,0.449000000000069
"S2",100,1,2,0.5,55,0.237825892053562,2.31412774533224,0.226428637308583,-50.2087912905522,0,0.525000000000091
"S2",100,1,2,0.5,56,0.577947974209848,2.02442421747274,0.336521270954236,-68.7389897532971,0,0.511999999999944
"S2",100,1,2,0.5,57,2.65317433038446,1.93459761938744,0.716215843101728,-66.4610015254359,0,0.536000000000058
"S2",100,1,2,0.5,58,2.2920763406918,1.8388610489903,0.875900457682775,-56.827953308574,0,0.452999999999975
"S2",100,1,2,0.5,59,0.299357260555422,2.1517565684311,0.244901060986311,-58.1456822092753,0,0.552000000000135
"S2",100,1,2,0.5,60,0.691209513411389,2.10958722536307,0.37678657972466,-66.6439766756436,0,0.476999999999862
"S2",100,1,2,0.5,61,1.27308870668175,1.93345230886547,0.570476505545418,-65.7964191557899,0,0.442000000000007
"S2",100,1,2,0.5,62,1.87816946162404,1.92490160384011,0.507420841130384,-80.2672039433746,0,0.437999999999874
"S2",100,1,2,0.5,63,0.332249493364002,2.32281592805654,0.246075831338007,-56.5150423480504,0,0.514000000000124
"S2",100,1,2,0.5,64,1.94668384649384,2.13506399990752,0.629616140427749,-62.4564339093567,0,0.444999999999936
"S2",100,1,2,0.5,65,9999.89526564607,1.63110346698631,1.05400043937475,-70.049208127144,0,0.865999999999985
"S2",100,1,2,0.5,66,9999.96749908603,1.55821772965093,1.05184185332732,-74.1379019334339,0,0.844000000000051
"S2",100,1,2,0.5,67,0.393158866180362,1.99894905327114,0.244972654826647,-72.0708554600973,0,0.533000000000129
"S2",100,1,2,0.5,68,0.441007913131821,2.22820589952559,0.356973767183833,-51.9032391598245,0,0.504999999999882
"S2",100,1,2,0.5,69,0.359144773489105,2.09172991979112,0.256436301029027,-64.3978839915852,0,0.598000000000184
"S2",100,1,2,0.5,70,9999.86795041913,1.77166745555805,1.23766744908616,-56.9057982087095,0,0.884000000000015
"S2",100,1,2,0.5,71,1.56153115191768,1.96264261761961,0.580906535311773,-68.3973721258839,0,0.583999999999833
"S2",100,1,2,0.5,72,3.0253900624163,1.77404465983924,0.888437189031815,-62.0217190375205,0,0.522999999999911
"S2",100,1,2,0.5,73,9999.39062300481,1.92513045615894,0.998906270865774,-62.3318900382814,0,1.05400000000009
"S2",100,1,2,0.5,74,0.196344321874327,2.28586461586222,0.165929193276632,-56.4836409238334,0,0.586000000000013
"S2",100,1,2,0.5,75,0.660200762332771,2.23423113409899,0.325500293100695,-67.8436975545203,0,0.510999999999967
"S2",100,1,2,0.5,76,9999.9898648331,1.71718592439896,1.12448186919811,-63.3566895876525,0,0.964999999999918
"S2",100,1,2,0.5,77,1.15921340316059,2.02695703427683,0.474242548377628,-70.9063624195823,0,0.45900000000006
"S2",100,1,2,0.5,78,0.739270559423215,2.51802012888998,0.400134018337031,-52.7771420259332,0,0.486000000000104
"S2",100,1,2,0.5,79,1.54720960411935,2.21193539855062,0.524390346864717,-64.6634503676851,0,0.520999999999958
"S2",100,1,2,0.5,80,0.812120620852202,1.76192613450505,0.604760665197869,-56.2007917813022,0,0.51299999999992
"S2",100,1,2,0.5,81,9999.99913436789,1.61801347332345,1.24554168402556,-60.9588886457747,0,0.913999999999987
"S2",100,1,2,0.5,82,0.410500882194685,2.06772570198568,0.267890473218987,-67.6251845316469,0,0.533999999999878
"S2",100,1,2,0.5,83,0.645408282686822,2.13032241772245,0.361730182467392,-65.7692946318551,0,0.510999999999967
"S2",100,1,2,0.5,84,6.93260495800228,2.18327623005882,0.992315655420104,-49.4640449599325,0,0.601000000000113
"S2",100,1,2,0.5,85,0.492234726188234,2.15825927533613,0.2897064048543,-67.4539827758492,0,0.525000000000091
"S2",100,1,2,0.5,86,0.693058765195146,2.06910078587973,0.4238350259367,-62.4520808433266,0,0.520999999999958
"S2",100,1,2,0.5,87,2.38044645035158,2.29713594591851,0.795553156097847,-48.6973191416189,0,0.567999999999984
"S2",100,1,2,0.5,88,3.64958861312533,1.71063957608993,0.727276962251324,-77.1955359079794,0,0.507000000000062
"S2",100,1,2,0.5,89,0.106954033219559,2.47664078388081,0.126019542735164,-40.4340907116713,0,0.604000000000042
"S2",100,1,2,0.5,90,0.593017179905152,1.94447782943127,0.376382391420648,-66.9337454008916,0,0.644999999999982
"S2",100,1,2,0.5,91,2.12915455216576,1.63286117967834,0.83253337351546,-64.3390868303923,0,0.546000000000049
"S2",100,1,2,0.5,92,0.434116524140401,2.29978115828486,0.292603095478602,-58.4993069959037,0,0.582000000000107
"S2",100,1,2,0.5,93,1.4577277212604,1.91001028223803,0.478425450471572,-79.4709516134458,0,0.521999999999935
"S2",100,1,2,0.5,94,1.63865448611613,2.14518832634798,0.728429945918217,-53.0099618594312,0,0.509999999999991
"S2",100,1,2,0.5,95,5.76572670992839,1.74579780017969,0.888410030984933,-68.4480905974036,0,0.581000000000131
"S2",100,1,2,0.5,96,1.45707984760856,2.02772001901538,0.744313203138201,-52.9063758690921,0,0.492999999999938
"S2",100,1,2,0.5,97,1.03173174636392,1.98577027954726,0.602959889102546,-57.485281311257,0,0.477000000000089
"S2",100,1,2,0.5,98,24.512644629744,1.74774273187517,1.0775408859758,-62.691118017986,0,0.855999999999995
"S2",100,1,2,0.5,99,1.17429748821507,1.95185628546117,0.688739913225268,-54.485469625602,0,0.509999999999991
"S2",100,1,2,0.5,100,0.571331093203508,2.04876889435236,0.416322492032993,-57.2295514088859,0,0.536000000000058
"S2",100,1,2,0.5,101,9999.81589801538,1.78746698437935,1.15836719270157,-59.1797746732008,0,1.03999999999996
"S2",100,1,2,0.5,102,4.53422856569893,2.01429544296188,0.838030395866028,-60.8838589570897,0,0.509999999999991
"S2",100,1,2,0.5,103,3.1303682711215,1.81736980691564,0.68036063186391,-75.3962085278165,0,0.451000000000022
"S2",100,1,2,0.5,104,6.99904253893523,1.940653444132,0.972959164032328,-58.3384613271448,0,0.545000000000073
"S2",100,1,2,0.5,105,1.28035078547178,1.99806550010327,0.60326703083902,-61.6710637045386,0,0.468000000000075
"S2",100,1,2,0.5,106,0.380447853837001,2.23007422812368,0.225032738235286,-68.5867925911274,0,0.520999999999958
"S2",100,1,2,0.5,107,1.15847917397503,1.77247156660871,0.516075663786383,-74.9184813746325,0,0.420000000000073
"S2",100,1,2,0.5,108,1.30239268732089,1.82439577519467,0.640339377651978,-64.3153411535518,0,0.48700000000008
"S2",100,1,2,0.5,109,1.52093434516256,2.1428137126626,0.805423389928725,-47.081999344595,0,0.476999999999862
"S2",100,1,2,0.5,110,0.49518023393784,2.25450625883525,0.263119145462,-69.113752497357,0,0.505000000000109
"S2",100,1,2,0.5,111,7.68166992434875,1.77926895107665,0.776947428811751,-77.0712317737935,0,0.557000000000016
"S2",100,1,2,0.5,112,2.27082487843893,1.87694944804026,0.776239197153556,-62.4126317853153,0,0.490000000000009
"S2",100,1,2,0.5,113,6.3340379863834,1.93429734677184,1.01794942029841,-55.8719176457016,0,0.576999999999998
"S2",100,1,2,0.5,114,0.289961549022124,2.43877522195994,0.188713166506584,-60.6831006075469,0,0.509000000000015
"S2",100,1,2,0.5,115,0.898737761467594,2.13181838212913,0.44540362489954,-64.1567805688168,0,0.582000000000107
"S2",100,1,2,0.5,116,1.98297570366944,1.96014125788802,0.701126375280895,-63.0778795632217,0,0.45900000000006
"S2",100,1,2,0.5,117,0.75160119801456,2.19508026592223,0.549907168267773,-48.7824214538333,0,0.461000000000013
"S2",100,1,2,0.5,118,0.582490739005941,1.9997264654276,0.278894391233365,-79.7265652443704,0,0.498000000000047
"S2",100,1,2,0.5,119,0.459689437556082,2.15009913365714,0.263470525991162,-69.4835416432984,0,0.506999999999834
"S2",100,1,2,0.5,120,0.647731837929002,1.93397358521738,0.44324208160836,-61.3467078436808,0,0.494000000000142
"S2",100,1,2,0.5,121,0.403635714330304,2.32133851008273,0.239115411936027,-64.2110104685658,0,0.541999999999916
"S2",100,1,2,0.5,122,0.589898318726191,2.12666671887357,0.365145600213202,-63.4754024601552,0,0.541000000000167
"S2",100,1,2,0.5,123,9999.98458062732,1.72148826159543,0.868775785139294,-78.4973409024334,0,0.918999999999869
"S2",100,1,2,0.5,124,9999.99914615779,1.73287209829536,1.06277562119172,-66.2604649623326,0,0.965000000000146
"S2",100,1,2,0.5,125,0.303269520948838,1.88151405074821,0.256261148664822,-63.6328939110707,0,0.546000000000049
"S2",100,1,2,0.5,126,2.62943811668623,2.06807858242155,0.734027924408484,-60.9081598565675,0,0.486999999999853
"S2",100,1,2,0.5,127,1.15202063606728,2.04032697574078,0.553643073283176,-62.6432496028774,0,0.464999999999918
"S2",100,1,2,0.5,128,7.99629297912963,1.63620399611572,0.992471958809273,-68.2564934184104,0,0.503999999999905
"S2",100,1,2,0.5,129,2.59974553355312,1.76473353989883,0.806698388721779,-65.6764396141932,0,0.462999999999965
"S2",100,1,2,0.5,130,28.9922927407725,1.64335080930489,1.04319589149268,-68.916823813165,0,0.658999999999878
"S2",100,1,2,0.5,131,0.495846564571957,2.2889518280432,0.267798606616548,-67.1189796403707,0,0.5
"S2",100,1,2,0.5,132,0.266863355492092,2.07768564789771,0.190523451998694,-67.9996307889923,0,0.534999999999854
"S2",100,1,2,0.5,133,2.24773427907869,1.86434260992903,0.717872221473365,-66.9027447511018,0,0.496000000000095
"S2",100,1,2,0.5,134,0.88421447235423,1.9592779086562,0.436388009012214,-69.7050035261863,0,0.545000000000073
"S2",100,1,2,0.5,135,1.16010888618592,1.8793013700787,0.581946277811902,-65.4450837991066,0,0.483999999999924
"S2",100,1,2,0.5,136,6.5052042789525,1.85944920931077,0.717687230965567,-77.1826560667372,0,0.529999999999973
"S2",100,1,2,0.5,137,3.09822887955925,2.04885503978308,0.844719357718038,-56.9011998048958,0,0.563999999999851
"S2",100,1,2,0.5,138,9999.8113270675,1.92359781193748,1.13813326737347,-56.0690246064554,0,0.936000000000149
"S2",100,1,2,0.5,139,1.98810322710429,1.77083104351371,0.765052011810875,-63.3789510993673,0,0.480000000000018
"S2",100,1,2,0.5,140,1.63255201425845,1.98767231645918,0.55388706235425,-70.845693937843,0,0.544999999999845
"S2",100,1,2,0.5,141,0.772146504078038,2.00838890601683,0.504439107546824,-58.8930408832299,0,0.58400000000006
"S2",100,1,2,0.5,142,2.90120909757679,2.21351958919883,0.714891229561289,-58.5809278144651,0,0.510999999999967
"S2",100,1,2,0.5,143,3.25518661760656,1.87875477055601,0.710712479218015,-71.5325264656923,0,0.503999999999905
"S2",100,1,2,0.5,144,0.822550702929468,2.28971883311643,0.467654341249154,-55.7057382566318,0,0.489000000000033
"S2",100,1,2,0.5,145,0.445305753096804,2.4324385604389,0.339625050573451,-49.8025681021877,0,0.507000000000062
"S2",100,1,2,0.5,146,2.19556068769239,2.06016701762926,0.634894395406504,-66.2704408149092,0,0.481999999999971
"S2",100,1,2,0.5,147,9999.74887825105,1.66842848684514,1.02626150668171,-70.8219308316871,0,0.950000000000045
"S2",100,1,2,0.5,148,9999.96901117611,1.91813400151998,1.26153618306565,-51.6863132423122,0,0.865999999999985
"S2",100,1,2,0.5,149,9999.93887411793,1.60403482002966,1.23173485642983,-61.7928832203289,0,0.980000000000018
"S2",100,1,2,0.5,150,0.732064725134002,1.96638618638935,0.388761560807536,-70.7445161989258,0,0.705000000000155
"S2",100,1,2,0.5,151,5.44375389741354,1.61747317596682,0.880132193936367,-73.8123414189162,0,0.548000000000002
"S2",100,1,2,0.5,152,0.131024564755734,2.23487116382458,0.107414165732605,-60.446634839386,0,0.671000000000049
"S2",100,1,2,0.5,153,4.08629648853131,1.94276849525015,0.907796420536868,-58.5677212215968,0,0.549999999999955
"S2",100,1,2,0.5,154,7.70166651062068,1.86697313935118,1.05980884154258,-56.2369402159144,0,0.559999999999945
"S2",100,1,2,0.5,155,0.831656842755379,2.06149736354265,0.384537116107506,-71.5377605023767,0,0.539999999999964
"S2",100,1,2,0.5,156,1.68905246769895,1.90801029253197,0.544076196964775,-75.4284724994547,0,0.47199999999998
"S2",100,1,2,0.5,157,9999.9911402853,1.75703423698831,0.963623730202465,-71.2407727116616,0,0.91599999999994
"S2",100,1,2,0.5,158,0.512463085074508,2.10896606290123,0.289409578891379,-70.4345896077612,0,0.592000000000098
"S2",100,1,2,0.5,159,1.6768937549753,1.87681688692054,0.773948166970346,-57.7176091776727,0,0.538999999999987
"S2",100,1,2,0.5,160,0.713790879072004,2.12576670662542,0.451308127168158,-58.3075463617284,0,0.532999999999902
"S2",100,1,2,0.5,161,0.273507271819794,2.2342135672912,0.198986548293336,-61.336500105162,0,0.588000000000193
"S2",100,1,2,0.5,162,16.4537840650399,1.60050740956147,1.11569152720042,-64.9621214227682,0,0.645999999999958
"S2",100,1,2,0.5,163,0.499782831001742,2.29210718943598,0.36499174016626,-53.3937810709364,0,0.520999999999958
"S2",100,1,2,0.5,164,4.1863773392735,2.20340453272415,0.967411654529886,-47.8886424147073,0,0.491999999999962
"S2",100,1,2,0.5,165,6.44270930498963,1.91449113925661,0.863163181516548,-65.0238270335931,0,0.549999999999955
"S2",100,1,2,0.5,166,9999.96531732255,1.92126972443591,1.14794208062282,-55.7714441197576,0,0.924999999999955
"S2",100,1,2,0.5,167,8.01084376427649,1.89171313749191,0.988687793257847,-59.6775010165112,0,0.602000000000089
"S2",100,1,2,0.5,168,2.96288901426845,1.78523042907187,0.79390063698249,-67.5761673706505,0,0.485000000000127
"S2",100,1,2,0.5,169,6.17278529157709,1.84775520700766,0.922345515849739,-63.6942580169748,0,0.542999999999893
"S2",100,1,2,0.5,170,0.634632172033755,2.07726525032201,0.363402013468547,-66.4316480361854,0,0.519000000000005
"S2",100,1,2,0.5,171,0.606272076677129,2.24020754083337,0.310517903263376,-66.9536715080396,0,0.506000000000085
"S2",100,1,2,0.5,172,1.68643767740717,1.89529586664306,0.724280036876281,-60.2395717536698,0,0.491999999999962
"S2",100,1,2,0.5,173,0.259753685197891,2.2252417190316,0.160722792676214,-69.5214090315816,0,0.597999999999956
"S2",100,1,2,0.5,174,9998.88874898987,1.51300123743349,1.07366814705784,-73.4225687033785,0,0.942999999999984
"S2",100,1,2,0.5,175,5.07466854540876,1.95839329790007,1.02288460739924,-53.7323621840643,0,0.538999999999987
"S2",100,1,2,0.5,176,0.47999360043338,2.21078860597605,0.319259615525832,-60.0416012418307,0,0.579999999999927
"S2",100,1,2,0.5,177,2.16658945576388,1.8945737848758,0.594835486987098,-75.1066870642448,0,0.546000000000049
"S2",100,1,2,0.5,178,1.74617022864521,1.62955762534626,0.633107574694016,-77.0994462550234,0,0.525000000000091
"S2",100,1,2,0.5,179,1.64428378589242,2.13684701127649,0.618338341510706,-60.3757996009935,0,0.673999999999978
"S2",100,1,2,0.5,180,1.11733449575809,1.82331186264102,0.550960237892356,-68.941678294824,0,0.667000000000144
"S2",100,1,2,0.5,181,1.5548754906198,1.89746080722534,0.584383406296437,-69.9996292305375,0,0.631999999999834
"S2",100,1,2,0.5,182,0.209941089967198,2.29700358342311,0.171026545510013,-56.6109335727922,0,0.5949999999998
"S2",100,1,2,0.5,183,41.5950050720596,1.71282166367005,0.892592864505029,-75.9901516017823,0,0.74799999999982
"S2",100,1,2,0.5,184,9999.95210926813,1.69034167763267,1.06795912105691,-67.509820956509,0,0.951999999999998
"S2",100,1,2,0.5,185,0.747155168830511,1.65864883242569,0.510511426214965,-65.6377734381417,0,0.500999999999976
"S2",100,1,2,0.5,186,0.249554751287069,2.38233754380791,0.181657192474202,-58.7595945623053,0,0.659999999999854
"S2",100,1,2,0.5,187,0.915018357155042,1.95729172193329,0.600805869183736,-55.3941900203289,0,0.524999999999864
"S2",100,1,2,0.5,188,2.34085340902106,2.01692714823708,0.684728983807568,-64.8745359183884,0,0.625
"S2",100,1,2,0.5,189,0.672289795061585,2.02635352577544,0.399692564082634,-65.4045480382343,0,0.582999999999856
"S2",100,1,2,0.5,190,0.147691552417071,2.15121594658359,0.13236723243909,-58.8067117687888,0,0.697000000000116
"S2",100,1,2,0.5,191,7.44538204406241,2.02777017222047,0.888731807425709,-60.5175971301648,0,0.576999999999998
"S2",100,1,2,0.5,192,1.34941453442308,1.77506936477664,0.613680567405248,-68.4213969237419,0,0.528999999999996
"S2",100,1,2,0.5,193,1.19396809425474,1.94281369528689,0.533587246509815,-68.1295843805893,0,0.5150000000001
"S2",100,1,2,0.5,194,0.329762347499138,2.6087552362317,0.224065172492067,-52.4405376659157,0,0.65099999999984
"S2",100,1,2,0.5,195,0.544447296238172,2.0652784835687,0.404698968641161,-56.8811900390736,0,0.610999999999876
"S2",100,1,2,0.5,196,2.04158374971192,2.07492743201885,0.71083362434982,-59.0436646462174,0,0.519999999999982
"S2",100,1,2,0.5,197,9999.92431691382,1.68504576196498,1.27400398752625,-56.4452447194427,0,1.19200000000001
"S2",100,1,2,0.5,198,5.71515259241956,1.9965821380299,0.760517269603171,-68.0902559154501,0,0.55600000000004
"S2",100,1,2,0.5,199,0.804860534707784,2.18018402676334,0.414549724140234,-63.7552695626522,0,0.561000000000149
"S2",100,1,2,0.5,200,0.728162347938185,2.0415576656964,0.456488451521047,-60.5039792298304,0,0.498000000000047
"S2",100,1,2,0.5,201,0.23480548740063,2.16624114349582,0.239854834977174,-49.2915599616149,0,0.616999999999962
"S2",100,1,2,0.5,202,9999.90621210851,1.59089167859597,1.23476001106587,-62.6003950317284,0,0.917999999999893
"S2",100,1,2,0.5,203,0.589306303544024,2.24690323220751,0.442774684528727,-50.6751642614464,0,0.509000000000015
"S2",100,1,2,0.5,204,6.00834131470057,1.77599943870958,0.789401329731775,-74.7209776645063,0,0.546000000000049
"S2",100,1,2,0.5,205,2.21483093411923,1.65894413545944,0.702784959681432,-74.4188384393934,0,0.476000000000113
"S2",100,1,2,0.5,206,1.32258958737764,1.86817181606195,0.62153457603348,-64.1271155218927,0,0.485999999999876
"S2",100,1,2,0.5,207,0.381895200204956,2.21107576482187,0.214819847006176,-71.2291525466973,0,0.485999999999876
"S2",100,1,2,0.5,208,0.90486163576339,2.28956369998776,0.514016355872129,-53.2912062199873,0,0.496000000000095
"S2",100,1,2,0.5,209,1.24221818684891,1.63041340848393,0.500835497884069,-83.4615987656884,0,0.43100000000004
"S2",100,1,2,0.5,210,0.781220589377993,2.43793040427361,0.464079664024891,-50.6936074596747,0,0.462999999999965
"S2",100,1,2,0.5,211,0.475267148919338,2.18177799528786,0.28345842852358,-65.7976791999348,0,0.509000000000015
"S2",100,1,2,0.5,212,9999.97848323205,1.69734824697115,1.19087013776704,-60.9849390875876,0,0.936000000000149
"S2",100,1,2,0.5,213,5.52484635739726,1.98820110828947,0.952454059400694,-56.7805502169058,0,0.523999999999887
"S2",100,1,2,0.5,214,1.1205096198201,1.98663931671201,0.501054934808669,-68.4845836882771,0,0.554000000000087
"S2",100,1,2,0.5,215,1.29237953159116,1.92788157217471,0.602178929940269,-64.3440486882481,0,0.451000000000022
"S2",100,1,2,0.5,216,0.698674874324065,1.97311557579194,0.378415933394692,-70.5664341849927,0,0.492999999999938
"S2",100,1,2,0.5,217,0.0702101137406543,2.41082520294325,0.0577702670619759,-57.8926288427433,0,0.692999999999984
"S2",100,1,2,0.5,218,33.3177347946305,1.53196438609725,0.910847224106946,-82.0209595946658,0,0.699000000000069
"S2",100,1,2,0.5,219,9999.94655985088,1.68599309827879,1.06966181653365,-67.6069312724824,0,0.865999999999985
"S2",100,1,2,0.5,220,9999.98661215871,1.77624657057748,1.23924211863189,-57.1495941507825,0,0.968000000000075
"S2",100,1,2,0.5,221,0.432029822025293,2.11214021852212,0.23410881241884,-74.8558367538446,0,0.518000000000029
"S2",100,1,2,0.5,222,0.415327051567786,2.20715130483324,0.231045568840085,-71.0746028553945,0,0.5150000000001
"S2",100,1,2,0.5,223,9999.32185224181,1.82180226637973,1.06646623754031,-62.8030618165559,0,1.05599999999981
"S2",100,1,2,0.5,224,0.566751011957504,1.85464464087415,0.389472117996443,-65.9832447132324,0,0.517999999999802
"S2",100,1,2,0.5,225,0.29630429072558,2.07975016726236,0.227392457285228,-62.7632042849405,0,0.5300000000002
"S2",100,1,2,0.5,226,1.21864302059844,2.0156756886171,0.501816910633277,-69.2806876115166,0,0.436999999999898
"S2",100,1,2,0.5,227,1.06274412440873,2.1514533333296,0.395712330171143,-73.2185176037819,0,0.5
"S2",100,1,2,0.5,228,9999.93957035147,1.65737818887756,1.11567452690043,-66.0414486075818,0,1.125
"S2",100,1,2,0.5,229,1.88307700641314,1.82425747373657,0.616212673529418,-73.8408279118411,0,0.485000000000127
"S2",100,1,2,0.5,230,0.575657147114293,2.14164754070242,0.42176048091056,-54.5008736519453,0,0.498000000000047
"S2",100,1,2,0.5,231,0.272748103767188,1.96310301870175,0.218764101834748,-64.3381091903369,0,0.577999999999975
"S2",100,1,2,0.5,232,0.540212646665745,2.08199334048923,0.356727858300206,-62.7810571403617,0,0.579999999999927
"S2",100,1,2,0.5,233,79.3597667410746,1.68633981696596,1.41418688125034,-49.8809857116683,0,0.757999999999811
"S2",100,1,2,0.5,234,9999.75830620434,1.741585180395,1.15300271362028,-60.7060188465662,0,1.32099999999991
"S2",100,1,2,0.5,235,3.52442068052266,1.98434812904549,0.814382809810932,-61.6496853195909,0,0.48700000000008
"S2",100,1,2,0.5,236,2.75865068947283,1.87212384529162,0.720133447670165,-69.1298090731561,0,0.47199999999998
"S2",100,1,2,0.5,237,1.42509215995285,1.85987730036212,0.599398639769532,-68.2775638685455,0,0.48700000000008
"S2",100,1,2,0.5,238,1.50059524547873,1.83653573263191,0.522302669046322,-77.910602070092,0,0.464999999999918
"S2",100,1,2,0.5,239,3.15286040052971,2.05259004468777,0.678699971539109,-66.9609582858209,0,0.473999999999933
"S2",100,1,2,0.5,240,0.59730535830702,2.00697828752187,0.329315240872003,-71.6955795849531,0,0.47400000000016
"S2",100,1,2,0.5,241,0.835541477713178,1.99314668987889,0.449242740752501,-66.5436130416555,0,0.481999999999971
"S2",100,1,2,0.5,242,0.263624927140785,2.16537896528491,0.242180748126223,-54.5315472420226,0,0.535000000000082
"S2",100,1,2,0.5,243,1.25670948610063,1.85589866672413,0.525146531451377,-73.080545761173,0,0.495999999999867
"S2",100,1,2,0.5,244,1.09178236923872,2.06990226186914,0.492837108645884,-65.662120409599,0,0.493000000000166
"S2",100,1,2,0.5,245,199.906633505375,1.72353769010096,1.15311364162995,-61.3441999283447,0,0.857999999999947
"S2",100,1,2,0.5,246,0.538533968954391,2.14993629875741,0.368053817471781,-58.8222754197702,0,0.504000000000133
"S2",100,1,2,0.5,247,0.860825989926368,1.97124253224186,0.443212999550346,-68.8976885517067,0,0.4849999999999
"S2",100,1,2,0.5,248,0.311735583866195,2.03913103760301,0.287401156909528,-54.4256720479931,0,0.509000000000015
"S2",100,1,2,0.5,249,0.30084192229048,2.1687745401008,0.242134155467885,-58.1412277643532,0,0.494000000000142
"S2",100,1,2,0.5,250,9999.96384152946,2.07267092614614,1.22421033345193,-47.7689363116222,0,0.922000000000025
"S2",100,1,2,0.5,251,17.8481185336576,1.75985025113377,1.18817515492566,-56.7904844845255,0,0.584999999999809
"S2",100,1,2,0.5,252,1.68349044327043,2.05481866533097,0.70835534979192,-57.470095934923,0,0.476999999999862
"S2",100,1,2,0.5,253,0.901702734984424,2.16421715150901,0.534020843669617,-55.3189619457494,0,0.482999999999947
"S2",100,1,2,0.5,254,0.307497929781389,2.24072261020145,0.25076818971329,-55.7377540785385,0,0.562999999999874
"S2",100,1,2,0.5,255,9999.99116540876,1.49468657490424,1.30564467223269,-61.0143960108038,0,0.911000000000058
"S2",100,1,2,0.5,256,2.54895656054919,1.97618419127049,0.864923364932264,-55.4735117117084,0,0.45900000000006
"S2",100,1,2,0.5,257,0.845523074323915,2.25339473271692,0.332185201429086,-72.2020895581506,0,0.47199999999998
"S2",100,1,2,0.5,258,1.22919102386671,2.18289951901066,0.504467479224317,-63.6231089388517,0,0.51299999999992
"S2",100,1,2,0.5,259,1.80407854242457,1.63993676319362,0.65344840029583,-75.6308507669098,0,0.489999999999782
"S2",100,1,2,0.5,260,0.719835425373123,1.85220378752244,0.464615629198471,-64.6757748838878,0,0.521999999999935
"S2",100,1,2,0.5,261,0.460911950006847,2.12963405068779,0.313541077835473,-62.2461720697264,0,0.5150000000001
"S2",100,1,2,0.5,262,1.09349009348836,1.992232548824,0.622042064048645,-56.8519771505078,0,0.501999999999953
"S2",100,1,2,0.5,263,0.947357555649784,1.82703405131531,0.379040345873458,-84.4376493966843,0,0.482999999999947
"S2",100,1,2,0.5,264,5.33106033169311,1.7082776451241,1.10253913223733,-57.0961390639678,0,0.501999999999953
"S2",100,1,2,0.5,265,1.01984598175207,2.02791297533891,0.467959665563266,-68.5463646411729,0,0.45699999999988
"S2",100,1,2,0.5,266,0.765547760902635,1.95726546702591,0.434473906101792,-66.8231834548439,0,0.505000000000109
"S2",100,1,2,0.5,267,1.25133717850744,1.65530070779186,0.607910025490487,-70.7556086819194,0,0.538000000000011
"S2",100,1,2,0.5,268,0.944878616216134,2.19155759499701,0.509341620671643,-57.5300810434585,0,0.630999999999858
"S2",100,1,2,0.5,269,0.369084464606074,2.25316790360243,0.352884334672158,-45.6068123104983,0,0.552999999999884
"S2",100,1,2,0.5,270,3.13149051516338,1.8908144973992,0.878979357690487,-59.1925797166394,0,0.519999999999982
"S2",100,1,2,0.5,271,0.717376167161162,1.7981567173027,0.465451167361506,-65.3947521487823,0,0.531000000000176
"S2",100,1,2,0.5,272,0.692259508004258,2.09467683157644,0.345198330863907,-71.1137181025705,0,0.467999999999847
"S2",100,1,2,0.5,273,9999.75521844365,1.67210314639511,1.21101448612287,-60.2687038562719,0,1.07200000000012
"S2",100,1,2,0.5,274,9999.97634533435,1.57789588279723,1.11638802647374,-68.6006048379894,0,1.09300000000007
"S2",100,1,2,0.5,275,1.14784125410166,1.94401384408334,0.52860050768803,-67.9804651844804,0,0.465999999999894
"S2",100,1,2,0.5,276,0.403536480460786,2.22859246871983,0.315325339039534,-54.8686131756203,0,0.534000000000106
"S2",100,1,2,0.5,277,0.860768673052044,1.92985568132954,0.445517915319313,-69.4290873233905,0,0.510999999999967
"S2",100,1,2,0.5,278,0.446097408242324,2.08556344688788,0.341589343375936,-58.5146828652388,0,0.538999999999987
"S2",100,1,2,0.5,279,0.667981253594231,1.86903601986282,0.402223962265213,-68.9694407014638,0,0.531000000000176
"S2",100,1,2,0.5,280,1.58590015634919,2.09432090182108,0.643269193574519,-59.082357069016,0,0.636999999999944
"S2",100,1,2,0.5,281,0.383005848278454,1.99849326319121,0.258304174562307,-68.6898571534147,0,0.627999999999929
"S2",100,1,2,0.5,282,9999.96553198018,1.80952184022984,1.27852169261802,-53.6766637518609,0,0.880000000000109
"S2",100,1,2,0.5,283,0.969440918509861,1.86371307989958,0.527425144437394,-66.3379289000723,0,0.48700000000008
"S2",100,1,2,0.5,284,9999.70768449234,1.68755566548791,1.0471494243964,-68.6332076605156,0,1.18200000000002
"S2",100,1,2,0.5,285,0.521926789888593,1.90623395476928,0.378069883103317,-63.3892962203183,0,0.549999999999955
"S2",100,1,2,0.5,286,1.32498480030333,2.07105470953044,0.551536969074765,-64.7465279820732,0,0.520999999999958
"S2",100,1,2,0.5,287,1.79218038429345,1.82019552892922,0.630689221013814,-71.532128546463,0,0.565000000000055
"S2",100,1,2,0.5,288,2.82547101554265,1.87164950179434,0.61823652979943,-77.7051421074749,0,0.587999999999965
"S2",100,1,2,0.5,289,0.621571207006494,2.05419436938287,0.307819788962802,-74.1012363668362,0,0.483999999999924
"S2",100,1,2,0.5,290,9999.92441798022,1.91048227313101,1.24484477088209,-51.6387500078958,0,0.978000000000065
"S2",100,1,2,0.5,291,0.546558571720028,1.9684015385645,0.334473049761954,-68.9937431037355,0,0.519000000000005
"S2",100,1,2,0.5,292,1.93374591776157,2.33228842680015,0.628400076274084,-56.3422435887496,0,0.470000000000027
"S2",100,1,2,0.5,293,9.64084171027647,1.773198832183,0.951304151166566,-66.748383862298,0,0.613000000000056
"S2",100,1,2,0.5,294,9999.74534287165,1.75759483175469,1.0471305644837,-66.178963249463,0,0.939999999999827
"S2",100,1,2,0.5,295,2.68016945444483,1.84961494423557,0.887364934969424,-58.489597878854,0,0.486999999999853
"S2",100,1,2,0.5,296,0.503846422692647,2.18909795253421,0.373602314510961,-55.565013745721,0,0.558999999999969
"S2",100,1,2,0.5,297,0.478362914988439,2.11523889907828,0.236064001310979,-77.8009320299109,0,0.503999999999905
"S2",100,1,2,0.5,298,13.1287581223667,1.82192711360738,0.937687916980338,-67.1991121495774,0,0.567000000000007
"S2",100,1,2,0.5,299,0.847236019830634,2.02258931448419,0.429453828849907,-68.0379786249914,0,0.544000000000096
"S2",100,1,2,0.5,300,9999.84212258441,1.67171971601833,1.08176628949337,-67.308762831599,0,0.907999999999902
"S2",100,1,2,0.5,301,0.858691251413572,2.40415378427047,0.396766778697841,-60.3831159813043,0,0.498000000000047
"S2",100,1,2,0.5,302,0.722452356665365,2.47948348035719,0.522147260453778,-42.7340017003826,0,0.494000000000142
"S2",100,1,2,0.5,303,0.26767856718521,2.25260915642465,0.191415499905847,-61.9265235096537,0,0.54099999999994
"S2",100,1,2,0.5,304,7.6267445489382,1.78719941258426,0.949021992289328,-65.0969016747892,0,0.567000000000007
"S2",100,1,2,0.5,305,1.79524535705364,2.07339197931292,0.654156553135718,-61.5813629690545,0,0.477000000000089
"S2",100,1,2,0.5,306,0.679204253111172,1.96257918248191,0.345008161368192,-74.1524888024366,0,0.508000000000038
"S2",100,1,2,0.5,307,6.13544135775632,1.77494598898748,1.00522357353431,-61.3244135082926,0,0.570999999999913
"S2",100,1,2,0.5,308,0.610376695684206,2.06923382009489,0.413707504799045,-59.0316551607065,0,0.582000000000107
"S2",100,1,2,0.5,309,0.618321380634633,2.16142096943498,0.420206958460586,-56.2069227762602,0,0.490000000000009
"S2",100,1,2,0.5,310,1.01734486688463,2.22551952491764,0.50760858234533,-57.7894666120823,0,0.641000000000076
"S2",100,1,2,0.5,311,1.97144663035318,1.86436354546269,0.656619276673875,-69.5776830925795,0,0.476999999999862
"S2",100,1,2,0.5,312,0.572651700293858,2.10132769271919,0.35607586476487,-63.5684323869981,0,0.584999999999809
"S2",100,1,2,0.5,313,0.943404705589329,2.31336336790623,0.576053770958987,-49.2782718979865,0,0.526000000000067
"S2",100,1,2,0.5,314,0.884590317881991,2.25391296935108,0.349154234384896,-71.205224767674,0,0.506000000000085
"S2",100,1,2,0.5,315,1.13156324582572,2.01649837767271,0.522335179332459,-65.998221020157,0,0.489000000000033
"S2",100,1,2,0.5,316,1.37120657947848,2.28630167323773,0.491114844560289,-63.5286842472195,0,0.507000000000062
"S2",100,1,2,0.5,317,0.255794960513294,1.94214816302744,0.190855862148949,-69.8004284750494,0,0.560999999999922
"S2",100,1,2,0.5,318,21.1049358416099,1.69275839828556,1.0021820108106,-68.9222726384363,0,0.702999999999975
"S2",100,1,2,0.5,319,2.02554347460328,1.9616639606623,0.618080211283059,-69.4547932835927,0,0.519000000000005
"S2",100,1,2,0.5,320,0.460313491850174,2.08354697753564,0.323233334729429,-62.5134954150252,0,0.510999999999967
"S2",100,1,2,0.5,321,0.76759146833324,2.01843329910156,0.390905885126606,-70.0271024308372,0,0.47199999999998
"S2",100,1,2,0.5,322,9999.35970506329,1.7261871779975,1.25890835994313,-56.4332479333692,0,1.00199999999995
"S2",100,1,2,0.5,323,1.08755178981358,2.06444560827275,0.510362582526903,-64.5296376381773,0,0.520999999999958
"S2",100,1,2,0.5,324,1.42924573282893,1.79353007974939,0.80346058608845,-54.4187667630021,0,0.445000000000164
"S2",100,1,2,0.5,325,0.782405399545018,2.24567536768548,0.532116280438166,-49.794874611876,0,0.528999999999996
"S2",100,1,2,0.5,326,18.8623078886604,1.80570482068795,0.885293025783244,-71.7969002880716,0,0.633000000000038
"S2",100,1,2,0.5,327,0.50182683858814,2.21827710413775,0.365687609434906,-54.9986295579625,0,0.539999999999964
"S2",100,1,2,0.5,328,0.499411358686695,2.1499772163902,0.306974953005257,-65.7018217168724,0,0.483999999999924
"S2",100,1,2,0.5,329,9999.86423694186,1.62067917007743,1.28502013682046,-58.0554305641144,0,1.0630000000001
"S2",100,1,2,0.5,330,1.50077299521881,1.91984374691011,0.565227291673363,-70.5758961085209,0,0.478000000000065
"S2",100,1,2,0.5,331,0.47303165012088,2.23378702264136,0.282013250806348,-65.2528662651216,0,0.504999999999882
"S2",100,1,2,0.5,332,0.137178683947941,2.16364104890416,0.106646619086386,-64.3892691574437,0,0.57100000000014
"S2",100,1,2,0.5,333,0.571186247178314,2.09789584306739,0.284357296006962,-74.4718380958028,0,0.569999999999936
"S2",100,1,2,0.5,334,0.78274254247052,1.89598108169727,0.496389792298975,-61.7540749597163,0,0.576000000000022
"S2",100,1,2,0.5,335,0.301890501499919,1.83695277378381,0.243963398332551,-67.7826480277444,0,0.575000000000045
"S2",100,1,2,0.5,336,0.655846196466512,2.21312047168207,0.370189147657303,-62.7712096427077,0,0.524999999999864
"S2",100,1,2,0.5,337,1.5913999231879,1.85989731112656,0.597471772451887,-70.8899855650725,0,0.482999999999947
"S2",100,1,2,0.5,338,1.54335458480114,1.84232407264929,0.585461411313635,-71.9195719033935,0,0.461999999999989
"S2",100,1,2,0.5,339,1.42005192789314,1.71950831335694,0.595121467119681,-73.5609519521778,0,0.438000000000102
"S2",100,1,2,0.5,340,1.17431229485853,1.91923070908995,0.530400844601445,-69.229245172313,0,0.493999999999915
"S2",100,1,2,0.5,341,1.1943241574639,2.21723867404296,0.634720951595421,-51.2226662603759,0,0.631000000000085
"S2",100,1,2,0.5,342,9999.95472578247,1.66034269050002,1.15342562327386,-63.9306103370158,0,0.949000000000069
"S2",100,1,2,0.5,343,14.5124656440871,1.9335466064205,0.852156703404781,-68.3974666190842,0,0.715999999999894
"S2",100,1,2,0.5,344,0.424291520920777,2.0895027731086,0.275961127311051,-65.9277783429766,0,0.551000000000158
"S2",100,1,2,0.5,345,1.43265668678367,2.02361450200803,0.786843120297799,-49.8859266177147,0,0.452999999999975
"S2",100,1,2,0.5,346,2.2658546341096,1.96376129812247,0.802382754566534,-57.8685692067057,0,0.48700000000008
"S2",100,1,2,0.5,347,1.69085533769726,1.75289191641367,0.601042642429361,-75.3729978888266,0,0.517999999999802
"S2",100,1,2,0.5,348,0.507919634101315,2.19159518373253,0.367568470603896,-56.2425117379162,0,0.480999999999995
"S2",100,1,2,0.5,349,4.67697092977906,2.10690079567438,0.7572717874639,-63.0809563743913,0,0.504000000000133
"S2",100,1,2,0.5,350,0.325857005333548,2.14702310418141,0.245538683987178,-61.7173366849377,0,0.567999999999984
"S2",100,1,2,0.5,351,23.5673838204734,1.83165865846205,1.24300086555465,-52.6881155670213,0,0.613000000000056
"S2",100,1,2,0.5,352,0.407493085777582,2.25760140144323,0.284399894704519,-59.3280304506243,0,0.545000000000073
"S2",100,1,2,0.5,353,1.54536209320223,2.14586509192697,0.638831350925302,-57.9423816099652,0,0.439999999999827
"S2",100,1,2,0.5,354,1.48121405584125,2.02007050967839,0.648731613237953,-60.2414563627568,0,0.446999999999889
"S2",100,1,2,0.5,355,3.5630047865976,2.09260303547496,0.842225530219699,-56.3606642823194,0,0.486000000000104
"S2",100,1,2,0.5,356,0.361445539528904,2.08903653522152,0.287825919687636,-59.2849918169933,0,0.625
"S2",100,1,2,0.5,357,1.98936479571432,1.81065912181535,0.731902838711756,-65.5281894705083,0,0.469000000000051
"S2",100,1,2,0.5,358,3.20291272874508,1.64177671793893,0.79839435172519,-73.047242403714,0,0.559999999999945
"S2",100,1,2,0.5,359,1.20833848699773,2.05094372908447,0.547090018682634,-63.0988065976307,0,0.508000000000038
"S2",100,1,2,0.5,360,1.63393308230914,1.89092833238821,0.704663410953657,-61.6506118490248,0,0.485999999999876
"S2",100,1,2,0.5,361,1.03022076237782,1.93458634470323,0.39841509945589,-80.172970065679,0,0.560999999999922
"S2",100,1,2,0.5,362,0.903656516989717,1.86601321463905,0.483649053662932,-69.1908103038747,0,0.452999999999975
"S2",100,1,2,0.5,363,2.46380840211963,1.96944807595351,0.841598448435587,-56.2861773505096,0,0.496000000000095
"S2",100,1,2,0.5,364,0.861879762706097,1.82980718075645,0.490486755829558,-67.8747821055351,0,0.482999999999947
"S2",100,1,2,0.5,365,7.6199390811597,1.90318316168824,1.01311976545745,-58.0319558543417,0,0.530999999999949
"S2",100,1,2,0.5,366,8.09193584036005,1.65674698391316,0.797284527787997,-80.809355526159,0,0.535999999999831
"S2",100,1,2,0.5,367,0.0565271138561406,2.43616984657861,0.0451373483495761,-58.1081545259255,0,0.589000000000169
"S2",100,1,2,0.5,368,9999.97109108216,1.77450532836978,1.19629276336299,-58.6511892832679,0,0.937999999999874
"S2",100,1,2,0.5,369,0.974511627431264,2.11097137398139,0.502479827306182,-61.2826785811504,0,0.505000000000109
"S2",100,1,2,0.5,370,1.92938255063458,1.92450689606304,0.714385143263302,-62.8084157439206,0,0.474999999999909
"S2",100,1,2,0.5,371,9.99944322351321,1.94109693753526,0.896826772762973,-64.1771118408869,0,0.622000000000071
"S2",100,1,2,0.5,372,9999.9476178252,1.73030422306868,0.991102833323787,-70.3117462415588,0,0.914999999999964
"S2",100,1,2,0.5,373,1.71930072473877,1.98458527526456,0.855443042999617,-50.4420175852276,0,0.493999999999915
"S2",100,1,2,0.5,374,9999.95338246325,1.70060303403079,1.27491469553135,-56.5344568027762,0,0.894999999999982
"S2",100,1,2,0.5,375,1.22880515483087,1.7145231939829,0.6568270119408,-64.3201210697986,0,0.490999999999985
"S2",100,1,2,0.5,376,2.45232505706967,2.11504222349494,0.863875843922941,-50.9758451671426,0,0.522000000000162
"S2",100,1,2,0.5,377,0.260233067745952,2.21661507332705,0.169293720376871,-67.5999810560165,0,0.569999999999936
"S2",100,1,2,0.5,378,1.0083650179223,2.03065589394257,0.469731536774147,-67.1259183697303,0,0.591000000000122
"S2",100,1,2,0.5,379,0.740374972296254,2.08929559664694,0.599167502090985,-46.9439917324493,0,0.548000000000002
"S2",100,1,2,0.5,380,0.654891226871946,1.96802921040376,0.342896955425432,-73.564645981752,0,0.517000000000053
"S2",100,1,2,0.5,381,0.648141968778129,2.0826553827109,0.397290141920072,-62.1359571656532,0,0.559999999999945
"S2",100,1,2,0.5,382,0.337617832115173,2.34824787262666,0.32762868685248,-44.6252814153856,0,0.500999999999976
"S2",100,1,2,0.5,383,1.60769690686517,1.90080818203652,0.672368363697627,-63.2512129112194,0,0.44399999999996
"S2",100,1,2,0.5,384,3.84098157931857,1.9220392423316,0.848495536422099,-62.2638277177537,0,0.506000000000085
"S2",100,1,2,0.5,385,0.994808479657266,2.16164811325623,0.616049702840552,-50.8187120192967,0,0.436000000000149
"S2",100,1,2,0.5,386,0.247407834237215,2.14428425204108,0.184157557019343,-63.873645662088,0,0.557000000000016
"S2",100,1,2,0.5,387,3.52268558923806,2.08039506221884,1.04962020402883,-46.2987441456016,0,0.509999999999991
"S2",100,1,2,0.5,388,9999.91980031945,1.58530241115987,1.00419303618511,-75.2493622775179,0,0.942999999999984
"S2",100,1,2,0.5,389,4.42282528784476,1.88755263944188,0.763486654750981,-70.2962742320693,0,0.565000000000055
"S2",100,1,2,0.5,390,1.31166786746859,2.09081193057602,0.590411647432101,-59.6772619358077,0,0.495999999999867
"S2",100,1,2,0.5,391,2.94590727769427,2.0354578736402,0.762944719452196,-60.9644133968513,0,0.521999999999935
"S2",100,1,2,0.5,392,2.33652760759682,2.06815398894427,0.809529483743051,-54.967758687339,0,0.55600000000004
"S2",100,1,2,0.5,393,0.641700623826044,2.09903951896665,0.383395512542857,-63.8777035815674,0,0.510999999999967
"S2",100,1,2,0.5,394,9999.73080928447,1.64564297665151,0.970097113925523,-74.4296472549936,0,0.909000000000106
"S2",100,1,2,0.5,395,1.10434329373719,2.00302458126728,0.432365507818557,-74.9364723183946,0,0.539999999999964
"S2",100,1,2,0.5,396,0.652296827617843,2.19251983255673,0.365823287439473,-63.7560660915833,0,0.504000000000133
"S2",100,1,2,0.5,397,0.767229622391391,1.98391414508967,0.449257853989997,-64.8741392402365,0,0.474999999999909
"S2",100,1,2,0.5,398,1.51210352234339,2.07037614840602,0.628218229985355,-60.7370898840573,0,0.521999999999935
"S2",100,1,2,0.5,399,9999.92019929917,1.64676235902353,1.11292540849645,-66.2970574029788,0,1.02100000000019
"S2",100,1,2,0.5,400,3.73116932207129,1.87980289822093,0.731138871812212,-71.0942220468957,0,0.518000000000029
"S2",100,1,2,0.5,401,0.342886010607777,2.30828542029199,0.238232117032717,-60.1868424224204,0,0.489000000000033
"S2",100,1,2,0.5,402,52.9014256838343,1.88404499337226,1.12955911979872,-57.0225881817247,0,0.722999999999956
"S2",100,1,2,0.5,403,0.311618711857462,2.10459070242849,0.202957056287631,-69.2576613433271,0,0.563000000000102
"S2",100,1,2,0.5,404,0.18567492139115,2.15031847474529,0.135400922136817,-68.4320776859238,0,0.532999999999902
"S2",100,1,2,0.5,405,1.18062816982002,2.09857573035788,0.490331004047633,-67.1054489264808,0,0.554000000000087
"S2",100,1,2,0.5,406,0.644155196983779,2.2219735345198,0.416535980821104,-56.7972765153431,0,0.498000000000047
"S2",100,1,2,0.5,407,0.358064172358463,2.4464125769129,0.263355766386236,-53.2096427734825,0,0.579999999999927
"S2",100,1,2,0.5,408,1.10050062766972,2.02821850559151,0.557191317488888,-61.1681441148725,0,0.577999999999975
"S2",100,1,2,0.5,409,1.24684076467806,2.24406083961681,0.700549196358679,-47.3630724896047,0,0.489000000000033
"S2",100,1,2,0.5,410,1.75028732730463,2.03211206424964,0.627727307080279,-64.2645257505829,0,0.497000000000071
"S2",100,1,2,0.5,411,0.836261736487739,1.85230235087769,0.469050376101691,-68.7212763985048,0,0.453999999999951
"S2",100,1,2,0.5,412,11.3969422662596,1.71587192532866,1.00503838364833,-66.2026913364386,0,0.604000000000042
"S2",100,1,2,0.5,413,0.281573827429741,2.34163892101558,0.28738318436224,-44.1946120843571,0,0.526000000000067
"S2",100,1,2,0.5,414,0.263510738701307,2.24447068737849,0.207785444408353,-58.3976460875472,0,0.517000000000053
"S2",100,1,2,0.5,415,0.337805420361059,2.60217656466878,0.252080872678829,-48.9683603731773,0,0.47199999999998
"S2",100,1,2,0.5,416,32.4813326623302,1.7507410009572,1.24213270900575,-55.2327114622183,0,0.66599999999994
"S2",100,1,2,0.5,417,0.698299585701444,2.39691680285675,0.439689633781385,-51.499270643832,0,0.489000000000033
"S2",100,1,2,0.5,418,1.09006634034013,1.96925873308338,0.515757114072267,-67.0567053548021,0,0.449000000000069
"S2",100,1,2,0.5,419,0.781595378485681,1.94489416960572,0.415836973923389,-69.9191895991129,0,0.514000000000124
"S2",100,1,2,0.5,420,2.21884060905809,2.02031800096532,0.71057398352576,-61.4915067794627,0,0.5
"S2",100,1,2,0.5,421,2.27963841956103,2.06621985738454,0.691548572238162,-62.0858459910321,0,0.490000000000009
"S2",100,1,2,0.5,422,0.122377366412067,2.21116015332624,0.105098479437075,-59.5890859920465,0,0.614000000000033
"S2",100,1,2,0.5,423,1.09494505073786,1.94732932519355,0.476108395960982,-71.7691889214453,0,0.592999999999847
"S2",100,1,2,0.5,424,0.771835357122003,2.0534661755061,0.367502448740184,-72.2684682273533,0,0.507999999999811
"S2",100,1,2,0.5,425,2.02510712321175,1.74952742917938,0.79061471135907,-63.2906170111165,0,0.509999999999991
"S2",100,1,2,0.5,426,0.373173635043407,2.04568653797644,0.269040520856881,-64.2967112135174,0,0.586999999999989
"S2",100,1,2,0.5,427,0.612701425684746,2.05926984498608,0.385337373026016,-62.86266516032,0,0.575000000000045
"S2",100,1,2,0.5,428,1.88543411240947,1.87146453744609,0.72763351671044,-62.8149303535887,0,0.538000000000011
"S2",100,1,2,0.5,429,0.907213340869262,1.97063512280146,0.425059372171997,-71.9340219816159,0,0.573999999999842
"S2",100,1,2,0.5,430,10.3048232058126,1.757583822755,1.06565018178422,-61.4308661251057,0,0.633999999999787
"S2",100,1,2,0.5,431,0.692366096191335,2.03055801231612,0.370558196485787,-70.0620634638897,0,0.501999999999953
"S2",100,1,2,0.5,432,2.55207999028061,1.89431104091905,0.725026122228866,-67.0224540447397,0,0.502999999999929
"S2",100,1,2,0.5,433,1.06207037261097,1.98984849608494,0.554323867007144,-62.2808699130585,0,0.482999999999947
"S2",100,1,2,0.5,434,6.50430564987818,1.63024472141021,0.986163258802652,-67.7658408167221,0,0.492999999999938
"S2",100,1,2,0.5,435,0.747553584859709,2.02787316026338,0.415367598910182,-66.399446082988,0,0.51299999999992
"S2",100,1,2,0.5,436,1.10555730195735,1.99581191989677,0.544174449732084,-64.0231076220751,0,0.461999999999989
"S2",100,1,2,0.5,437,1.05408445812117,2.32167238485203,0.526116261823017,-54.836734199131,0,0.516999999999825
"S2",100,1,2,0.5,438,2.01650540231701,2.03808331713178,0.440799943723938,-83.6001514243161,0,0.513000000000147
"S2",100,1,2,0.5,439,0.600045322072703,2.09562925318567,0.413719595811985,-58.4788285554949,0,0.474999999999909
"S2",100,1,2,0.5,440,0.428873974365006,2.05985588094717,0.307636088664888,-62.6735974100179,0,0.480999999999995
"S2",100,1,2,0.5,441,0.733715961022377,2.25682546247742,0.433253613441493,-57.3929588725425,0,0.550999999999931
"S2",100,1,2,0.5,442,9999.66994403304,1.71293187278005,1.114521585365,-64.2314054763154,0,0.852000000000089
"S2",100,1,2,0.5,443,0.311516693484332,2.3355007846815,0.284886325612078,-48.3047073493036,0,0.490000000000009
"S2",100,1,2,0.5,444,1.97278081189107,1.63490387659777,0.763206671333688,-67.9735170514312,0,0.499000000000024
"S2",100,1,2,0.5,445,0.38991372819504,2.62316816578899,0.291301708407598,-46.938951527646,0,0.606999999999971
"S2",100,1,2,0.5,446,1.26480747009001,1.96919021266142,0.577591455306505,-64.7146961682708,0,0.496000000000095
"S2",100,1,2,0.5,447,0.4610727488833,1.9942663536436,0.383410847416723,-56.0024471011495,0,0.531999999999925
"S2",100,1,2,0.5,448,0.370268119982362,2.41356415052107,0.284193756491668,-52.9260388994852,0,0.539999999999964
"S2",100,1,2,0.5,449,9999.90083239067,1.80689486103168,1.10208320296847,-61.3936404650195,0,0.969000000000051
"S2",100,1,2,0.5,450,5.33078934667191,2.05583801518106,0.984813369922569,-52.9391491358789,0,0.509999999999991
"S2",100,1,2,0.5,451,6.35452739702251,1.99182727303466,0.887843236515496,-61.2751479579262,0,0.531000000000176
"S2",100,1,2,0.5,452,0.470056874276314,2.14566776571141,0.300529423211258,-64.5646379281014,0,0.51299999999992
"S2",100,1,2,0.5,453,0.793814505226151,1.92689349921321,0.54859243565465,-56.4674514980759,0,0.491999999999962
"S2",100,1,2,0.5,454,11.2877266901953,2.036823778338,1.01475012323481,-54.8037289132469,0,0.542000000000144
"S2",100,1,2,0.5,455,0.767781221607894,2.30646766709288,0.514184360227195,-49.4556184464969,0,0.475999999999885
"S2",100,1,2,0.5,456,9999.93423278531,1.6982444020747,1.27150423143168,-57.6366374864122,0,0.875999999999976
"S2",100,1,2,0.5,457,0.392682588979222,2.09443186179316,0.315972298554263,-56.8078024849182,0,0.535999999999831
"S2",100,1,2,0.5,458,3.65204497500557,1.65012507649365,0.867354984778567,-69.2662241506979,0,0.536000000000058
"S2",100,1,2,0.5,459,0.48487217074643,1.87644303532078,0.34353148785349,-65.8321911654578,0,0.58400000000006
"S2",100,1,2,0.5,460,11.4519320356091,1.79742974052745,1.07354327551427,-59.9515784505869,0,0.520999999999958
"S2",100,1,2,0.5,461,0.974254791148226,2.11965845437116,0.615422478261053,-51.0721129737852,0,0.47400000000016
"S2",100,1,2,0.5,462,0.399244408016401,2.39329362923401,0.328590404477847,-48.9154562335617,0,0.570999999999913
"S2",100,1,2,0.5,463,0.670898902210568,2.36145941156378,0.314667365149844,-65.9228703421659,0,0.449000000000069
"S2",100,1,2,0.5,464,0.870257271358873,1.85544308185006,0.522801062001721,-63.1404008451768,0,0.504000000000133
"S2",100,1,2,0.5,465,0.506060083510877,2.19377668599712,0.288088255754286,-67.3675236974467,0,0.502999999999929
"S2",100,1,2,0.5,466,1.3403279472933,1.74686546281289,0.573234674216112,-73.3349847004238,0,0.467000000000098
"S2",100,1,2,0.5,467,2.72841987127411,2.10551769634383,0.776214397716328,-57.8013867852328,0,0.557999999999993
"S2",100,1,2,0.5,468,0.651530315296319,2.33830685104925,0.378866588221092,-57.3180897060658,0,0.508000000000038
"S2",100,1,2,0.5,469,0.543260682789166,1.96121456987897,0.380368129131007,-63.2041606544044,0,0.502999999999929
"S2",100,1,2,0.5,470,1.47945514057573,1.92505595728652,0.612849427483097,-65.8722098363969,0,0.439000000000078
"S2",100,1,2,0.5,471,0.778595215069353,2.05046109928596,0.400919461798451,-68.3611369718042,0,0.592999999999847
"S2",100,1,2,0.5,472,0.417349303639019,2.17775310778368,0.325464119671337,-55.7061874926689,0,0.505999999999858
"S2",100,1,2,0.5,473,0.755461963228532,1.86937925062849,0.463149698699951,-65.4988049893204,0,0.47199999999998
"S2",100,1,2,0.5,474,24.6471898737682,1.76858794972463,1.19235698156109,-56.5951131943975,0,0.634000000000015
"S2",100,1,2,0.5,475,1.45934586140431,1.98774852836312,0.555893331123692,-68.6590780524756,0,0.442999999999984
"S2",100,1,2,0.5,476,14.7582675887229,1.83151849204161,1.06804791549146,-59.6881315331492,0,0.548000000000002
"S2",100,1,2,0.5,477,1.47790564682236,1.88138448132979,0.606352894434771,-68.3881650654391,0,0.480000000000018
"S2",100,1,2,0.5,478,0.696055230459532,2.07169003999047,0.405665385124623,-63.9553574806893,0,0.496999999999844
"S2",100,1,2,0.5,479,0.95842732763087,2.0503040496643,0.411852724739583,-73.0748824235473,0,0.475000000000136
"S2",100,1,2,0.5,480,53.583214592199,1.72122920943434,0.889878021865179,-76.0728469886022,0,0.708000000000084
"S2",100,1,2,0.5,481,0.54208473686198,2.09069016248488,0.328723136697308,-65.9915836056923,0,0.591999999999871
"S2",100,1,2,0.5,482,1.02649794863687,2.1746968812233,0.499229311176368,-60.9829574102388,0,0.44600000000014
"S2",100,1,2,0.5,483,3.70411341830002,1.72410730412779,0.754378630456467,-75.007106428778,0,0.508000000000038
"S2",100,1,2,0.5,484,0.494762040096454,2.01525258755846,0.286250767228746,-72.1456111947909,0,0.548000000000002
"S2",100,1,2,0.5,485,3.16649001904606,1.94853409535248,0.740813210252678,-66.7661135237108,0,0.510999999999967
"S2",100,1,2,0.5,486,0.333323186260332,1.98556250441685,0.221994767447868,-71.0311524654104,0,0.634000000000015
"S2",100,1,2,0.5,487,1.49005041934957,2.22982184853059,0.511884509295755,-64.344373963012,0,0.519000000000005
"S2",100,1,2,0.5,488,1.02575056248924,2.15135097176082,0.475527307435018,-63.0342837855777,0,0.555000000000064
"S2",100,1,2,0.5,489,0.417077189518085,1.97938480056441,0.286378893013207,-67.413577650391,0,0.58400000000006
"S2",100,1,2,0.5,490,0.436897827473851,2.28621403015224,0.288876001456755,-59.0589001433872,0,0.574999999999818
"S2",100,1,2,0.5,491,0.516045890956346,1.99931741854166,0.343500459239348,-64.8651129055842,0,0.586999999999989
"S2",100,1,2,0.5,492,1.23909652992234,1.95891514209947,0.554269372530823,-66.3813948927978,0,0.500999999999976
"S2",100,1,2,0.5,493,0.953105324746423,2.09294649812493,0.455189901537585,-65.7198221696655,0,0.587999999999965
"S2",100,1,2,0.5,494,0.565559815799265,2.25908984672905,0.349752399854263,-60.0391723186525,0,0.52800000000002
"S2",100,1,2,0.5,495,131.58864804669,1.55549444421284,1.09627586314758,-70.0943010538893,0,0.920000000000073
"S2",100,1,2,0.5,496,0.285421953510353,2.06320436608203,0.190883838418427,-70.4804783808326,0,0.544000000000096
"S2",100,1,2,0.5,497,9999.97746067669,1.55244920080973,1.04598402254215,-74.5970974925521,0,0.933999999999969
"S2",100,1,2,0.5,498,0.784875884772223,1.99711582025853,0.511127933733598,-57.7898737083933,0,0.513999999999896
"S2",100,1,2,0.5,499,0.881904897649648,2.06168606905615,0.441901593620607,-66.3654214488844,0,0.496999999999844
"S2",100,1,2,0.5,500,2.6458949111728,1.92329270898592,0.8509338408755,-57.632170084648,0,0.5
"S2",100,1,2,0.5,501,0.720455111900879,2.09578876963811,0.345820670619922,-72.3533435287306,0,0.523000000000138
"S2",100,1,2,0.5,502,0.467897210859635,2.11930350957046,0.273188990367639,-69.2367082249027,0,0.539999999999964
"S2",100,1,2,0.5,503,1.04206131282553,2.03097031599498,0.525145887942552,-63.3156271038985,0,0.509999999999991
"S2",100,1,2,0.5,504,0.366356300449678,2.70443975901869,0.243462802924359,-49.995598116112,0,0.531000000000176
"S2",100,1,2,0.5,505,0.989572616752444,2.26445418287268,0.482461017049518,-59.2357462076901,0,0.445999999999913
"S2",100,1,2,0.5,506,0.596971868613271,1.7850332285687,0.38202850643081,-70.6339673147656,0,0.47199999999998
"S2",100,1,2,0.5,507,1.79942851936246,1.94216381155358,0.637053500780758,-66.8318728711346,0,0.544000000000096
"S2",100,1,2,0.5,508,1.2878556770533,2.07919491147625,0.567854072572927,-62.4171337083283,0,0.47199999999998
"S2",100,1,2,0.5,509,0.346185984306118,2.3489719291776,0.280514435819999,-51.9140132190344,0,0.498000000000047
"S2",100,1,2,0.5,510,1.857584875768,2.07970987057775,0.619830576356048,-64.1658562443072,0,0.479000000000042
"S2",100,1,2,0.5,511,2.37793186759068,1.94440463315494,0.804589499865085,-59.4354842931565,0,0.514999999999873
"S2",100,1,2,0.5,512,3.61516923062713,1.78261377938278,0.802758182194816,-69.226163949178,0,0.540000000000191
"S2",100,1,2,0.5,513,0.468346984292118,2.06270283409018,0.381763360581428,-55.0259422123904,0,0.585000000000036
"S2",100,1,2,0.5,514,7.03769572316039,1.72056572548696,1.04327964774529,-61.8597534676244,0,0.569999999999936
"S2",100,1,2,0.5,515,9999.56329902978,1.59967881808107,0.960832732893077,-77.2564520769031,0,1.04500000000007
"S2",100,1,2,0.5,516,1.20228454318953,2.03814354049141,0.534113818099917,-65.2320140052424,0,0.533999999999878
"S2",100,1,2,0.5,517,1.87968620734014,1.83249529438106,0.697059290147231,-66.4116428851849,0,0.636000000000195
"S2",100,1,2,0.5,518,0.930221720981573,2.03192756240621,0.44550688242273,-68.4404679993316,0,0.538999999999987
"S2",100,1,2,0.5,519,1.82076237785588,1.79954759686289,0.69878388621082,-66.5755777370396,0,0.511999999999944
"S2",100,1,2,0.5,520,1.98748965656309,1.98057153808137,0.680471350096779,-63.9931329243724,0,0.5
"S2",100,1,2,0.5,521,1.05734176340305,1.87419796527894,0.514429337759779,-69.549987904495,0,0.517000000000053
"S2",100,1,2,0.5,522,1.28634306914025,2.13367689923012,0.662571603710625,-53.4321923993312,0,0.577999999999975
"S2",100,1,2,0.5,523,2.61306761270923,1.54584418460925,0.836536813638643,-69.5797354822031,0,0.715000000000146
"S2",100,1,2,0.5,524,1.96434216072086,1.770225044589,0.730001309026913,-66.498931111417,0,0.511999999999944
"S2",100,1,2,0.5,525,1.31276417318673,1.87662959542501,0.707551827316128,-57.402176732453,0,0.474999999999909
"S2",100,1,2,0.5,526,9999.94984464183,1.47272152493297,1.02969140462251,-77.6627453561819,0,0.954000000000178
"S2",100,1,2,0.5,527,0.287204544477865,2.28204930522352,0.288861226147303,-45.883769197857,0,0.560999999999922
"S2",100,1,2,0.5,528,1.66540707746008,1.58579405239621,0.667837784452892,-74.6275364183743,0,0.457000000000107
"S2",100,1,2,0.5,529,2.02673056430935,2.11399821896894,0.722970375941949,-57.0340345276338,0,0.489000000000033
"S2",100,1,2,0.5,530,2.68265630728844,1.67773803833164,0.737894791106194,-73.9914148656286,0,0.55399999999986
"S2",100,1,2,0.5,531,2.19708802069635,1.87423606796032,0.784497307565504,-61.5451812165882,0,0.592000000000098
"S2",100,1,2,0.5,532,1.85568930903579,1.96502275768087,0.752665837100093,-57.9777201247096,0,0.598999999999933
"S2",100,1,2,0.5,533,0.44427025895469,2.05583678097469,0.288670270709945,-66.7766501998288,0,0.563000000000102
"S2",100,1,2,0.5,534,0.214375453143968,2.23955060790548,0.183721175315617,-56.2265318823766,0,0.573000000000093
"S2",100,1,2,0.5,535,0.529794797716262,2.05813754292085,0.301918122044087,-71.0574542622326,0,0.5150000000001
"S2",100,1,2,0.5,536,0.451084558580941,2.13659963959432,0.321648859725699,-59.7630193367605,0,0.534999999999854
"S2",100,1,2,0.5,537,9999.77661899935,1.60266260189609,1.1173304624949,-67.6143061382693,0,1.0440000000001
"S2",100,1,2,0.5,538,0.300072059546774,2.10130840341126,0.247487674140908,-59.069951595405,0,0.650000000000091
"S2",100,1,2,0.5,539,0.567538942243484,2.06516105918114,0.357306307638058,-64.3131883489549,0,0.526999999999816
"S2",100,1,2,0.5,540,0.530982074727744,1.97791595011386,0.327668011258122,-68.9405688130807,0,0.501999999999953
"S2",100,1,2,0.5,541,9999.7645813281,1.81092870335129,1.10454748102149,-61.45950472734,0,1.03899999999999
"S2",100,1,2,0.5,542,0.707863315772708,2.03360969410299,0.428227704534648,-62.75684110115,0,0.509000000000015
"S2",100,1,2,0.5,543,9.93807167631438,1.69586835088349,0.857184343685275,-76.1165620843276,0,0.546000000000049
"S2",100,1,2,0.5,544,0.470715534195885,2.4284333868603,0.263104080269882,-61.6820277854282,0,0.558999999999969
"S2",100,1,2,0.5,545,9999.65717296731,1.85837910626466,1.12107867456681,-58.8168743260397,0,1.01700000000005
"S2",100,1,2,0.5,546,1.60590788834679,1.72816234486074,0.765769493457774,-61.2990186477013,0,0.506000000000085
"S2",100,1,2,0.5,547,2.74982753885347,1.9187258035208,0.81794339983945,-60.7869661799045,0,0.513999999999896
"S2",100,1,2,0.5,548,9999.72622656031,1.73198801753005,0.984189515602757,-70.0133056523838,0,1.1110000000001
"S2",100,1,2,0.5,549,0.708801927589206,1.92278370561202,0.355698965845535,-76.1585969050356,0,0.516000000000076
"S2",100,1,2,0.5,550,1.34716506128983,2.11367767873019,0.463852346800972,-71.9090924189775,0,0.482999999999947
"S2",100,1,2,0.5,551,47.2414338706314,1.50869109361081,1.0703583035978,-73.0306790561845,0,0.6400000000001
"S2",100,1,2,0.5,552,0.317133710425498,2.05459766409741,0.258757043215304,-60.9417101980687,0,0.605999999999995
"S2",100,1,2,0.5,553,1.13278420456651,1.89980314146689,0.597379610769191,-62.126149278508,0,0.472999999999956
"S2",100,1,2,0.5,554,0.841771085092263,2.15368950591216,0.451855383427441,-61.8317540866813,0,0.516000000000076
"S2",100,1,2,0.5,555,359.381740677035,1.74940807233325,1.16438916256715,-60.406984881449,0,0.993999999999915
"S2",100,1,2,0.5,556,0.49749240879342,1.9898316987753,0.26201054098941,-77.1658629134263,0,0.525000000000091
"S2",100,1,2,0.5,557,0.910501909272704,1.83437589951789,0.428196331490228,-76.6780422439476,0,0.522999999999911
"S2",100,1,2,0.5,558,0.263441988068958,2.14098985308278,0.223344365020258,-57.2290173082377,0,0.541000000000167
"S2",100,1,2,0.5,559,2.98629216754744,1.95798391316612,0.866589272467198,-57.20882848639,0,0.55600000000004
"S2",100,1,2,0.5,560,0.187062596615767,2.50008225990162,0.25852931134487,-31.4755785595176,0,0.538999999999987
"S2",100,1,2,0.5,561,0.243360020885753,2.38505483898165,0.149696690501096,-65.637412914246,0,0.611999999999853
"S2",100,1,2,0.5,562,4.28505983346076,1.92039140631237,0.855599106136926,-62.2255171386334,0,0.649999999999864
"S2",100,1,2,0.5,563,2.5629818365823,1.83322744353683,0.908219175734667,-56.8346091498597,0,0.45900000000006
"S2",100,1,2,0.5,564,4.78337486605781,1.90906595626305,0.851014443264528,-63.7954733411734,0,0.574000000000069
"S2",100,1,2,0.5,565,0.437089724096152,2.09458732336215,0.363996673923656,-54.8073679746354,0,0.541999999999916
"S2",100,1,2,0.5,566,1.73598192804837,1.92842309615343,0.625179667152375,-67.4746120665339,0,0.567999999999984
"S2",100,1,2,0.5,567,2.36267140808192,1.96394373123793,0.812573650623836,-57.8350202624987,0,0.531000000000176
"S2",100,1,2,0.5,568,1.17475951025068,1.78652053273793,0.480605716869383,-78.7370404180512,0,0.47199999999998
"S2",100,1,2,0.5,569,1.76660731382272,1.84814772876873,0.515731763550519,-80.9532587357599,0,0.507000000000062
"S2",100,1,2,0.5,570,0.289665690931951,2.45781729041152,0.176586250353812,-62.9142799361359,0,0.555999999999813
"S2",100,1,2,0.5,571,2.37764507352252,1.71829131256369,0.771605173587907,-68.5196669118176,0,0.538000000000011
"S2",100,1,2,0.5,572,9999.86275108942,1.65221302431782,1.19304260528875,-61.9879684016953,0,1.01499999999987
"S2",100,1,2,0.5,573,0.284860845431511,2.40122360633799,0.1793157414898,-63.0777294146677,0,0.548000000000002
"S2",100,1,2,0.5,574,0.303290813664415,2.06802983481763,0.244849672650797,-60.6306363380614,0,0.586999999999989
"S2",100,1,2,0.5,575,2.71066082269472,2.01107397231097,0.906793858383003,-52.1403153844351,0,0.586999999999989
"S2",100,1,2,0.5,576,1.3085832716169,2.21755243606706,0.50602353206992,-63.8966501636481,0,0.480000000000018
"S2",100,1,2,0.5,577,0.961123377976668,1.87610594310052,0.529963505419265,-65.505020897453,0,0.557000000000016
"S2",100,1,2,0.5,578,0.939799324848489,2.04076915805646,0.600831562048114,-53.5401473248324,0,0.478999999999814
"S2",100,1,2,0.5,579,0.614080590573302,2.03078723810766,0.3812884057805,-64.7828431248683,0,0.488000000000056
"S2",100,1,2,0.5,580,3.71994023881558,1.94814858445865,0.747875985273044,-67.6747352191808,0,0.466000000000122
"S2",100,1,2,0.5,581,0.934821569536254,2.05450401981909,0.481674550365859,-63.7089322140146,0,0.482999999999947
"S2",100,1,2,0.5,582,0.238660347196536,1.97509612803783,0.188287285285028,-66.2978019571722,0,0.530999999999949
"S2",100,1,2,0.5,583,9999.86472496031,1.62912760629324,1.15493640139334,-64.7563429009976,0,1.0590000000002
"S2",100,1,2,0.5,584,4.01137354901581,1.7619441480407,0.86795476013223,-66.5878843876373,0,0.466999999999871
"S2",100,1,2,0.5,585,0.250185493654721,2.26966026667578,0.235371633766873,-49.583152341871,0,0.561000000000149
"S2",100,1,2,0.5,586,0.706155372120192,2.17220587121314,0.380653549477765,-64.4011957838908,0,0.531999999999925
"S2",100,1,2,0.5,587,1.39712918248349,1.98501290053396,0.62852812347916,-62.1924607732186,0,0.466000000000122
"S2",100,1,2,0.5,588,18.8173832572728,1.67206361924571,1.25708277091746,-56.0763237253103,0,0.547000000000025
"S2",100,1,2,0.5,589,2.19215145967281,1.95564667005852,0.835976539015362,-56.2472932340418,0,0.442999999999984
"S2",100,1,2,0.5,590,9999.9666239032,1.62540229559814,1.27764434940078,-58.8375699036786,0,0.889999999999873
"S2",100,1,2,0.5,591,9999.98501333736,1.69417461523568,1.34794937482818,-53.9206732737716,0,0.884999999999991
"S2",100,1,2,0.5,592,0.186057936755981,2.14907735898286,0.146225752208384,-63.6418573638394,0,0.636999999999944
"S2",100,1,2,0.5,593,1.02706623255639,1.87279548409307,0.508589915919395,-69.0642852676103,0,0.493999999999915
"S2",100,1,2,0.5,594,0.58312345154548,2.09084177225127,0.322058742938201,-70.2506183788339,0,0.488999999999805
"S2",100,1,2,0.5,595,11.0242877143778,1.97243264080567,1.03764627159986,-55.901091533082,0,0.540000000000191
"S2",100,1,2,0.5,596,0.13835547540951,2.11137367874604,0.121752647227195,-62.6166748177586,0,0.633000000000038
"S2",100,1,2,0.5,597,0.734462304987912,1.97319670149298,0.433611151154293,-65.609779963282,0,0.462999999999965
"S2",100,1,2,0.5,598,9998.62020567296,1.64523903715391,1.08856651835553,-67.2966404265659,0,1.13499999999999
"S2",100,1,2,0.5,599,2.67091871006755,1.94140415218127,0.631970704204874,-73.0327808168188,0,0.481999999999971
"S2",100,1,2,0.5,600,1.07579411486467,1.93124257835657,0.475335709698879,-71.7718731272932,0,0.494000000000142
"S2",100,1,2,0.5,601,0.710284609354744,2.1746911840579,0.409984240347637,-61.1877868719247,0,0.496999999999844
"S2",100,1,2,0.5,602,0.763019414867422,1.88599544716277,0.484152712804528,-62.8631079126379,0,0.538000000000011
"S2",100,1,2,0.5,603,0.309403389127654,2.26184096143595,0.178140062109508,-71.2109155001404,0,0.533999999999878
"S2",100,1,2,0.5,604,0.589972050554948,2.07419354466292,0.338488264603562,-67.8363284765142,0,0.57100000000014
"S2",100,1,2,0.5,605,1.17814051872026,2.18191162674981,0.647688037555499,-51.7828966933128,0,0.494999999999891
"S2",100,1,2,0.5,606,0.460679807517547,2.3254858403698,0.368082487032858,-49.817363268446,0,0.535000000000082
"S2",100,1,2,0.5,607,1.7435982248201,1.91519537704088,0.651515876248594,-66.310688895696,0,0.516000000000076
"S2",100,1,2,0.5,608,5.2660595413609,1.78655068196542,0.872675017479575,-67.7801984796567,0,0.515999999999849
"S2",100,1,2,0.5,609,27.1452815918654,1.5513669866405,1.01743120216274,-73.7317433749054,0,0.638999999999896
"S2",100,1,2,0.5,610,0.157741575407338,2.65779357940146,0.16172562167218,-40.7144214320814,0,0.565000000000055
"S2",100,1,2,0.5,611,0.278281069889843,2.47033071467782,0.217723624584758,-52.9368333040269,0,0.554000000000087
"S2",100,1,2,0.5,612,9999.9974107653,1.58249275884405,1.00392003706287,-75.7988564135376,0,0.912000000000035
"S2",100,1,2,0.5,613,0.667548774770585,2.04192997734834,0.574807490251248,-46.7676377865046,0,0.566000000000031
"S2",100,1,2,0.5,614,4.10193665838519,1.84349889057789,0.923045560360552,-60.2555522952752,0,0.504999999999882
"S2",100,1,2,0.5,615,1.71995869336435,1.80234046343823,0.752516864700888,-61.2275541282233,0,0.462999999999965
"S2",100,1,2,0.5,616,0.94667766929793,1.9713797172295,0.506605361086348,-64.4326029622604,0,0.540000000000191
"S2",100,1,2,0.5,617,26.5006707356754,1.68275579490283,1.03155602401976,-67.9693660174162,0,0.610999999999876
"S2",100,1,2,0.5,618,2.88790050485482,2.00342326657114,0.902649677610425,-53.8258538475807,0,0.527000000000044
"S2",100,1,2,0.5,619,1.48522836012191,1.71826819646734,0.766971152980592,-59.6797364083435,0,0.563000000000102
"S2",100,1,2,0.5,620,1.35364215080558,2.01944456773772,0.577895693185937,-64.6299858557284,0,0.507000000000062
"S2",100,1,2,0.5,621,1.33240846868047,2.02266355735345,0.570856303426136,-64.3194753886008,0,0.545999999999822
"S2",100,1,2,0.5,622,1.42940640444808,1.84835922941683,0.620123212870944,-67.237225750882,0,0.541000000000167
"S2",100,1,2,0.5,623,0.179781602635092,2.08202377779872,0.135673351360543,-66.9692410909922,0,0.711000000000013
"S2",100,1,2,0.5,624,0.514937705504304,2.03529280302059,0.342348957035786,-63.4289429014575,0,0.513999999999896
"S2",100,1,2,0.5,625,8.38888248634191,1.900831259559,1.16366086958705,-50.8426926303393,0,0.536000000000058
"S2",100,1,2,0.5,626,0.636454836166054,1.94920952673141,0.314572327727627,-79.0485211772377,0,0.526000000000067
"S2",100,1,2,0.5,627,0.175302133685615,2.01344337479784,0.149558715869966,-63.2540729180959,0,0.602000000000089
"S2",100,1,2,0.5,628,0.348005460477797,1.99325073782742,0.244472329782853,-68.3623992231415,0,0.520999999999958
"S2",100,1,2,0.5,629,0.413608612909812,2.13927427173416,0.286118550856621,-62.3868699525411,0,0.490999999999985
"S2",100,1,2,0.5,630,0.371351741641256,2.38054498374126,0.25380417682932,-57.6030252916076,0,0.516000000000076
"S2",100,1,2,0.5,631,9998.04890936791,1.79183586852804,1.35802466493962,-50.2862716574272,0,0.933999999999969
"S2",100,1,2,0.5,632,1.8773843050468,2.17205341063355,0.662447288184495,-58.752032430615,0,0.490999999999985
"S2",100,1,2,0.5,633,2.87149846335038,1.78976397992749,0.833253900286236,-64.3407534037804,0,0.489000000000033
"S2",100,1,2,0.5,634,0.31744888531215,2.21747689771473,0.239176754520442,-59.1671121409293,0,0.506000000000085
"S2",100,1,2,0.5,635,0.232398409842285,2.25063146955718,0.203665644862699,-54.7158381869567,0,0.548000000000002
"S2",100,1,2,0.5,636,0.273777905415504,2.12437152120599,0.226803679737155,-59.4111855393374,0,0.54300000000012
"S2",100,1,2,0.5,637,0.410404755257012,2.18522884301724,0.227398236556241,-71.2941122991282,0,0.520999999999958
"S2",100,1,2,0.5,638,6.42057155617788,1.7059321537278,0.915296186777683,-69.3976970474547,0,0.546000000000049
"S2",100,1,2,0.5,639,0.79217162895755,2.29844964161169,0.452822027299625,-56.1998395880928,0,0.577999999999975
"S2",100,1,2,0.5,640,7.31551120118685,1.91292720251016,0.768848788750778,-71.7447003400193,0,0.557999999999993
"S2",100,1,2,0.5,641,0.315652316448083,2.32485067489818,0.226790679389787,-59.0057809533313,0,0.572000000000116
"S2",100,1,2,0.5,642,0.779149524436118,1.8845354966694,0.463679376339815,-66.4353481291506,0,0.643000000000029
"S2",100,1,2,0.5,643,0.857642449148795,2.00959508922587,0.397336466679159,-72.7371813810747,0,0.460000000000036
"S2",100,1,2,0.5,644,1.02898874168576,2.21570129170752,0.433596153021725,-66.1833816786648,0,0.52800000000002
"S2",100,1,2,0.5,645,0.716943067363661,2.20771408152561,0.460656702417963,-55.005747602328,0,0.490999999999985
"S2",100,1,2,0.5,646,9999.96853599443,1.8209179251934,1.13086790086795,-59.6171363497695,0,0.905999999999949
"S2",100,1,2,0.5,647,0.369304781343132,2.19425814932826,0.25312897226769,-62.8351444396955,0,0.548999999999978
"S2",100,1,2,0.5,648,0.717583060945413,1.98729973526277,0.358646716790405,-73.6805380016928,0,0.494000000000142
"S2",100,1,2,0.5,649,0.259484041626395,2.65804022399344,0.152365544867515,-60.2562109826002,0,0.539999999999964
"S2",100,1,2,0.5,650,0.660025908533953,2.33438135463384,0.404110587274716,-55.7181561223178,0,0.5150000000001
"S2",100,1,2,0.5,651,0.548197239946215,2.4062219607584,0.362548499242282,-53.3514714299671,0,0.542999999999893
"S2",100,1,2,0.5,652,1.22520850707014,1.98897134305045,0.552278103266164,-65.3379705785759,0,0.495000000000118
"S2",100,1,2,0.5,653,0.157263801129674,2.36921330640317,0.11797663409105,-60.3830915832629,0,0.562999999999874
"S2",100,1,2,0.5,654,1.59988931502105,2.09159252129205,0.694124777746494,-56.1054810791945,0,0.531000000000176
"S2",100,1,2,0.5,655,0.183537346879864,1.9068034425379,0.168471388344484,-62.0416652779185,0,0.560999999999922
"S2",100,1,2,0.5,656,0.945292691476778,1.98606835019614,0.592802982324958,-55.1365076167644,0,0.572000000000116
"S2",100,1,2,0.5,657,2.42084483854899,1.85240033829296,0.804225464729353,-62.0736074277031,0,0.481999999999971
"S2",100,1,2,0.5,658,1.29692143499253,2.05060887206307,0.592693217440255,-61.7714583140839,0,0.504999999999882
"S2",100,1,2,0.5,659,8.27187523854942,1.71508784342383,0.811279196960676,-77.4495355407464,0,0.565999999999804
"S2",100,1,2,0.5,660,0.856047044113254,2.11374702726581,0.428899520450871,-65.7000495121294,0,0.510999999999967
"S2",100,1,2,0.5,661,0.676871332360681,2.12792996585093,0.404486002577288,-61.8384381995571,0,0.505999999999858
"S2",100,1,2,0.5,662,9999.9356159721,1.64148415604989,1.26115385599197,-59.6476505352835,0,0.895000000000209
"S2",100,1,2,0.5,663,9999.94033504167,1.63718066012326,0.999255574418785,-73.4846889887648,0,0.942999999999984
"S2",100,1,2,0.5,664,0.317192461474045,1.99669411548921,0.207927694851819,-72.0700127705564,0,0.627999999999929
"S2",100,1,2,0.5,665,0.980067943633305,2.13139398598547,0.684195165322241,-46.388658226692,0,0.466000000000122
"S2",100,1,2,0.5,666,2.0203371612617,2.0241070899716,0.799060446388444,-54.8985392636664,0,0.460000000000036
"S2",100,1,2,0.5,667,3.30793322165661,1.96829829013677,0.858768001592881,-58.5741115128142,0,0.56899999999996
"S2",100,1,2,0.5,668,2.86731001677573,2.05823930803502,0.623377697289918,-70.1576973139224,0,0.550000000000182
"S2",100,1,2,0.5,669,0.597732695316317,2.30125659667831,0.296407094442513,-66.7186762790213,0,0.588999999999942
"S2",100,1,2,0.5,670,1.39312258958323,1.83868497015105,0.597263547172914,-68.3963587899995,0,0.5
"S2",100,1,2,0.5,671,0.333358091255333,2.31850595261487,0.202041481216396,-65.6669472296475,0,0.551999999999907
"S2",100,1,2,0.5,672,0.218721517496086,1.85770860245143,0.165436517987388,-73.7374531007244,0,0.569999999999936
"S2",100,1,2,0.5,673,2.55328809527126,1.87640233331467,0.691182607926454,-70.2807326311352,0,0.496000000000095
"S2",100,1,2,0.5,674,1.26497083833325,2.01481408465385,0.543352834413985,-66.1780272309916,0,0.603999999999814
"S2",100,1,2,0.5,675,1.41312306177983,1.80826252154205,0.678057678670826,-62.7255403378388,0,0.557000000000016
"S2",100,1,2,0.5,676,1.16587320586475,1.88981609611732,0.589801947420243,-64.0873654204891,0,0.496999999999844
"S2",100,1,2,0.5,677,0.582614280541148,2.16882479730803,0.33318868041381,-65.3886366682859,0,0.496000000000095
"S2",100,1,2,0.5,678,1.79109924461497,1.74706224320877,0.520956907938056,-85.1014076078436,0,0.502999999999929
"S2",100,1,2,0.5,679,1.22767626558391,1.91386299003394,0.494847987376094,-73.3601816612885,0,0.494000000000142
"S2",100,1,2,0.5,680,2.77078357796956,2.06300947832634,0.711975517717259,-63.3413577132495,0,0.550999999999931
"S2",100,1,2,0.5,681,9999.97024753499,1.69513177199147,1.01211044160216,-71.7778906828392,0,0.871999999999844
"S2",100,1,2,0.5,682,0.861451725396714,2.10171519453104,0.445018905532665,-64.7782377199513,0,0.519999999999982
"S2",100,1,2,0.5,683,10.8628333040239,1.65438317765821,0.850952567475893,-78.5197385550739,0,0.567999999999984
"S2",100,1,2,0.5,684,0.744407995066136,2.19820138880017,0.50727932121252,-51.9362200121439,0,0.523999999999887
"S2",100,1,2,0.5,685,2.02109879958409,1.9322922426924,0.648112616636729,-68.385245580515,0,0.433999999999969
"S2",100,1,2,0.5,686,0.819166600016613,2.18167672891804,0.431768366207598,-61.5410667414482,0,0.451999999999998
"S2",100,1,2,0.5,687,0.432215967083172,2.10847544333021,0.430040145089486,-45.4047184156108,0,0.530999999999949
"S2",100,1,2,0.5,688,9999.97630097598,1.83741875146464,1.18795513739974,-57.5594993408777,0,0.8900000000001
"S2",100,1,2,0.5,689,5.81813434455759,1.94156145512501,1.0881471602331,-51.7189191461189,0,0.532999999999902
"S2",100,1,2,0.5,690,2.23504034986756,1.91642211849384,0.609892996247646,-72.796020219357,0,0.516000000000076
"S2",100,1,2,0.5,691,1.37588092692278,1.97434490167803,0.67315382899936,-58.7491499255134,0,0.521999999999935
"S2",100,1,2,0.5,692,9999.97117270978,1.7542995051829,1.11961040049929,-61.9436502337678,0,1.07500000000005
"S2",100,1,2,0.5,693,3.14309739005085,1.74314078917042,1.01640520705909,-55.3968106252882,0,0.563000000000102
"S2",100,1,2,0.5,694,8.70231483218957,1.88210419282997,0.987861845934337,-59.897880342186,0,0.79099999999994
"S2",100,1,2,0.5,695,17.8586711640659,1.48522106617113,1.1503012518028,-67.253055676143,0,0.597999999999956
"S2",100,1,2,0.5,696,0.391721977977373,2.08470054932635,0.258890009076553,-67.2704762012696,0,0.634999999999991
"S2",100,1,2,0.5,697,0.795554813097659,1.90257486736306,0.424466847105898,-71.1722813611155,0,0.485000000000127
"S2",100,1,2,0.5,698,0.5065955564244,2.30279580268682,0.250914312294603,-70.2408664890847,0,0.510999999999967
"S2",100,1,2,0.5,699,9999.994743993,1.78666496592152,0.887792695902957,-75.3706600272997,0,0.816000000000031
"S2",100,1,2,0.5,700,0.62026953912082,1.83709143904576,0.403955398214556,-67.8471754939065,0,0.5
"S2",100,1,2,0.5,701,0.774853006525302,2.20397937402149,0.442506617416407,-59.3144768234393,0,0.456000000000131
"S2",100,1,2,0.5,702,0.422800689478756,1.96135486340281,0.267995647950741,-72.5010766775491,0,0.514999999999873
"S2",100,1,2,0.5,703,0.446697115841656,2.34756274608181,0.279889854971008,-60.0471651809044,0,0.517000000000053
"S2",100,1,2,0.5,704,0.14730997697735,2.09898868248881,0.104554484970231,-71.0858661083014,0,0.61200000000008
"S2",100,1,2,0.5,705,1.34435895042717,2.09992277193777,0.595054279891318,-59.7851490228706,0,0.452999999999975
"S2",100,1,2,0.5,706,1.3952992104634,1.86507269958968,0.567617910695254,-70.3626439594654,0,0.504000000000133
"S2",100,1,2,0.5,707,0.52421453389822,2.06208950975746,0.323291209837144,-66.9568749099928,0,0.558999999999969
"S2",100,1,2,0.5,708,1.03436197088277,2.02694175112785,0.459428898194415,-69.541178582932,0,0.493999999999915
"S2",100,1,2,0.5,709,8.61221633124213,1.80699964841994,0.961718377228495,-64.9447503452088,0,0.591999999999871
"S2",100,1,2,0.5,710,1.38401905801973,1.82051350308791,0.594431414121193,-69.0777041732162,0,0.48700000000008
"S2",100,1,2,0.5,711,0.718398797530835,2.3342436817755,0.312645561310996,-68.3872002225442,0,0.494999999999891
"S2",100,1,2,0.5,712,9999.92980010789,1.89278171641279,0.886440191177462,-69.9296334961941,0,0.939000000000078
"S2",100,1,2,0.5,713,9999.73770257831,1.70059259106237,1.25654258853454,-57.0241166477664,0,1.47900000000004
"S2",100,1,2,0.5,714,0.332035816236128,2.38269555782357,0.235047091983655,-56.8085543767174,0,0.490000000000009
"S2",100,1,2,0.5,715,1.77793437871394,2.22707108175404,0.698922923227527,-53.7476861535679,0,0.524000000000115
"S2",100,1,2,0.5,716,4.72325413628903,1.96573316620253,0.979829841404639,-55.2652989657634,0,0.454999999999927
"S2",100,1,2,0.5,717,2.24526739829286,2.14027894280676,0.710519520096312,-58.3964069942067,0,0.451000000000022
"S2",100,1,2,0.5,718,0.835456995865645,1.97187014961426,0.502611207777906,-61.6961951193575,0,0.489000000000033
"S2",100,1,2,0.5,719,9999.74546405504,1.84432849617372,1.12468224507778,-59.3128494758159,0,0.902000000000044
"S2",100,1,2,0.5,720,9.26365917669526,1.81478507254534,0.930217015423683,-66.2271636410414,0,0.565000000000055
"S2",100,1,2,0.5,721,9999.95067863467,1.69108564998486,1.11467087114554,-64.8507883761,0,0.960000000000036
"S2",100,1,2,0.5,722,1.26197686804704,2.39985615184421,0.505588752766014,-57.2738178197621,0,0.474999999999909
"S2",100,1,2,0.5,723,1.90955510883998,1.81166874681259,0.628686517649912,-72.9925799327217,0,0.463000000000193
"S2",100,1,2,0.5,724,5.65851479598005,1.89223141134984,1.06185399291473,-54.2419417481173,0,0.6099999999999
"S2",100,1,2,0.5,725,3.82337943108867,1.78598019895339,0.949031630066865,-60.3362353791427,0,0.534000000000106
"S2",100,1,2,0.5,726,1.6419479501403,1.74645545941974,0.55243946012903,-80.0293985361197,0,0.523999999999887
"S2",100,1,2,0.5,727,0.30466561700008,1.93336089473182,0.233865400698641,-67.1503780213263,0,0.504000000000133
"S2",100,1,2,0.5,728,9998.37219382184,1.70459019807245,1.18947251126325,-60.0695938714869,0,1.173
"S2",100,1,2,0.5,729,2.42696534844618,1.937412863697,0.732814840366949,-63.6544072499627,0,0.509000000000015
"S2",100,1,2,0.5,730,1.26766136649073,2.01874631137199,0.470014331763156,-73.0909754249663,0,0.477000000000089
"S2",100,1,2,0.5,731,0.420395729464083,2.1751372684964,0.339864168999547,-53.9495530655666,0,0.545999999999822
"S2",100,1,2,0.5,732,14.1357468587712,1.4517863116828,0.930730833937709,-81.725883737592,0,0.616999999999962
"S2",100,1,2,0.5,733,1.22441858086626,1.98873960915233,0.5922334998948,-61.6790868380113,0,0.510999999999967
"S2",100,1,2,0.5,734,55.7698721522335,1.87650734398808,1.31638599949072,-48.9977152325586,0,0.692000000000007
"S2",100,1,2,0.5,735,0.16317503377035,2.16091426348776,0.151360773918101,-55.8826985919218,0,0.670000000000073
"S2",100,1,2,0.5,736,0.134879222283302,2.25926610052782,0.0964577251441419,-66.5172363139337,0,0.59699999999998
"S2",100,1,2,0.5,737,0.549447357728773,2.03988977100232,0.418879165311441,-56.3965134615418,0,0.572999999999865
"S2",100,1,2,0.5,738,0.199433702829544,2.14036594833169,0.152154601127003,-63.6078788358584,0,0.663000000000011
"S2",100,1,2,0.5,739,9999.94596173835,1.76113447655309,1.15077405937946,-60.3412182047265,0,1.0139999999999
"S2",100,1,2,0.5,740,2.26548879138461,1.96798544635469,0.761164433624823,-60.7724513026263,0,0.433999999999969
"S2",100,1,2,0.5,741,1.18897917866689,1.89010951484587,0.566816104613274,-66.4814613925176,0,0.47199999999998
"S2",100,1,2,0.5,742,0.302137552183323,2.26512920865624,0.237712811048058,-57.372744221829,0,0.505000000000109
"S2",100,1,2,0.5,743,0.386598128116743,2.22832718354131,0.24545220399148,-64.3487619274022,0,0.528999999999996
"S2",100,1,2,0.5,744,666.952013401324,2.02696933684834,1.13269606865874,-52.7057089984172,0,0.848999999999933
"S2",100,1,2,0.5,745,0.463829349697931,2.2536659957295,0.356451824183848,-52.7797852200852,0,0.513999999999896
"S2",100,1,2,0.5,746,0.601321000573869,2.2252043269571,0.453685958825991,-50.1617792320765,0,0.492999999999938
"S2",100,1,2,0.5,747,1.24481643372741,2.19968427847063,0.447764396760947,-68.7834269998054,0,0.434999999999945
"S2",100,1,2,0.5,748,9999.90588366033,1.98477687891871,1.19656799018499,-51.02551251816,0,0.921000000000049
"S2",100,1,2,0.5,749,0.384951163988822,2.27330892181431,0.286040602356412,-56.3260378163536,0,0.486999999999853
"S2",100,1,2,0.5,750,0.786512339383597,1.98293724777398,0.406204290667135,-70.2898798084319,0,0.565000000000055
"S2",100,1,2,0.5,751,0.193536286121313,2.15250170650761,0.144318512713848,-65.4231231924758,0,0.663999999999987
"S2",100,1,2,0.5,752,1.06229448709798,2.22024811059637,0.392930320703808,-70.3625541541974,0,0.551999999999907
"S2",100,1,2,0.5,753,0.663898833135954,2.39928857207751,0.350498104907589,-59.3805528035688,0,0.611000000000104
"S2",100,1,2,0.5,754,0.653231473570678,2.07810951933475,0.356350077689266,-68.2971108934942,0,0.610999999999876
"S2",100,1,2,0.5,755,0.73159560510566,1.81461940169788,0.452126394968726,-67.4933774456707,0,0.607999999999947
"S2",100,1,2,0.5,756,1.08380813045365,1.95185480673933,0.623105305047319,-57.6185522092013,0,0.567999999999984
"S2",100,1,2,0.5,757,0.493952119332156,2.07787735758232,0.40069622029089,-53.622272319619,0,0.673999999999978
"S2",100,1,2,0.5,758,0.884414324384759,1.87045770812023,0.478413500598541,-68.7384887252546,0,0.595000000000027
"S2",100,1,2,0.5,759,1.44639398595662,2.00384988851998,0.602940520498893,-63.775497893673,0,0.551000000000158
"S2",100,1,2,0.5,760,1.90100134858477,1.81652251028404,0.654673034478205,-70.8884650400419,0,0.493999999999915
"S2",100,1,2,0.5,761,0.494836022195108,2.36041878896776,0.300837928215172,-60.2441506682626,0,0.528999999999996
"S2",100,1,2,0.5,762,0.357474004227092,2.24760501370185,0.260489194786427,-59.5587293803235,0,0.509000000000015
"S2",100,1,2,0.5,763,2.51816338954795,2.08954621254433,0.799694248095275,-55.5466968773773,0,0.520999999999958
"S2",100,1,2,0.5,764,1.54477849772186,1.95969525798221,0.5993971438727,-66.7202903271708,0,0.47199999999998
"S2",100,1,2,0.5,765,0.902447538014143,2.00436628032497,0.545555649933583,-58.5908546904761,0,0.453999999999951
"S2",100,1,2,0.5,766,0.912468355385364,2.26482873187288,0.402211826759499,-65.1213208647333,0,0.493999999999915
"S2",100,1,2,0.5,767,1.83005918032749,1.87491105004784,0.734740406721242,-62.0222863811054,0,0.445000000000164
"S2",100,1,2,0.5,768,0.920136322635929,1.95725938414032,0.480395479880889,-66.4498156015909,0,0.448999999999842
"S2",100,1,2,0.5,769,6.63278022238913,1.869089642413,0.911432363698216,-63.7711104116321,0,0.51299999999992
"S2",100,1,2,0.5,770,0.655261473896933,1.98002962805915,0.473008497616533,-56.422851765026,0,0.539999999999964
"S2",100,1,2,0.5,771,1.01926402486359,2.18204604132121,0.491244946744045,-61.3362480463802,0,0.480000000000018
"S2",100,1,2,0.5,772,9997.19849102739,1.62353792195023,1.01565301849746,-72.5551754607419,0,1.00800000000004
"S2",100,1,2,0.5,773,0.469284290102972,1.97233887708837,0.289630998576467,-70.7562600536535,0,0.474999999999909
"S2",100,1,2,0.5,774,0.724531115417573,2.31244652526099,0.377614214200895,-61.5600356111754,0,0.453000000000202
"S2",100,1,2,0.5,775,0.133786845311068,2.54509614680281,0.0886850689871597,-60.2584686999004,0,0.526999999999816
"S2",100,1,2,0.5,776,0.345286132006636,2.13574914876027,0.23755158711995,-64.8215660880012,0,0.511999999999944
"S2",100,1,2,0.5,777,0.424462542646995,1.8880752307882,0.332548823047014,-62.2993345448569,0,0.509000000000015
"S2",100,1,2,0.5,778,1.55617243969701,1.87455906108518,0.658555528451681,-64.6497263198895,0,0.480999999999995
"S2",100,1,2,0.5,779,1.47313706854225,1.7487579184207,0.565319026530147,-76.220340529526,0,0.461999999999989
"S2",100,1,2,0.5,780,0.402654660553694,2.06689455627547,0.273522537107395,-65.8010918736693,0,0.520999999999958
"S2",100,1,2,0.5,781,0.672237213209182,1.98950127401601,0.411341130722036,-64.7338692727551,0,0.485000000000127
"S2",100,1,2,0.5,782,0.42943753621664,2.15750568049371,0.222586929408047,-74.860418257559,0,0.535000000000082
"S2",100,1,2,0.5,783,1.49840267345596,2.11936523262884,0.732418900338542,-51.4252007973826,0,0.560999999999922
"S2",100,1,2,0.5,784,2.25184694047287,1.81761817347033,0.768478344671525,-64.751402121843,0,0.496000000000095
"S2",100,1,2,0.5,785,1.25052705758348,1.92254471665827,0.603046590332034,-62.957870608517,0,0.595000000000027
"S2",100,1,2,0.5,786,0.613265523314567,2.32416007877068,0.338214924327402,-60.8999812878049,0,0.510999999999967
"S2",100,1,2,0.5,787,1.71483089482566,2.06441585769161,0.502018824491593,-73.9597945526403,0,0.558999999999969
"S2",100,1,2,0.5,788,2.3233209169019,1.75540964753008,0.674473029094629,-74.2806922101824,0,0.456000000000131
"S2",100,1,2,0.5,789,3.88184336555771,1.91913342830639,0.857304961938767,-61.6370275292589,0,0.463999999999942
"S2",100,1,2,0.5,790,0.714323384352045,1.96368634461868,0.391589952705962,-70.2012025229555,0,0.451000000000022
"S2",100,1,2,0.5,791,13.8880601950688,1.81356690659935,1.17636355808501,-54.6039592787461,0,0.624000000000024
"S2",100,1,2,0.5,792,9999.93345767835,1.79274715432681,0.984264384457415,-68.385172789771,0,0.94399999999996
"S2",100,1,2,0.5,793,9999.81967718637,1.70985163458755,1.25250290153724,-57.4863079322941,0,0.851000000000113
"S2",100,1,2,0.5,794,0.313126142012082,2.03116214080903,0.255696922926639,-61.1672457854308,0,0.51299999999992
"S2",100,1,2,0.5,795,18.1754083504747,1.52241399531418,0.998942463974751,-75.0691053442469,0,0.563000000000102
"S2",100,1,2,0.5,796,0.743259140899588,2.0979263518489,0.501247344221423,-55.4054077073845,0,0.465999999999894
"S2",100,1,2,0.5,797,1.51924903022475,2.03116892191147,0.601980534636151,-64.0702448519548,0,0.437999999999874
"S2",100,1,2,0.5,798,0.551511082895876,2.16315660615914,0.258908715745551,-75.6112756913494,0,0.530999999999949
"S2",100,1,2,0.5,799,0.531823457446601,2.06052668829318,0.398053269595619,-56.7161600903656,0,0.564999999999827
"S2",100,1,2,0.5,800,0.302237864267734,1.97795446243145,0.256245457040368,-60.2351217821979,0,0.547000000000025
"S2",100,1,2,0.5,801,0.873840707209623,2.34272424064044,0.361223815086976,-66.2299655497476,0,0.504000000000133
"S2",100,1,2,0.5,802,0.226107096550268,2.5174171310012,0.153613540592714,-59.0203395381722,0,0.536000000000058
"S2",100,1,2,0.5,803,0.963060734584534,1.99375444960995,0.575981137321144,-57.8344382954552,0,0.471000000000004
"S2",100,1,2,0.5,804,1.05794877968687,2.06505870479962,0.545105889118261,-60.6310289087659,0,0.45699999999988
"S2",100,1,2,0.5,805,1.41128388369858,2.11986740934622,0.669396366676703,-55.1406097177456,0,0.482000000000198
"S2",100,1,2,0.5,806,3.41271841891058,2.00171361444368,0.955117359828757,-52.7961928429482,0,0.54099999999994
"S2",100,1,2,0.5,807,0.305573692503021,2.24084312305722,0.242812347666149,-56.5461903015851,0,0.575000000000045
"S2",100,1,2,0.5,808,1.91372671345182,2.0541278612837,0.772897237611776,-54.9231585555335,0,0.440000000000055
"S2",100,1,2,0.5,809,1.31886613248308,1.97010168219572,0.554685968399964,-67.5104609883853,0,0.520999999999958
"S2",100,1,2,0.5,810,0.751530820070967,2.14820911495039,0.357595419612352,-69.7888391939201,0,0.600000000000136
"S2",100,1,2,0.5,811,0.264039061765076,2.36761193631012,0.213926962854038,-54.8348575469699,0,0.593999999999824
"S2",100,1,2,0.5,812,2.49395620239703,1.998975381671,0.778163629623806,-59.7655863973522,0,0.531000000000176
"S2",100,1,2,0.5,813,0.640288105172996,2.05045644265459,0.4368111747886,-58.4898905108648,0,0.55399999999986
"S2",100,1,2,0.5,814,1.55557268918864,1.80879242600299,0.609751679276897,-71.0192304639621,0,0.466000000000122
"S2",100,1,2,0.5,815,4.23926917719686,1.67582418285126,0.890185994625826,-67.9793395419807,0,0.529999999999973
"S2",100,1,2,0.5,816,1.02444614457573,2.02857223466086,0.763089753753737,-44.0992458441917,0,0.595000000000027
"S2",100,1,2,0.5,817,5.72275829062139,1.86040916228843,0.851912628524636,-67.1431497795564,0,0.651000000000067
"S2",100,1,2,0.5,818,0.898718589630439,2.04458365754301,0.479289018537745,-63.4061892573359,0,0.643000000000029
"S2",100,1,2,0.5,819,0.471290865074752,2.08963208354322,0.287063035287996,-68.2324816348196,0,0.508000000000038
"S2",100,1,2,0.5,820,0.846686840479543,1.99925464450626,0.507802987984237,-60.3457903514265,0,0.452999999999975
"S2",100,1,2,0.5,821,0.926988186632384,2.02540158232628,0.575633996902273,-55.8911439465125,0,0.463999999999942
"S2",100,1,2,0.5,822,0.94513988346311,1.91260695501166,0.455555531204435,-71.6681176170545,0,0.450999999999794
"S2",100,1,2,0.5,823,0.594239352247697,1.95311374001641,0.407162651710788,-62.1068566957562,0,0.517999999999802
"S2",100,1,2,0.5,824,1.16329950056738,1.97914867308229,0.72278519911082,-51.2127898257517,0,0.566000000000031
"S2",100,1,2,0.5,825,1.2444191948381,1.90505574272535,0.507044863681328,-73.3520599250179,0,0.50200000000018
"S2",100,1,2,0.5,826,1.28533754447808,2.03868365703192,0.637685189370245,-58.2874944585064,0,0.532999999999902
"S2",100,1,2,0.5,827,3.30612945692725,1.99626191179589,0.879468368650454,-56.8870866510359,0,0.581000000000131
"S2",100,1,2,0.5,828,1.28436907903531,2.03913910205406,0.497847911305843,-70.2122133018423,0,0.55600000000004
"S2",100,1,2,0.5,829,0.249229089053197,2.22856032975558,0.162039790651164,-68.5092285235776,0,0.579999999999927
"S2",100,1,2,0.5,830,7.56456642528092,1.85483046907544,1.02550330237704,-58.4307028430497,0,0.544000000000096
"S2",100,1,2,0.5,831,0.679959283963924,2.08262605706763,0.397107607676743,-64.0993269537147,0,0.616999999999962
"S2",100,1,2,0.5,832,0.467399579328561,1.93221772573825,0.295941557354199,-71.1037972067272,0,0.505000000000109
"S2",100,1,2,0.5,833,0.939562179703119,2.34143052573916,0.440355160271416,-59.147871553957,0,0.465999999999894
"S2",100,1,2,0.5,834,2.10073511936161,1.93704599830516,0.80352280154781,-57.5947639379345,0,0.511000000000195
"S2",100,1,2,0.5,835,1.36652845442939,2.06803776843828,0.464623147698412,-73.6638296692355,0,0.454999999999927
"S2",100,1,2,0.5,836,1.26776270242463,2.05301411809658,0.625287253795466,-57.7216775303721,0,0.509999999999991
"S2",100,1,2,0.5,837,12.4970619463427,1.7647609837958,1.09287492702421,-60.1565039399246,0,0.622000000000071
"S2",100,1,2,0.5,838,0.854716305900638,2.10662410520202,0.420159418502756,-66.9475586624704,0,0.462999999999965
"S2",100,1,2,0.5,839,0.249705273740224,2.02545190546231,0.205011216953111,-62.4907196137026,0,0.524000000000115
"S2",100,1,2,0.5,840,1.84659269511031,1.93199028260709,0.706496120169787,-62.4456205900857,0,0.452999999999975
"S2",100,1,2,0.5,841,5.45369086640091,1.83180602725932,0.932245476440193,-62.9028492770409,0,0.555000000000064
"S2",100,1,2,0.5,842,1.23027933121682,2.01695282319923,0.497995351324326,-70.3459489117461,0,0.464999999999918
"S2",100,1,2,0.5,843,1.20475023151993,2.28938261766799,0.604093225436087,-51.7672891670339,0,0.532000000000153
"S2",100,1,2,0.5,844,0.549212348692023,2.35786164497291,0.327846245216731,-59.277598067736,0,0.55399999999986
"S2",100,1,2,0.5,845,0.827964049142049,2.16067023214259,0.447984129073461,-61.451443570572,0,0.520000000000209
"S2",100,1,2,0.5,846,9999.8520370895,1.69858610301073,1.2244256303969,-59.8669798605921,0,0.934999999999945
"S2",100,1,2,0.5,847,2.28611083332868,1.89523653770697,0.689055396243115,-68.2343431949359,0,0.492999999999938
"S2",100,1,2,0.5,848,1.08404155995326,2.01425331807505,0.504565591095911,-66.6781583365222,0,0.548000000000002
"S2",100,1,2,0.5,849,9.77039547541959,1.54090355829095,0.943027248459112,-75.8953091767382,0,0.592000000000098
"S2",100,1,2,0.5,850,0.534141270274469,2.17041465977627,0.32566975620114,-64.0459863504113,0,0.557000000000016
"S2",100,1,2,0.5,851,1.29989484018803,1.93177694184147,0.561453267562997,-67.6975785356669,0,0.549999999999955
"S2",100,1,2,0.5,852,1.0233011372501,2.03456811619978,0.619795821203676,-54.6600151473365,0,0.650000000000091
"S2",100,1,2,0.5,853,2.46541153532178,1.84147465076482,0.666172889338621,-72.9143613832555,0,0.565000000000055
"S2",100,1,2,0.5,854,9999.44263226105,1.49926027779607,1.29511284892513,-61.729773615019,0,1.18499999999995
"S2",100,1,2,0.5,855,1.55984376046612,2.01739822580274,0.647990290479623,-61.4833985454482,0,0.533000000000129
"S2",100,1,2,0.5,856,0.613301052429681,2.19453141103935,0.379038382885711,-60.4353261230955,0,0.52800000000002
"S2",100,1,2,0.5,857,0.255455237192879,2.26690669736436,0.22047222519613,-53.9371158078368,0,0.596000000000004
"S2",100,1,2,0.5,858,0.402703012270142,2.33939518576066,0.281879139454352,-57.2758297901035,0,0.875999999999976
"S2",100,1,2,0.5,859,1.30145411003056,2.12326474574711,0.45714650453809,-71.4249532266692,0,0.710000000000036
"S2",100,1,2,0.5,860,1.21858905953041,2.07126178842616,0.497098593928228,-68.0619070066477,0,0.478000000000065
"S2",100,1,2,0.5,861,1.59413142306804,1.82118732427805,0.639262997662873,-68.8815775073444,0,0.478000000000065
"S2",100,1,2,0.5,862,9999.90452367369,1.69661422732879,1.01625844602493,-70.7811587528573,0,0.875999999999976
"S2",100,1,2,0.5,863,9999.9591560159,1.89927067105149,1.19966142985868,-54.3783404251012,0,0.817000000000007
"S2",100,1,2,0.5,864,1.78702377990296,2.05776753848166,0.661763839190269,-61.4197597458992,0,0.475999999999885
"S2",100,1,2,0.5,865,1.34895958623526,2.25596776672631,0.657310885151965,-51.0978529255034,0,0.477999999999838
"S2",100,1,2,0.5,866,5.65221026684281,1.79367780272393,0.951589538992935,-62.544808275586,0,0.536000000000058
"S2",100,1,2,0.5,867,0.144159165845372,2.12012247672833,0.121205625859905,-62.1978761694941,0,0.615999999999985
"S2",100,1,2,0.5,868,1.57617239083653,1.97031202508293,0.538678587078282,-72.5184265694966,0,0.485000000000127
"S2",100,1,2,0.5,869,2.23416168846974,2.00824479198325,0.882196656451297,-51.5223361461808,0,0.605999999999995
"S2",100,1,2,0.5,870,9999.83932818722,1.6090409208746,0.987716399389062,-75.1432586958627,0,1.08999999999992
"S2",100,1,2,0.5,871,0.520737937660521,2.32705759885359,0.353072918060258,-54.764593736946,0,0.535999999999831
"S2",100,1,2,0.5,872,1.07786426492893,2.19668895572559,0.557803219351015,-56.1357220391728,0,0.490000000000009
"S2",100,1,2,0.5,873,0.685486116784892,1.90253985950572,0.418254265131736,-67.1080652608295,0,0.512000000000171
"S2",100,1,2,0.5,874,0.775659146985506,2.05378161684295,0.563075387856325,-51.1930678446046,0,0.515999999999849
"S2",100,1,2,0.5,875,3.62877788410669,1.93868262871687,0.89199288160748,-58.2803882933303,0,0.602999999999838
"S2",100,1,2,0.5,876,0.113273877817669,2.33021165821437,0.0816062434720891,-63.9854482489787,0,0.734000000000151
"S2",100,1,2,0.5,877,2.14999995602041,1.76228441226159,0.798697619992432,-63.3266100708798,0,0.605000000000018
"S2",100,1,2,0.5,878,0.599145944232798,2.25460057023562,0.370308922276656,-58.7972598980174,0,0.557999999999993
"S2",100,1,2,0.5,879,0.72668306315505,2.0329234020874,0.435010085560101,-63.4529961947354,0,0.454999999999927
"S2",100,1,2,0.5,880,0.334280521856977,2.32792146728242,0.234291109049218,-58.759357674709,0,0.502999999999929
"S2",100,1,2,0.5,881,0.7690509590279,2.20613955537351,0.404283448326708,-63.4022376268918,0,0.474999999999909
"S2",100,1,2,0.5,882,2.09384408750519,2.02618360798432,0.801117386658508,-54.7385189637703,0,0.532000000000153
"S2",100,1,2,0.5,883,3.230324077272,1.87369263582432,0.840392546438133,-62.1402057643985,0,0.517000000000053
"S2",100,1,2,0.5,884,25.7140496434769,1.73265631087971,0.998341488773428,-68.2151631928324,0,0.705999999999904
"S2",100,1,2,0.5,885,7.42635689812479,1.683678181579,1.01299115083327,-65.0566860764814,0,0.570999999999913
"S2",100,1,2,0.5,886,2.6476962999847,1.81436065293933,0.786589852838754,-65.7846060073833,0,0.529999999999973
"S2",100,1,2,0.5,887,8.96408337971867,1.69807608752797,0.998646284060938,-66.3359115141646,0,0.561999999999898
"S2",100,1,2,0.5,888,0.655388956334658,2.01205055958097,0.309612994643546,-77.8835976888294,0,0.484000000000151
"S2",100,1,2,0.5,889,1.48223678600258,2.17705544195202,0.665268020899558,-54.3905070901518,0,0.492999999999938
"S2",100,1,2,0.5,890,3.11758067925417,1.69238317325431,0.976674968405545,-59.0949909789179,0,0.498000000000047
"S2",100,1,2,0.5,891,0.757561128394111,2.00436947572951,0.406092319063795,-68.6388535337995,0,0.549999999999955
"S2",100,1,2,0.5,892,8.14991404629098,1.85423737865079,1.13437586392123,-53.6755477024875,0,0.604000000000042
"S2",100,1,2,0.5,893,0.852699892431031,2.26515512526276,0.442791032389643,-58.9322427634844,0,0.573000000000093
"S2",100,1,2,0.5,894,0.552945276664823,2.12121726790461,0.41148592603842,-55.7662246530313,0,0.56899999999996
"S2",100,1,2,0.5,895,3.32951860088182,1.74937169138412,0.678270987961228,-79.1419685426643,0,0.622000000000071
"S2",100,1,2,0.5,896,2.31932628395533,2.03989487774458,0.544623529602016,-74.7782738716205,0,0.51299999999992
"S2",100,1,2,0.5,897,0.451601148241365,1.98894950912762,0.260077002057797,-74.8567154803447,0,0.61200000000008
"S2",100,1,2,0.5,898,205.380451722296,1.55705493258765,1.15670148189653,-66.8077418144598,0,0.817999999999984
"S2",100,1,2,0.5,899,2.04445589943564,1.89697461776014,0.624311679049377,-71.9037869194075,0,0.475000000000136
"S2",100,1,2,0.5,900,0.560128720305831,1.91561947546045,0.353769977470936,-68.9957248302595,0,0.454999999999927
"S2",100,1,2,0.5,901,7.83541371633936,1.71746110579398,0.897380812939853,-71.2587488259611,0,0.635999999999967
"S2",100,1,2,0.5,902,1.03670712850794,2.04016185472959,0.401808084385778,-76.2100224865815,0,0.565999999999804
"S2",100,1,2,0.5,903,1.37683771977214,1.80068028909805,0.650471357326472,-64.7231647461972,0,0.492999999999938
"S2",100,1,2,0.5,904,0.337815788395404,2.22822695127648,0.223145474867409,-65.0016381655834,0,0.561999999999898
"S2",100,1,2,0.5,905,1.38062454979924,2.16336492360251,0.730049358038722,-49.6795022127862,0,0.62700000000018
"S2",100,1,2,0.5,906,0.282791078834671,1.83555884089123,0.218487352982852,-69.9952858588934,0,0.604000000000042
"S2",100,1,2,0.5,907,3.92397573068524,2.01137324496046,0.872604860682983,-58.3624090846871,0,0.544999999999845
"S2",100,1,2,0.5,908,10.4083543029986,1.63861211356476,1.01215511012526,-68.0198963731945,0,0.597999999999956
"S2",100,1,2,0.5,909,9999.97944381233,1.90279724432087,0.968037106195545,-65.6321501451636,0,0.836999999999989
"S2",100,1,2,0.5,910,0.309518725704891,2.2609238433778,0.207102162077208,-64.3703333273397,0,0.542999999999893
"S2",100,1,2,0.5,911,1.14084377695542,1.77540293661611,0.440022300929754,-83.3758609508296,0,0.480999999999995
"S2",100,1,2,0.5,912,0.457610715727737,2.31862686447893,0.314601879977094,-56.8035645788353,0,0.531999999999925
"S2",100,1,2,0.5,913,3.24699155177796,1.90103075287077,0.851404967720178,-61.2490695500908,0,0.566000000000031
"S2",100,1,2,0.5,914,17.6530045465665,1.72314444750413,1.06459413397801,-63.7322448034331,0,0.641000000000076
"S2",100,1,2,0.5,915,2.49549999124259,1.85862842875735,0.781629122821096,-64.0739464634042,0,0.483999999999924
"S2",100,1,2,0.5,916,1.25772150155747,2.11643858390865,0.661147539005938,-53.3104512956479,0,0.489000000000033
"S2",100,1,2,0.5,917,0.3659952484211,2.18559810944145,0.383905909442677,-43.698980811654,0,0.533000000000129
"S2",100,1,2,0.5,918,1.79576655199451,1.94487181526878,0.626282770301258,-67.7217468774759,0,0.487999999999829
"S2",100,1,2,0.5,919,0.157618634931282,2.38499154929907,0.111012167151168,-62.9301183358788,0,0.573000000000093
"S2",100,1,2,0.5,920,0.800345692242363,2.29999113565956,0.417457427163042,-59.1084429081987,0,0.559999999999945
"S2",100,1,2,0.5,921,0.325946764735756,1.97961965521181,0.267812939216536,-60.8180642200106,0,0.586000000000013
"S2",100,1,2,0.5,922,1.01411317195966,1.97294455184263,0.637244984817034,-54.5438675368406,0,0.445000000000164
"S2",100,1,2,0.5,923,0.468538507254215,2.36514023376132,0.277004946310882,-60.6105244113766,0,0.4849999999999
"S2",100,1,2,0.5,924,1.04335977459082,2.40106762839165,0.638371814169234,-44.2878008275508,0,0.499000000000024
"S2",100,1,2,0.5,925,0.474816019775698,2.34520329685455,0.293747813309738,-59.1245666100004,0,0.607000000000198
"S2",100,1,2,0.5,926,2.47574508063397,1.86901971530153,0.799585215812699,-62.4444029032901,0,0.461999999999989
"S2",100,1,2,0.5,927,1.22588232638322,1.77622343024388,0.514595243404218,-76.9281656444919,0,0.44399999999996
"S2",100,1,2,0.5,928,0.597468224185474,1.96959233991851,0.310789813183494,-76.061154184487,0,0.585000000000036
"S2",100,1,2,0.5,929,0.950474651083169,1.80224396665322,0.44728215289815,-76.3129449345515,0,0.564000000000078
"S2",100,1,2,0.5,930,1.64546173982664,2.18186920286726,0.766413869500992,-49.6396577452915,0,0.485999999999876
"S2",100,1,2,0.5,931,1.07206404652517,1.98135081380727,0.433681978245015,-74.7527895095629,0,0.451000000000022
"S2",100,1,2,0.5,932,1.58355310426687,1.74502604832807,0.640087541242605,-71.1064744907608,0,0.434000000000196
"S2",100,1,2,0.5,933,2.60541281617523,2.06439140712777,0.772712249316962,-58.720316500033,0,0.466999999999871
"S2",100,1,2,0.5,934,5.58231777237939,1.89506862314492,0.843609391775832,-65.8092926738136,0,0.58400000000006
"S2",100,1,2,0.5,935,12.4661347377502,1.66916777670137,0.839118375826783,-78.9453356631896,0,0.564000000000078
"S2",100,1,2,0.5,936,9999.96878147488,1.76399303115497,1.08566934088099,-64.6130065201437,0,0.920000000000073
"S2",100,1,2,0.5,937,1.99848550190132,1.80010826080664,0.726946105958683,-65.9778093362257,0,0.59699999999998
"S2",100,1,2,0.5,938,7.02489682074376,1.76722859512791,0.789447329327707,-76.1344137020964,0,0.525000000000091
"S2",100,1,2,0.5,939,0.88640969841595,1.87454071010596,0.568581184876323,-59.2938041733703,0,0.476999999999862
"S2",100,1,2,0.5,940,4.36830350867508,1.9838837865963,0.797523978963973,-64.4800970396772,0,0.509999999999991
"S2",100,1,2,0.5,941,1.67447135318196,1.86023896171414,0.548775201878878,-76.5480704046973,0,0.533999999999878
"S2",100,1,2,0.5,942,4.47117010784689,1.81913474547594,0.889336125871111,-64.5120391900998,0,0.590000000000146
"S2",100,1,2,0.5,943,1.50669485739254,1.9949475664183,0.639289261172689,-61.7243832196389,0,0.544999999999845
"S2",100,1,2,0.5,944,9999.97932671099,1.60873549432894,0.841257148226779,-85.4693901171235,0,1.01200000000017
"S2",100,1,2,0.5,945,0.303566875394275,1.96670529683697,0.28721391170751,-54.3645843656061,0,0.596000000000004
"S2",100,1,2,0.5,946,0.964935803266356,1.94026774633852,0.518512303508834,-64.5282401096406,0,0.515999999999849
"S2",100,1,2,0.5,947,0.175967318912032,2.23838923729049,0.150931863942928,-56.9181121144216,0,0.597999999999956
"S2",100,1,2,0.5,948,0.804122562114972,2.16243742449315,0.460698687309131,-60.1792895816351,0,0.721000000000004
"S2",100,1,2,0.5,949,9999.88950442308,1.74507503420817,1.13730928795995,-61.4827990131028,0,1.04299999999989
"S2",100,1,2,0.5,950,2.26944405502026,1.72350990019885,0.807609518969105,-64.7771341932039,0,0.532999999999902
"S2",100,1,2,0.5,951,239.380817143438,1.78301931176388,1.07490236384204,-63.1053161979614,0,0.90300000000002
"S2",100,1,2,0.5,952,0.748691690056395,1.99987096144094,0.438424076936637,-64.6030758361725,0,0.534000000000106
"S2",100,1,2,0.5,953,0.233010827777565,2.21481220607131,0.181422225484068,-61.141405963354,0,0.531999999999925
"S2",100,1,2,0.5,954,2.62814547409209,1.86948500431194,0.674395066311102,-71.953799824852,0,0.508000000000038
"S2",100,1,2,0.5,955,3.24126120384919,1.61605589275098,0.784963515500137,-75.1400572436959,0,0.57100000000014
"S2",100,1,2,0.5,956,1.56756374753667,1.95245416133077,0.65178834907752,-63.0696946215923,0,0.49799999999982
"S2",100,1,2,0.5,957,9999.47747353523,1.52632437633729,1.16048234550202,-67.9224660979964,0,1.00799999999981
"S2",100,1,2,0.5,958,0.079454530239839,2.51846376735627,0.0771467472563232,-50.497911195705,0,0.575999999999794
"S2",100,1,2,0.5,959,9999.84425079743,1.86072139823511,1.08254645591076,-60.6375492500807,0,0.980000000000018
"S2",100,1,2,0.5,960,0.400266657254431,2.30495157778797,0.311092379316976,-53.0654070238311,0,0.538999999999987
"S2",100,1,2,0.5,961,1.52596581253089,2.32393013167075,0.613610226924817,-54.3971822111508,0,0.474999999999909
"S2",100,1,2,0.5,962,9998.95047783488,1.90076935158212,1.16130685423148,-55.4862961270314,0,1.01800000000003
"S2",100,1,2,0.5,963,0.780127854937365,2.17190700118068,0.444179897417103,-59.9475983198278,0,0.45900000000006
"S2",100,1,2,0.5,964,1.00072329242995,1.91716836395038,0.633342901620647,-55.4817112831089,0,0.460000000000036
"S2",100,1,2,0.5,965,4.13313563857636,1.70730705722126,0.850474695569608,-69.8709336679794,0,0.530999999999949
"S2",100,1,2,0.5,966,0.268903820886361,2.05315426704769,0.262840340009079,-52.6929137419485,0,0.558999999999969
"S2",100,1,2,0.5,967,1.13796584802664,1.90088898142827,0.558055523894933,-65.5235782288788,0,0.509000000000015
"S2",100,1,2,0.5,968,29.8966681616787,1.81902521183085,1.21289249811921,-54.7215013487724,0,0.682000000000016
"S2",100,1,2,0.5,969,1.06847174013587,2.24376833545302,0.411110767153417,-68.7918756302469,0,0.480999999999995
"S2",100,1,2,0.5,970,0.992808559786542,2.12577104607971,0.401518882116533,-71.4166467201426,0,0.463000000000193
"S2",100,1,2,0.5,971,3.99636172887691,2.02991976116325,0.896466053186795,-56.5452910906495,0,0.491999999999962
"S2",100,1,2,0.5,972,9.29959246786114,1.57949401195374,0.966535416889762,-72.6075892162065,0,0.509999999999991
"S2",100,1,2,0.5,973,9999.95054050528,2.01140514990558,1.09110498916957,-55.6679646748563,0,0.928000000000111
"S2",100,1,2,0.5,974,9999.96679042283,1.79263202445006,1.15133011681856,-59.817416319606,0,0.910999999999831
"S2",100,1,2,0.5,975,9999.86699607462,1.68547136651618,1.23894471233521,-58.9426270172805,0,0.866999999999962
"S2",100,1,2,0.5,976,0.420213042660859,2.02848573580903,0.292112585912846,-65.2370481131167,0,0.493999999999915
"S2",100,1,2,0.5,977,1.34401715042243,1.75506826438909,0.561026105039834,-74.4383670763199,0,0.493000000000166
"S2",100,1,2,0.5,978,3.54351744759989,1.81772383552228,0.873625852909266,-63.3220863749076,0,0.485999999999876
"S2",100,1,2,0.5,979,2.04098630074632,2.09275788946717,0.665261891270038,-61.9135811316417,0,0.460000000000036
"S2",100,1,2,0.5,980,2.12504489429473,1.70616027001725,0.647190983728111,-76.2751518634379,0,0.548999999999978
"S2",100,1,2,0.5,981,0.690006401342638,1.93133132335684,0.401217297022083,-68.8148327964262,0,0.497000000000071
"S2",100,1,2,0.5,982,0.476766345888714,1.95585452323428,0.318299423944919,-67.4344390214892,0,0.620000000000118
"S2",100,1,2,0.5,983,3.99457980339356,1.7665781408443,0.995146766918763,-58.7088929414725,0,0.5
"S2",100,1,2,0.5,984,1.29899210724852,1.8855591576995,0.655633012013588,-60.739228239601,0,0.523999999999887
"S2",100,1,2,0.5,985,2.52950394711885,1.8936054325248,0.770795717968884,-63.8642396271454,0,0.48700000000008
"S2",100,1,2,0.5,986,0.13936460307552,2.18355976745057,0.107920252159398,-65.7090245946403,0,0.701000000000022
"S2",100,1,2,0.5,987,9999.82155570888,1.95806127091264,0.903927847897045,-66.2877397970357,0,0.93100000000004
"S2",100,1,2,0.5,988,3.54377378039405,2.09929242498181,0.728520461617456,-62.9727979310029,0,0.513999999999896
"S2",100,1,2,0.5,989,18.5229517492402,1.61477059433608,0.921062568306314,-76.7048585533971,0,0.629000000000133
"S2",100,1,2,0.5,990,2.78800955931158,1.68301412763656,0.747164448378438,-73.3364774491083,0,0.492999999999938
"S2",100,1,2,0.5,991,0.493201615154668,2.35990852397045,0.298378001364311,-59.6816890918828,0,0.497000000000071
"S2",100,1,2,0.5,992,1.23098165623709,1.9153807733921,0.501917236930599,-72.9190622862259,0,0.495000000000118
"S2",100,1,2,0.5,993,9999.92787060573,1.67202723343058,1.30383091545595,-56.801966951665,0,0.81899999999996
"S2",100,1,2,0.5,994,0.509593465916687,2.02888318710494,0.339194171306596,-64.972586015027,0,0.545000000000073
"S2",100,1,2,0.5,995,0.825764865545598,2.01777934217236,0.528018355901547,-57.7817455387801,0,0.565000000000055
"S2",100,1,2,0.5,996,3.61301955124627,1.92126859552737,0.891518761615734,-59.435565569447,0,0.519999999999982
"S2",100,1,2,0.5,997,3.07279261231497,1.61220277411667,0.746665859132436,-77.5907416884822,0,0.461999999999989
"S2",100,1,2,0.5,998,0.484295015561333,2.00507247652583,0.364934007630567,-60.1497710538305,0,0.464999999999918
"S2",100,1,2,0.5,999,0.576333117187582,2.14362696416475,0.270533970909137,-75.6050678306211,0,0.550000000000182
"S2",100,1,2,0.5,1000,0.301715272791077,2.23566199544304,0.288266477077893,-48.7480038795122,0,0.538999999999987
