"scenario","n","alpha_true","beta_true","lambda_true","replication","alpha_hat","beta_hat","lambda_hat","logLik","convergence","seconds"
"S2",1000,1,2,0.5,1,1.12559374045708,1.95087787642484,0.539622709156106,-656.662284909694,0,1.82899999999995
"S2",1000,1,2,0.5,2,1.00781637060938,1.96371613644265,0.478711017554021,-688.473769429639,0,1.73700000000008
"S2",1000,1,2,0.5,3,1.21570952555601,1.97823518396645,0.53484081968506,-669.822099609473,0,1.88100000000009
"S2",1000,1,2,0.5,4,0.702520585170567,2.02373250287421,0.379429915402405,-690.148445315886,0,1.80099999999993
"S2",1000,1,2,0.5,5,1.07153213610359,1.94578797894677,0.534600441932393,-652.664623694678,0,1.68600000000015
"S2",1000,1,2,0.5,6,0.777454796893381,1.94511421667178,0.420664413678545,-688.94542608848,0,1.82999999999993
"S2",1000,1,2,0.5,7,1.41898827323101,1.97753088449536,0.613496189134402,-633.566508707692,0,1.74500000000012
"S2",1000,1,2,0.5,8,1.27604652266629,1.99380666255562,0.57455510843641,-641.509058459106,0,1.78399999999988
"S2",1000,1,2,0.5,9,1.30121257925636,1.98345507493699,0.53137821490652,-686.871504354586,0,1.64200000000005
"S2",1000,1,2,0.5,10,0.598004988374929,2.09769204593322,0.355002744320706,-651.223981800274,0,1.69499999999994
"S2",1000,1,2,0.5,11,0.780724885628046,1.98856416678409,0.415086853651295,-685.109891336408,0,1.76199999999994
"S2",1000,1,2,0.5,12,1.47202178890765,2.00352327438588,0.619188878636073,-627.4213065453,0,1.78500000000008
"S2",1000,1,2,0.5,13,2.6131725062457,1.94129953182104,0.746354169205927,-640.308771165767,0,1.69399999999996
"S2",1000,1,2,0.5,14,0.795246428698829,2.05125881268766,0.468804336401424,-611.990829197208,0,1.74000000000001
"S2",1000,1,2,0.5,15,0.744237662120021,2.07429589481645,0.3918595658879,-672.019060378208,0,1.74499999999989
"S2",1000,1,2,0.5,16,1.30976671238225,2.03656203011707,0.612895752420868,-599.941494064323,0,1.62899999999991
"S2",1000,1,2,0.5,17,0.573100839760013,2.15861565601716,0.37455455463273,-594.990962896717,0,1.73199999999997
"S2",1000,1,2,0.5,18,1.4503320637289,1.90757180609921,0.555691451749557,-709.146487540006,0,1.65200000000004
"S2",1000,1,2,0.5,19,1.74005899830689,1.91994902235506,0.634024914318001,-670.956244647239,0,1.78800000000001
"S2",1000,1,2,0.5,20,1.28060134683439,1.96993415159771,0.5526627657601,-667.661981355222,0,1.67499999999995
"S2",1000,1,2,0.5,21,1.43479149099836,1.87269350679692,0.584088022175416,-694.263258794135,0,1.70299999999997
"S2",1000,1,2,0.5,22,0.923206121918475,1.99901782464488,0.491871781634509,-640.252560350483,0,1.80099999999993
"S2",1000,1,2,0.5,23,1.02329494635363,2.02148938337529,0.52387536752557,-627.920069736534,0,1.721
"S2",1000,1,2,0.5,24,0.656801276781879,2.01327640021273,0.387824493272503,-662.921526276005,0,1.78400000000011
"S2",1000,1,2,0.5,25,0.482328563821206,2.21930411100013,0.312761043204629,-607.348239378593,0,1.77399999999989
"S2",1000,1,2,0.5,26,0.798774767990206,2.04079341075565,0.460735522320311,-624.644016135006,0,1.88999999999987
"S2",1000,1,2,0.5,27,0.449387579815375,2.07499077578052,0.304933109771528,-635.452701484101,0,1.75300000000016
"S2",1000,1,2,0.5,28,0.993598851131834,2.01865874420323,0.473455437498511,-672.463143909926,0,1.86399999999981
"S2",1000,1,2,0.5,29,0.805598220415187,2.09076587958405,0.417191893926219,-661.0518174476,0,1.76699999999983
"S2",1000,1,2,0.5,30,0.974559426139939,1.97660582765616,0.464643057320772,-689.649566208073,0,1.80299999999988
"S2",1000,1,2,0.5,31,1.02306330318546,1.91751177210037,0.526112633772746,-657.706773813824,0,1.84799999999996
"S2",1000,1,2,0.5,32,1.24585008165967,1.97097736098781,0.533539020804445,-678.761084832011,0,1.82500000000005
"S2",1000,1,2,0.5,33,1.23134457429857,1.94378408572712,0.58703066792484,-636.11199547228,0,1.89400000000001
"S2",1000,1,2,0.5,34,1.11379938861391,1.96005531372569,0.522930322999432,-668.072976599701,0,1.779
"S2",1000,1,2,0.5,35,1.67639555631895,1.89430645682808,0.615651755746622,-689.562834204057,0,1.52599999999984
"S2",1000,1,2,0.5,36,1.76197283633935,1.85092005660981,0.640108235896059,-691.87763563961,0,1.702
"S2",1000,1,2,0.5,37,0.623290952592766,2.11189793914558,0.379070173120869,-626.208574154368,0,1.86299999999983
"S2",1000,1,2,0.5,38,2.29863943261192,1.87080257101859,0.745685595119589,-646.217201235281,0,1.75700000000006
"S2",1000,1,2,0.5,39,0.462503512993566,2.10032986459645,0.310041560030858,-635.520693495328,0,1.83600000000001
"S2",1000,1,2,0.5,40,0.861619004452988,1.97509853503657,0.440111016115688,-688.241000076541,0,1.67200000000003
"S2",1000,1,2,0.5,41,0.945414408948391,2.03554505180892,0.460839229261773,-669.135943432056,0,1.86699999999996
"S2",1000,1,2,0.5,42,1.34108735963954,1.97598020886309,0.633588722852668,-607.083312511415,0,1.86199999999985
"S2",1000,1,2,0.5,43,1.38595411712841,2.02335900901945,0.611506554608163,-616.644132670548,0,1.73099999999999
"S2",1000,1,2,0.5,44,0.929202797042158,2.03470989960288,0.460181892213437,-662.892784977493,0,1.85100000000011
"S2",1000,1,2,0.5,45,1.21192380976516,2.00995684519716,0.553892428743489,-640.637592451206,0,1.92200000000003
"S2",1000,1,2,0.5,46,0.692408934518529,1.95298759074673,0.408597574602201,-670.135642007918,0,1.78700000000003
"S2",1000,1,2,0.5,47,1.08557135731063,1.98115538369325,0.508732005179924,-667.965252440624,0,1.60100000000011
"S2",1000,1,2,0.5,48,0.742637958532016,2.08006114091013,0.407135985353153,-652.118340516903,0,1.86299999999983
"S2",1000,1,2,0.5,49,3.33479725812998,1.84904794069983,0.818958300094026,-648.880176648421,0,1.94700000000012
"S2",1000,1,2,0.5,50,0.765660452124194,2.01141461068388,0.448479217870724,-634.091776333087,0,1.90800000000013
"S2",1000,1,2,0.5,51,0.849646637534515,2.07817749347183,0.438853658170811,-653.117790857508,0,1.81600000000003
"S2",1000,1,2,0.5,52,1.26320684344444,1.92505913692675,0.549065817171797,-682.187005551871,0,1.78499999999985
"S2",1000,1,2,0.5,53,0.380139530338334,2.09458411551974,0.282466536694635,-608.871742237754,0,1.91300000000001
"S2",1000,1,2,0.5,54,1.46073546581888,1.92946150110127,0.595519668226872,-670.015674437318,0,1.64600000000019
"S2",1000,1,2,0.5,55,2.02443580696746,1.86534587023078,0.707404562438757,-657.52390935482,0,1.69499999999994
"S2",1000,1,2,0.5,56,0.766245607106202,2.03480735494191,0.434928562443716,-643.483758938954,0,1.84000000000015
"S2",1000,1,2,0.5,57,1.72157564835344,1.95537670901219,0.673341531904479,-628.381977787377,0,1.68099999999981
"S2",1000,1,2,0.5,58,0.485657688453269,2.13165342256906,0.302411865188455,-652.911381705278,0,1.96199999999999
"S2",1000,1,2,0.5,59,1.20957256187083,1.98719523843494,0.580120560039908,-621.881975531739,0,1.86999999999989
"S2",1000,1,2,0.5,60,0.915097050386492,2.0541158473877,0.456760368404876,-659.592581961001,0,1.85699999999997
"S2",1000,1,2,0.5,61,1.13897796966035,2.02677872593109,0.526591821793589,-649.809025985132,0,1.64699999999993
"S2",1000,1,2,0.5,62,1.16369708040791,2.01946509342544,0.552810126204584,-631.51422192103,0,1.90100000000007
"S2",1000,1,2,0.5,63,1.17433251651548,2.01798544836178,0.55704318725375,-631.439021376153,0,1.66699999999992
"S2",1000,1,2,0.5,64,0.959012048494279,2.02128501650042,0.528398409282933,-611.443002527041,0,1.84500000000003
"S2",1000,1,2,0.5,65,2.43006013913458,1.83960066288873,0.721198802300268,-683.679662558007,0,1.79300000000012
"S2",1000,1,2,0.5,66,0.967505681457462,1.95235190152807,0.497521536862035,-661.472969508653,0,1.71100000000001
"S2",1000,1,2,0.5,67,1.51788413144266,1.92237704624817,0.616519330791931,-660.689665362389,0,1.61400000000003
"S2",1000,1,2,0.5,68,2.14739647818956,1.91436932808247,0.706733661115003,-647.322423660809,0,1.69200000000001
"S2",1000,1,2,0.5,69,1.39515682530571,1.99560486495044,0.56496066629457,-666.331438603613,0,1.702
"S2",1000,1,2,0.5,70,0.674372634069393,2.01716263462273,0.389205988118426,-666.578362616497,0,1.71399999999994
"S2",1000,1,2,0.5,71,1.56874761722921,1.98920263284874,0.677709832578336,-599.374108927132,0,1.73700000000008
"S2",1000,1,2,0.5,72,2.86127638391977,1.82128843986752,0.775169765773422,-670.289648466035,0,1.64799999999991
"S2",1000,1,2,0.5,73,1.71062047529456,1.94376157057369,0.628982078043834,-666.526984794062,0,1.81200000000013
"S2",1000,1,2,0.5,74,0.964233338861472,2.00905316264945,0.486291388912488,-655.273061737073,0,1.73800000000006
"S2",1000,1,2,0.5,75,1.30741570564147,2.01939430156573,0.567045875034742,-645.324960429252,0,1.64799999999991
"S2",1000,1,2,0.5,76,1.14203423261762,1.96515326960534,0.546568218665169,-649.10863831986,0,1.61599999999999
"S2",1000,1,2,0.5,77,1.14253132233334,1.97335476656317,0.551220624661774,-642.137550993836,0,1.54999999999995
"S2",1000,1,2,0.5,78,3.0159888366203,1.87666191423678,0.788871457784617,-649.511637131206,0,1.74099999999999
"S2",1000,1,2,0.5,79,0.865739024544208,2.05626498993327,0.453606768953862,-648.041126757942,0,1.75999999999999
"S2",1000,1,2,0.5,80,0.826540180821405,2.07241826796692,0.470695234518861,-612.726451923066,0,1.65599999999995
"S2",1000,1,2,0.5,81,1.44270667758281,2.01204318943193,0.629265999663647,-614.373380686252,0,1.71500000000015
"S2",1000,1,2,0.5,82,1.35493856356406,1.85415927832098,0.592916626857185,-681.981094690457,0,1.66399999999999
"S2",1000,1,2,0.5,83,1.80597560949043,2.00193017531441,0.68164832914115,-615.888153817192,0,1.73099999999999
"S2",1000,1,2,0.5,84,1.1394968220278,1.92506661066803,0.521198122183128,-686.693691649702,0,1.79200000000014
"S2",1000,1,2,0.5,85,2.32518753188304,1.94464250790901,0.689248671044529,-665.658347393607,0,1.64699999999993
"S2",1000,1,2,0.5,86,1.41187313044945,1.91767088866169,0.612607969287233,-649.875930768329,0,1.72000000000003
"S2",1000,1,2,0.5,87,1.33097853375341,1.98214908153604,0.555477046555138,-668.494275135526,0,1.76999999999998
"S2",1000,1,2,0.5,88,0.617036878824837,2.09440165433609,0.351443774799437,-662.085961109156,0,1.96800000000007
"S2",1000,1,2,0.5,89,1.04614636618704,1.98682697725708,0.478217920081147,-692.349370856536,0,1.58200000000011
"S2",1000,1,2,0.5,90,4.1994696482283,1.81777886786404,0.834004167407865,-671.544701876572,0,1.84999999999991
"S2",1000,1,2,0.5,91,0.382873739704898,2.17737369672159,0.260792939658455,-626.744591706779,0,1.81400000000008
"S2",1000,1,2,0.5,92,1.11690821800974,2.03860811390902,0.506119465998458,-660.820146658541,0,1.625
"S2",1000,1,2,0.5,93,1.46438507317997,1.92744312923533,0.622388533218888,-646.80411329745,0,1.79100000000017
"S2",1000,1,2,0.5,94,0.70028908721715,2.00419410514311,0.395182921803895,-673.992806328221,0,1.64899999999989
"S2",1000,1,2,0.5,95,0.930404702402281,1.99586134514265,0.462826777824986,-675.023494182428,0,1.72400000000016
"S2",1000,1,2,0.5,96,1.68559161680602,1.89531728104629,0.623241779506608,-683.660966835984,0,1.77999999999997
"S2",1000,1,2,0.5,97,1.11582132073757,1.97008813415829,0.510023431042543,-679.365560785536,0,1.6690000000001
"S2",1000,1,2,0.5,98,1.11860610449223,2.02344807236196,0.522385220247094,-652.095248681551,0,1.79599999999982
"S2",1000,1,2,0.5,99,0.94818442976133,1.92424264731676,0.523324684618018,-637.350870423387,0,1.83599999999979
"S2",1000,1,2,0.5,100,0.936160703215488,2.00363744381539,0.489617894057792,-646.90400368621,0,1.83600000000001
"S2",1000,1,2,0.5,101,2.2502069091014,1.9062480147773,0.650929143256553,-704.700239695421,0,1.86699999999996
"S2",1000,1,2,0.5,102,0.642500398512161,2.06199738636592,0.359454203203153,-675.918279973317,0,1.94499999999994
"S2",1000,1,2,0.5,103,1.21004601234796,1.93834497230807,0.563195515767743,-656.123608253135,0,1.63800000000015
"S2",1000,1,2,0.5,104,1.29446291914341,1.98265788717824,0.55331957669068,-665.841251125725,0,1.56500000000005
"S2",1000,1,2,0.5,105,0.371627177803602,2.15043596532367,0.257426272712197,-635.443384471822,0,1.7349999999999
"S2",1000,1,2,0.5,106,2.49423522128032,1.89974511599573,0.806799677775123,-604.361931842506,0,1.72000000000003
"S2",1000,1,2,0.5,107,1.30392342306044,1.9369585480982,0.610430528045719,-631.567093182404,0,1.61599999999999
"S2",1000,1,2,0.5,108,2.53676155994094,1.87851946000613,0.743655070268914,-658.643445551013,0,1.673
"S2",1000,1,2,0.5,109,1.34690736743864,1.87647731851853,0.63082862095026,-639.224757186225,0,1.69999999999982
"S2",1000,1,2,0.5,110,1.24175829230433,1.95332443386437,0.588704671156606,-632.52948344371,0,1.74599999999987
"S2",1000,1,2,0.5,111,1.19387901045911,1.98787975197441,0.528206092283138,-669.525388531668,0,1.78400000000011
"S2",1000,1,2,0.5,112,1.71639372133721,2.00702836480248,0.719734632767677,-576.277277456134,0,1.84400000000005
"S2",1000,1,2,0.5,113,1.53063902787904,1.90363683538756,0.612326241735556,-673.009052780877,0,1.60599999999999
"S2",1000,1,2,0.5,114,1.70701296570027,1.88425059986574,0.640242206851234,-674.808423708737,0,1.51900000000001
"S2",1000,1,2,0.5,115,1.24121468165859,2.01678239348758,0.518659718309301,-677.218072949446,0,1.5
"S2",1000,1,2,0.5,116,1.3235331013017,1.93900387263486,0.555433301238734,-682.740624796407,0,1.70700000000011
"S2",1000,1,2,0.5,117,1.28582726026482,1.94312483410208,0.56415814258029,-666.805706897887,0,1.78599999999983
"S2",1000,1,2,0.5,118,1.41635647427747,1.91695208379955,0.568727962004926,-692.214169050306,0,1.70299999999997
"S2",1000,1,2,0.5,119,0.80476591679055,2.02203485438988,0.426631119335172,-668.02726025658,0,1.73099999999999
"S2",1000,1,2,0.5,120,1.38840938034357,2.00070027890351,0.589265665686977,-642.067183356588,0,1.58899999999994
"S2",1000,1,2,0.5,121,2.3086042033489,1.81765652851115,0.751197825689359,-658.675796242878,0,1.63100000000009
"S2",1000,1,2,0.5,122,1.17376206749325,1.95191732055862,0.546633068396809,-660.189297907211,0,1.69399999999996
"S2",1000,1,2,0.5,123,1.44163704071525,1.9395884766928,0.629206218259168,-635.164299955724,0,1.56500000000005
"S2",1000,1,2,0.5,124,0.811644698254649,2.01117535232004,0.418922271103144,-682.951014649007,0,1.70399999999995
"S2",1000,1,2,0.5,125,1.16166611620855,2.02575043775395,0.563234207725036,-620.345708845516,0,1.67900000000009
"S2",1000,1,2,0.5,126,0.746623971772386,2.04700139649438,0.427949049844528,-637.373231775107,0,1.84400000000005
"S2",1000,1,2,0.5,127,1.00669675493841,2.00325510205486,0.519009342086662,-634.823984796019,0,1.71000000000004
"S2",1000,1,2,0.5,128,0.52802912208177,2.06841470039327,0.361686235218876,-612.022458188095,0,1.81899999999996
"S2",1000,1,2,0.5,129,1.47773158853029,1.8990625217456,0.576574269401607,-699.270653279327,0,1.59400000000005
"S2",1000,1,2,0.5,130,1.15157377212588,2.03380858742305,0.540108917733145,-636.362789906497,0,1.69599999999991
"S2",1000,1,2,0.5,131,1.67291711020687,1.89378518024578,0.604694947125651,-697.931893562982,0,1.76299999999992
"S2",1000,1,2,0.5,132,1.32833877490793,2.05217701700818,0.575926489185134,-628.645224583423,0,1.64100000000008
"S2",1000,1,2,0.5,133,2.56949006043984,1.87017899990076,0.778625229650859,-638.367596341251,0,1.625
"S2",1000,1,2,0.5,134,2.40412118963785,1.8627844697072,0.744080768988312,-655.656380156376,0,1.6869999999999
"S2",1000,1,2,0.5,135,2.46629289319844,1.87087552450698,0.760271633774313,-645.249048035422,0,1.67900000000009
"S2",1000,1,2,0.5,136,2.09642392673692,1.85729653833203,0.723922127176758,-651.923576257315,0,1.74400000000014
"S2",1000,1,2,0.5,137,0.874737894072969,2.0157251616494,0.461094785043755,-657.497880220755,0,1.65999999999985
"S2",1000,1,2,0.5,138,0.541546901002439,2.18657542821246,0.363657233089652,-585.109467391919,0,1.84299999999985
"S2",1000,1,2,0.5,139,1.15757835786008,1.9137448686401,0.565861985412066,-648.561847244712,0,1.72000000000003
"S2",1000,1,2,0.5,140,0.8842678252414,2.09558104517367,0.497087721085679,-598.106238880992,0,1.76300000000015
"S2",1000,1,2,0.5,141,1.08939831509755,2.01961914073412,0.570211900027117,-601.999450913509,0,1.7639999999999
"S2",1000,1,2,0.5,142,1.16134476057298,2.00831153959069,0.551940348138897,-636.243097469097,0,1.80400000000009
"S2",1000,1,2,0.5,143,0.646132949743904,2.00403712345692,0.391237226257704,-652.758306050495,0,1.79700000000003
"S2",1000,1,2,0.5,144,0.757453414664156,2.06320380977307,0.423010636239137,-646.195350163805,0,1.702
"S2",1000,1,2,0.5,145,1.75176194980155,1.95800016747054,0.663230551796455,-636.176112931672,0,1.63599999999997
"S2",1000,1,2,0.5,146,0.678070155970819,2.07171619458133,0.370237013915941,-676.911499254397,0,1.79100000000017
"S2",1000,1,2,0.5,147,1.09837249896263,1.9619303115319,0.51393408892725,-674.863274201419,0,1.70899999999983
"S2",1000,1,2,0.5,148,3.65169068578556,1.77606692285712,0.836686213073487,-671.219164437509,0,1.69699999999989
"S2",1000,1,2,0.5,149,0.931875245780688,2.02280494169216,0.497911697663333,-632.47388542771,0,1.67900000000009
"S2",1000,1,2,0.5,150,0.929247046938906,2.01200335951228,0.482363111244328,-648.396719092024,0,1.76900000000001
"S2",1000,1,2,0.5,151,0.98089769840621,1.93472049077009,0.496588689623074,-673.204421682104,0,1.61599999999999
"S2",1000,1,2,0.5,152,0.975387576294265,1.93432270445108,0.468167830592282,-702.231017138103,0,1.65800000000013
"S2",1000,1,2,0.5,153,1.12451522865376,1.93260520491528,0.527269895646123,-675.85955618322,0,1.67399999999998
"S2",1000,1,2,0.5,154,0.81197535024506,1.98305206726098,0.466149175202826,-641.495701101706,0,1.54500000000007
"S2",1000,1,2,0.5,155,1.11086801045047,1.95845543704492,0.512165853147591,-678.656864015182,0,1.76699999999983
"S2",1000,1,2,0.5,156,1.09956738744626,1.99329167302997,0.5447532593785,-634.19858920475,0,1.69899999999984
"S2",1000,1,2,0.5,157,1.64022561916874,1.90727410171747,0.645001443924885,-657.708605416189,0,1.62599999999998
"S2",1000,1,2,0.5,158,1.05724649843614,1.98524020048586,0.497072245837913,-672.218116258909,0,1.66899999999987
"S2",1000,1,2,0.5,159,0.67336755104346,2.08678653713857,0.383747945831871,-652.454538075696,0,1.79600000000005
"S2",1000,1,2,0.5,160,0.905961364159478,2.02441616488035,0.445673452222011,-678.027444872751,0,1.92100000000005
"S2",1000,1,2,0.5,161,0.857249105089783,2.01146004565718,0.439301586278281,-675.90334860338,0,1.74299999999994
"S2",1000,1,2,0.5,162,1.10510992919788,1.9553980959138,0.533222800738167,-659.271227580043,0,1.64700000000016
"S2",1000,1,2,0.5,163,0.941380003249581,2.05022493103527,0.464836575243089,-657.735032204324,0,1.76299999999992
"S2",1000,1,2,0.5,164,0.671188768794429,2.04639214113803,0.382073902936992,-666.907734070675,0,1.75600000000009
"S2",1000,1,2,0.5,165,1.88560871708896,1.90896838243241,0.633108459726894,-690.682686872873,0,1.58699999999999
"S2",1000,1,2,0.5,166,1.57921668240023,1.93514629705929,0.673867788309062,-618.855491509881,0,1.65900000000011
"S2",1000,1,2,0.5,167,1.02836472721272,2.04475698668258,0.497353240267434,-646.967395962549,0,1.52700000000004
"S2",1000,1,2,0.5,168,0.874100588777615,2.00190210197871,0.468233424177801,-654.844373769534,0,1.73599999999988
"S2",1000,1,2,0.5,169,1.47689466261544,1.97546928762972,0.606077131997586,-649.119058602624,0,1.721
"S2",1000,1,2,0.5,170,0.782060673801752,2.06940093696095,0.437691812860977,-634.691928155496,0,1.69800000000009
"S2",1000,1,2,0.5,171,1.43085997404012,1.88472071149919,0.596375923328699,-675.060210850487,0,1.54099999999994
"S2",1000,1,2,0.5,172,0.798049767311275,1.98525969508713,0.418402270271994,-689.556394153633,0,1.64200000000005
"S2",1000,1,2,0.5,173,0.589183412872427,2.06797004855333,0.354937872525956,-654.513919041894,0,1.625
"S2",1000,1,2,0.5,174,0.793485402733229,2.04002978171278,0.472446190095617,-613.103986055842,0,1.67000000000007
"S2",1000,1,2,0.5,175,1.23996512893856,1.94346129896758,0.525160235301929,-697.416535903853,0,1.53300000000013
"S2",1000,1,2,0.5,176,1.27884719906129,1.93869176634069,0.561187080282539,-671.210746114861,0,1.6099999999999
"S2",1000,1,2,0.5,177,0.68914318577183,2.08515770697753,0.385907702504377,-656.826826194078,0,1.59400000000005
"S2",1000,1,2,0.5,178,0.823815990605752,2.04626611855581,0.445168480647448,-648.717027074976,0,1.625
"S2",1000,1,2,0.5,179,2.04842004298981,1.8512623294262,0.721319768825598,-652.239314068185,0,1.65100000000007
"S2",1000,1,2,0.5,180,1.49382650574314,1.91462421270942,0.608525468252496,-664.673396854974,0,1.77099999999996
"S2",1000,1,2,0.5,181,1.04888573211837,1.96630416790864,0.492131538233547,-685.253877977088,0,1.66200000000003
"S2",1000,1,2,0.5,182,0.771333924425081,2.01449515864485,0.450460754536034,-636.540024189874,0,1.73000000000002
"S2",1000,1,2,0.5,183,1.07343499908628,2.01810222218075,0.505352479628904,-658.572393810804,0,1.59400000000005
"S2",1000,1,2,0.5,184,0.92189944447058,2.05817997773399,0.474194029277603,-643.271704048846,0,1.76600000000008
"S2",1000,1,2,0.5,185,1.02583290915591,1.99007720592586,0.526639889434031,-636.166238028234,0,1.77199999999993
"S2",1000,1,2,0.5,186,1.41234429767858,1.91918071703986,0.598854211797684,-659.107282277759,0,1.72900000000004
"S2",1000,1,2,0.5,187,0.763534350310998,2.04923470551571,0.423400652837531,-651.200835878414,0,1.84400000000005
"S2",1000,1,2,0.5,188,0.474898199872743,2.11590195926511,0.31485857554166,-630.916204054588,0,1.81099999999992
"S2",1000,1,2,0.5,189,0.643090839380189,2.16622760705296,0.378914242704397,-619.59687019091,0,1.654
"S2",1000,1,2,0.5,190,1.2884549325517,1.95223850743604,0.555591270106371,-672.011518010445,0,1.52299999999991
"S2",1000,1,2,0.5,191,0.841939817510843,2.09606292644451,0.438416390100438,-645.759217891258,0,1.74600000000009
"S2",1000,1,2,0.5,192,0.733878118414122,2.07008334524698,0.393273013641742,-669.400666499772,0,1.70699999999988
"S2",1000,1,2,0.5,193,1.2894830142664,1.98672950604596,0.545435650728318,-668.41266665168,0,1.66700000000014
"S2",1000,1,2,0.5,194,1.60379295680276,1.91258065118592,0.609302075687856,-682.234039335154,0,1.60099999999989
"S2",1000,1,2,0.5,195,1.42173192953553,1.93441207862222,0.577988646722247,-678.178740436173,0,1.59999999999991
"S2",1000,1,2,0.5,196,0.967947656141988,1.92931967544413,0.511461351411299,-651.296226739935,0,1.73399999999992
"S2",1000,1,2,0.5,197,1.73045847877181,1.8894399935563,0.672355926115422,-648.304562336309,0,1.68999999999983
"S2",1000,1,2,0.5,198,0.94290799442372,1.98448786235021,0.497267869166991,-648.701898844552,0,1.67800000000011
"S2",1000,1,2,0.5,199,2.74843690462297,1.84331362505128,0.739679651246743,-682.774595534776,0,1.6869999999999
"S2",1000,1,2,0.5,200,0.894249168201712,1.99647517539,0.504097392899182,-622.15696900338,0,1.70099999999979
"S2",1000,1,2,0.5,201,0.954947123587499,1.96139698607426,0.473604310205521,-681.432606526694,0,1.58300000000008
"S2",1000,1,2,0.5,202,1.0906967705906,2.14178300089255,0.501435432253033,-625.296098327098,0,1.66000000000008
"S2",1000,1,2,0.5,203,1.0359804241522,1.99283497354163,0.484548750102726,-680.770280010668,0,1.59199999999987
"S2",1000,1,2,0.5,204,0.945566235226137,2.059459966523,0.493679037094913,-625.972908478924,0,1.673
"S2",1000,1,2,0.5,205,2.12204430125318,1.91315109895125,0.679044467661403,-669.982684826068,0,1.51199999999994
"S2",1000,1,2,0.5,206,1.44128545610636,1.88977935318268,0.616866700799428,-660.907929504278,0,1.60300000000007
"S2",1000,1,2,0.5,207,0.688801075546833,1.95338432143173,0.409844053122417,-667.982435519916,0,1.79199999999992
"S2",1000,1,2,0.5,208,0.890044485550688,2.01984694405822,0.468330030529262,-649.95039688852,0,1.65000000000009
"S2",1000,1,2,0.5,209,0.930268577111228,1.99093937458424,0.435282538185546,-709.960695131484,0,1.60200000000009
"S2",1000,1,2,0.5,210,1.73712306505244,1.88662775643436,0.627618796651381,-687.930307881536,0,1.47399999999993
"S2",1000,1,2,0.5,211,1.50825701549787,1.91561458405185,0.632063826137052,-651.633749416225,0,1.60699999999997
"S2",1000,1,2,0.5,212,1.45651639676117,1.93877299485903,0.641478263249584,-627.190051046957,0,1.63200000000006
"S2",1000,1,2,0.5,213,0.978415844729679,2.05633727898442,0.493493021790848,-634.588914257022,0,1.50399999999991
"S2",1000,1,2,0.5,214,0.553931683039925,2.04105139575629,0.350985750370189,-651.682591633237,0,1.68300000000022
"S2",1000,1,2,0.5,215,0.742306612179234,1.94796650178753,0.435828537634728,-656.465300755261,0,1.76599999999985
"S2",1000,1,2,0.5,216,0.68961961860882,2.12673878282789,0.42544303427484,-596.257270696877,0,1.78099999999995
"S2",1000,1,2,0.5,217,1.60593338993482,1.99097887230184,0.610411746784534,-655.779398021969,0,1.68200000000024
"S2",1000,1,2,0.5,218,1.64729352582513,1.86840036894091,0.620091255797835,-687.778800410017,0,1.58800000000019
"S2",1000,1,2,0.5,219,1.58330553987773,1.92014790069087,0.588214842504868,-693.090219141332,0,1.75799999999981
"S2",1000,1,2,0.5,220,1.02885438117986,2.01268539388479,0.487869967912047,-668.585864942568,0,1.73600000000033
"S2",1000,1,2,0.5,221,0.591962526729844,2.10252755611808,0.375246604043256,-618.817132314613,0,1.74000000000024
"S2",1000,1,2,0.5,222,0.794459505429979,2.05761098653681,0.433274245613267,-644.887142465477,0,1.74900000000025
"S2",1000,1,2,0.5,223,1.35969590914979,1.95712786633008,0.591579520028527,-650.492519186978,0,1.62800000000016
"S2",1000,1,2,0.5,224,1.11010184376888,2.06987687621982,0.512668150666675,-644.771982635217,0,1.48899999999958
"S2",1000,1,2,0.5,225,1.2565478891177,1.98494282687061,0.544020349011494,-668.291307835007,0,1.63200000000006
"S2",1000,1,2,0.5,226,0.709032999723298,2.03960668042711,0.417239654541353,-640.784028111203,0,1.68100000000004
"S2",1000,1,2,0.5,227,1.38986849330079,1.96609397121075,0.574911394351346,-667.613153338179,0,1.53899999999976
"S2",1000,1,2,0.5,228,0.658383413146571,2.07756536676846,0.405803759806089,-619.72208795876,0,1.71799999999985
"S2",1000,1,2,0.5,229,0.740193139146369,2.14074859725187,0.432456930644885,-604.674790093444,0,1.62899999999991
"S2",1000,1,2,0.5,230,0.83226517581452,2.01372567895546,0.445068463392425,-660.218264710776,0,1.66300000000001
"S2",1000,1,2,0.5,231,0.868767597109035,2.01989407595343,0.459128838025066,-653.826879652305,0,1.71100000000024
"S2",1000,1,2,0.5,232,2.30445394768074,1.93579924771385,0.723221842368475,-642.282903969553,0,1.57700000000023
"S2",1000,1,2,0.5,233,1.18078477555859,1.98800457788752,0.537058115832255,-658.966562263488,0,1.69800000000032
"S2",1000,1,2,0.5,234,0.798961727888542,2.14961812450888,0.408441209890095,-648.439141255445,0,1.64199999999983
"S2",1000,1,2,0.5,235,2.21971005650752,1.86517315018013,0.747020194453178,-640.456375598022,0,1.53999999999996
"S2",1000,1,2,0.5,236,0.729754119356552,2.05914993409163,0.397469516616461,-666.886362127019,0,1.75799999999981
"S2",1000,1,2,0.5,237,0.950349737038599,1.98299745999756,0.498714533336678,-645.272432551503,0,1.65099999999984
"S2",1000,1,2,0.5,238,0.477721644185406,2.15992900786833,0.298941431503055,-641.207414785472,0,1.70699999999988
"S2",1000,1,2,0.5,239,0.875097734072565,2.06218822813433,0.422300578949308,-684.92407525592,0,1.61699999999973
"S2",1000,1,2,0.5,240,0.738880920166509,2.0274690369143,0.450257383761062,-619.759616885031,0,1.58100000000013
"S2",1000,1,2,0.5,241,1.21617824541765,1.94346879739331,0.524876421160659,-691.581136565588,0,1.63100000000031
"S2",1000,1,2,0.5,242,1.16984846450089,1.98069076585305,0.551538719015573,-646.180132144427,0,1.62199999999984
"S2",1000,1,2,0.5,243,1.09151223984594,2.05016879668176,0.525671538430742,-631.650506720421,0,1.70100000000002
"S2",1000,1,2,0.5,244,0.783451939133237,2.0855114864479,0.431000958283022,-636.329801182402,0,1.68299999999999
"S2",1000,1,2,0.5,245,0.894472038157679,2.00678610104879,0.467448388049214,-656.669963346071,0,1.85699999999997
"S2",1000,1,2,0.5,246,0.588958882850199,2.12591728602588,0.355891070740475,-636.691642433653,0,1.60699999999997
"S2",1000,1,2,0.5,247,1.69900053477467,1.89394427581317,0.654732021029294,-657.011014069909,0,1.63899999999967
"S2",1000,1,2,0.5,248,1.0515614276582,2.02663919434734,0.480948189431295,-676.651316043479,0,1.55499999999984
"S2",1000,1,2,0.5,249,1.27454908127371,2.00213178870533,0.569029671639923,-641.526247339861,0,1.61299999999983
"S2",1000,1,2,0.5,250,3.41710003679702,1.82412160430969,0.832446723423802,-649.939906723949,0,1.71299999999974
"S2",1000,1,2,0.5,251,1.61308950947182,1.98870163799888,0.622188609582011,-647.812714134431,0,1.5
"S2",1000,1,2,0.5,252,1.17586501015005,1.9768252333949,0.602366551293464,-601.567521927426,0,1.60899999999992
"S2",1000,1,2,0.5,253,0.942712336200756,2.03213282172673,0.492159055968761,-638.79324244538,0,1.57600000000002
"S2",1000,1,2,0.5,254,0.652868844023735,2.08776975495964,0.362704049989938,-669.411188927365,0,1.67200000000003
"S2",1000,1,2,0.5,255,0.849394327813277,2.00086275776086,0.445443647171113,-667.53582928065,0,1.69800000000032
"S2",1000,1,2,0.5,256,1.4345140011288,1.95924500719771,0.585980105396105,-666.771953649164,0,1.62100000000009
"S2",1000,1,2,0.5,257,1.41928162394346,1.98125473616044,0.608375831469658,-635.714272905003,0,1.5930000000003
"S2",1000,1,2,0.5,258,0.88819975437101,2.08398834878443,0.487046577970423,-614.630367907982,0,1.59100000000035
"S2",1000,1,2,0.5,259,1.24900696470978,1.89431161808795,0.537948100264209,-701.089519026764,0,1.62400000000025
"S2",1000,1,2,0.5,260,0.920736695726512,2.00781303251367,0.469837379870164,-658.616757922398,0,1.74900000000025
"S2",1000,1,2,0.5,261,1.27011181119728,1.89134023303362,0.567543573020213,-677.074914961277,0,1.51699999999983
"S2",1000,1,2,0.5,262,0.886629159435522,2.00235187907449,0.480486808931245,-642.832264968476,0,1.64100000000008
"S2",1000,1,2,0.5,263,1.5633644549477,1.92016835292851,0.62390417592864,-660.463123484303,0,1.55600000000004
"S2",1000,1,2,0.5,264,2.22359355010457,1.88770553021235,0.741861319833669,-639.111106095148,0,1.62699999999995
"S2",1000,1,2,0.5,265,0.711700073129975,2.06529241461286,0.376239111059731,-686.397722579916,0,1.58899999999994
"S2",1000,1,2,0.5,266,0.66232809579324,2.04890237564712,0.425982150326951,-608.934096565667,0,1.57299999999987
"S2",1000,1,2,0.5,267,0.999667271803004,2.04053303460752,0.51335930425358,-628.171419335617,0,1.55799999999999
"S2",1000,1,2,0.5,268,1.98328977493865,1.88391051791326,0.684503286121305,-665.920846206691,0,1.53600000000006
"S2",1000,1,2,0.5,269,0.839404202284059,2.00396725881423,0.44455935693498,-664.498266914378,0,1.74099999999999
"S2",1000,1,2,0.5,270,1.00770949837749,2.04761104076912,0.477189627240958,-662.486703972408,0,1.5890000000004
"S2",1000,1,2,0.5,271,0.584427583769249,2.08252499219758,0.3562920684018,-647.923803539549,0,1.63000000000011
"S2",1000,1,2,0.5,272,0.332075600654616,2.18222121683293,0.241944973596955,-609.782376509335,0,1.73100000000022
"S2",1000,1,2,0.5,273,0.722904824713923,2.07099231778334,0.405085669900551,-650.062475654857,0,1.63200000000006
"S2",1000,1,2,0.5,274,1.39864581800122,1.90752526938686,0.598782434691679,-664.527396208861,0,1.57499999999982
"S2",1000,1,2,0.5,275,1.08281783459735,2.00741746886382,0.511237494687194,-656.842404043741,0,1.60899999999992
"S2",1000,1,2,0.5,276,0.572918860891941,2.11830926280791,0.313729556300905,-689.104858387971,0,1.62299999999959
"S2",1000,1,2,0.5,277,1.1823520797296,2.03145586000841,0.561048424116936,-624.250344119238,0,1.63000000000011
"S2",1000,1,2,0.5,278,0.703212477895443,1.98805628519349,0.394966741913313,-679.029964396437,0,1.7470000000003
"S2",1000,1,2,0.5,279,1.10320111299742,1.90963114170684,0.505732197731963,-699.560413319163,0,1.54400000000032
"S2",1000,1,2,0.5,280,0.899816854889515,2.02858393049148,0.445555698783518,-677.376272200222,0,1.68100000000004
"S2",1000,1,2,0.5,281,3.03468087318526,1.82044111462697,0.790948204735188,-665.539270623441,0,1.6569999999997
"S2",1000,1,2,0.5,282,0.855131606298653,2.0325370931077,0.452089068848508,-656.406269177054,0,1.70499999999993
"S2",1000,1,2,0.5,283,0.661664991746753,2.05544152260167,0.410182549616531,-625.02867759071,0,1.76700000000028
"S2",1000,1,2,0.5,284,0.98103112449494,2.06357939710136,0.530660146256504,-599.538218280493,0,1.58300000000008
"S2",1000,1,2,0.5,285,0.563534022858651,2.06317635826218,0.337142046268344,-667.402534339215,0,1.64100000000008
"S2",1000,1,2,0.5,286,0.990570381218692,1.92506749536244,0.482453869290008,-691.104891901356,0,1.60300000000007
"S2",1000,1,2,0.5,287,1.82394977089588,1.96612332767444,0.629330998629684,-669.804045138426,0,1.50099999999975
"S2",1000,1,2,0.5,288,1.35877978727069,1.96365054257433,0.587521750745167,-649.588205599158,0,1.54999999999973
"S2",1000,1,2,0.5,289,0.934397747115057,1.96474514409704,0.477998518029379,-669.845377283677,0,1.52699999999959
"S2",1000,1,2,0.5,290,0.72579589360054,2.12171325660624,0.408896456685567,-631.701240804916,0,1.78099999999995
"S2",1000,1,2,0.5,291,1.59608939927403,1.87519257687417,0.647748157169643,-658.316515578251,0,1.75199999999995
"S2",1000,1,2,0.5,292,1.20154677574946,2.0098704661313,0.517493532011463,-673.170273461139,0,1.54300000000012
"S2",1000,1,2,0.5,293,1.85159482312959,1.97279969985774,0.679282807696974,-632.071881925902,0,1.55600000000004
"S2",1000,1,2,0.5,294,0.335508159847021,2.18493605825864,0.24634293899164,-604.049011213511,0,1.77700000000004
"S2",1000,1,2,0.5,295,1.16409439870944,2.00646277383593,0.576270857693569,-614.254424499755,0,1.57700000000023
"S2",1000,1,2,0.5,296,1.34937804951009,1.95240509519404,0.554871236307684,-680.287915562559,0,1.63599999999997
"S2",1000,1,2,0.5,297,0.818832836271785,1.97778373641261,0.443522826465801,-670.409345269688,0,1.66599999999971
"S2",1000,1,2,0.5,298,0.639076751556994,2.1037937246585,0.383068777940484,-634.607137368596,0,1.63099999999986
"S2",1000,1,2,0.5,299,0.974293167097465,1.94851750959057,0.50640375703435,-656.724555524107,0,1.721
"S2",1000,1,2,0.5,300,1.75625450884712,1.93397933592806,0.693195997482566,-621.81263404063,0,1.61699999999973
"S2",1000,1,2,0.5,301,0.877886468648439,2.01270454824211,0.457797264323954,-656.997701195762,0,1.83599999999979
"S2",1000,1,2,0.5,302,0.602606921605784,2.10642306249442,0.373683984098694,-624.789181122338,0,1.76499999999987
"S2",1000,1,2,0.5,303,1.82683867461138,1.86202172903248,0.66631236673611,-671.437264654836,0,1.63400000000001
"S2",1000,1,2,0.5,304,0.746966105609599,2.05795188292163,0.412490221265278,-654.871892940516,0,1.66499999999996
"S2",1000,1,2,0.5,305,0.675080053074751,2.15400226666817,0.371021428961082,-646.445793569735,0,1.75500000000011
"S2",1000,1,2,0.5,306,0.961199886399333,2.02071626281406,0.500059906072575,-637.745610701467,0,1.6579999999999
"S2",1000,1,2,0.5,307,0.475443150162181,2.11944449686343,0.296087253806111,-659.784923272029,0,1.67499999999973
"S2",1000,1,2,0.5,308,0.948156742037995,2.00566666607438,0.484966768026559,-652.201316103944,0,1.61099999999988
"S2",1000,1,2,0.5,309,1.97544790218724,1.89654903794037,0.659912494269607,-678.270678803554,0,1.59100000000035
"S2",1000,1,2,0.5,310,0.787849452518594,2.00700078225781,0.438164904768164,-652.663198317267,0,1.6880000000001
"S2",1000,1,2,0.5,311,1.38077401445253,1.94692116274739,0.597554039146473,-650.486330344889,0,1.60199999999986
"S2",1000,1,2,0.5,312,1.2512032492049,1.95944954235293,0.597907177684835,-624.32992355322,0,1.49800000000005
"S2",1000,1,2,0.5,313,0.945387969933264,2.02109745179036,0.440568586143573,-695.201445284993,0,1.73599999999988
"S2",1000,1,2,0.5,314,1.33157785567943,2.01598107045824,0.557685520821269,-656.395948309037,0,1.5619999999999
"S2",1000,1,2,0.5,315,0.754274871917107,2.06677050036377,0.45885537650432,-602.487378044156,0,1.76200000000017
"S2",1000,1,2,0.5,316,1.43880962168698,1.94636073311255,0.633854346331591,-628.068910167033,0,1.78899999999976
"S2",1000,1,2,0.5,317,1.11759746896482,1.93175112916674,0.541035767401531,-659.861305971507,0,1.65999999999985
"S2",1000,1,2,0.5,318,0.746520582654563,2.13443090524325,0.393490100161307,-651.671010798153,0,1.72899999999981
"S2",1000,1,2,0.5,319,0.918290436563937,1.98482969473513,0.473783296435957,-662.485940567363,0,1.69299999999976
"S2",1000,1,2,0.5,320,1.17302391979781,1.93823820143713,0.550567287781877,-659.317269735355,0,1.51999999999998
"S2",1000,1,2,0.5,321,1.14662186418044,1.96087118945629,0.521293800616004,-676.361310183676,0,1.59900000000016
"S2",1000,1,2,0.5,322,0.655203023759307,2.01462990972282,0.396542480362421,-650.736077915624,0,1.61800000000039
"S2",1000,1,2,0.5,323,1.16199591134985,1.95164465115309,0.542822156924975,-663.730484871543,0,1.51600000000008
"S2",1000,1,2,0.5,324,0.675805955922025,2.0566467583242,0.381676710235613,-665.006845627013,0,1.61299999999983
"S2",1000,1,2,0.5,325,0.829935955857869,2.10132568566367,0.457364549022775,-619.197441703298,0,1.59000000000015
"S2",1000,1,2,0.5,326,0.536703488905901,2.0291824955617,0.339123022488541,-660.570671908964,0,1.75599999999986
"S2",1000,1,2,0.5,327,1.55951497505034,1.89352848360714,0.597762093389306,-691.616186624084,0,1.60999999999967
"S2",1000,1,2,0.5,328,0.636802547694446,2.09323852141944,0.367688790504304,-654.723390202376,0,1.61499999999978
"S2",1000,1,2,0.5,329,1.9164016566364,1.8667602340331,0.711071508957049,-646.259529353938,0,1.56100000000015
"S2",1000,1,2,0.5,330,1.16601815664653,1.9532850951869,0.554124536486234,-650.980351053484,0,1.65599999999995
"S2",1000,1,2,0.5,331,0.759794106802058,1.97156213886472,0.402565276636491,-696.620481374903,0,1.78200000000015
"S2",1000,1,2,0.5,332,1.24152634572051,1.95225159656857,0.502772925043931,-712.742591834397,0,1.56799999999976
"S2",1000,1,2,0.5,333,2.09556743038425,1.84524517519978,0.745917433987028,-637.42895401385,0,1.5949999999998
"S2",1000,1,2,0.5,334,1.61457839436609,1.90061096296503,0.657888170429363,-644.484092170757,0,1.80600000000004
"S2",1000,1,2,0.5,335,0.822343913933168,2.03131605978671,0.450378479044963,-644.419635511956,0,1.81899999999996
"S2",1000,1,2,0.5,336,0.806236701674994,2.09540367846126,0.453614061089825,-614.635367684606,0,1.83300000000008
"S2",1000,1,2,0.5,337,1.53853994857865,1.96092538145699,0.583148041956552,-681.493506266523,0,1.62100000000009
"S2",1000,1,2,0.5,338,0.520450495983526,2.15097995186404,0.333000031521537,-620.810664677216,0,1.94699999999989
"S2",1000,1,2,0.5,339,1.97235866610772,1.82193187188269,0.681536167233711,-687.772554168068,0,1.61300000000006
"S2",1000,1,2,0.5,340,0.701942879292712,2.04181770442501,0.410838277334774,-646.821908482404,0,1.62199999999984
"S2",1000,1,2,0.5,341,0.788040416680476,1.96127657517169,0.399228207481909,-714.895653154488,0,1.77700000000004
"S2",1000,1,2,0.5,342,2.43682260836452,1.85677707737147,0.742171486434535,-661.194659376836,0,1.62699999999995
"S2",1000,1,2,0.5,343,1.36471927551463,2.02266552189802,0.607931871236917,-616.399789534852,0,1.62799999999993
"S2",1000,1,2,0.5,344,1.2875999250516,1.94553283708384,0.539194548122059,-689.159133331032,0,1.60099999999989
"S2",1000,1,2,0.5,345,1.38238242413454,1.99722919355765,0.559579532448061,-668.787805562801,0,1.63800000000015
"S2",1000,1,2,0.5,346,1.12136630985577,1.91411457416422,0.551565917844261,-656.001348147572,0,1.77199999999993
"S2",1000,1,2,0.5,347,1.78600021526809,1.88277719792552,0.674438712251758,-654.081763125575,0,1.72500000000014
"S2",1000,1,2,0.5,348,0.515039880262892,2.17915386991869,0.321760925224889,-627.670110694575,0,1.67499999999995
"S2",1000,1,2,0.5,349,0.997145979206583,2.00283565301945,0.484600922355974,-666.554492706351,0,1.76199999999994
"S2",1000,1,2,0.5,350,0.746160952653611,2.03868815623477,0.431845058459435,-638.896052127562,0,1.80100000000016
"S2",1000,1,2,0.5,351,2.02310083248072,1.87678882033353,0.695968151646577,-664.075349014617,0,1.63300000000004
"S2",1000,1,2,0.5,352,0.66153281631648,2.03495514183899,0.348072377600144,-707.293163050307,0,1.94599999999991
"S2",1000,1,2,0.5,353,1.8961054757829,1.87188633534631,0.637865248972695,-699.544138731717,0,1.7360000000001
"S2",1000,1,2,0.5,354,3.26251492414412,1.77914260761099,0.82476206436603,-666.269846597758,0,1.80799999999999
"S2",1000,1,2,0.5,355,1.61975178661637,1.86579768229954,0.624193582867148,-686.054400538234,0,1.74299999999994
"S2",1000,1,2,0.5,356,1.08480703812385,2.01163864554128,0.501389788581945,-668.193191308058,0,1.61299999999983
"S2",1000,1,2,0.5,357,0.866278124844188,2.06763777644778,0.466114964459674,-631.572676988538,0,1.70699999999988
"S2",1000,1,2,0.5,358,0.835736762761139,2.01978798501838,0.440355346544001,-665.843940839122,0,1.79500000000007
"S2",1000,1,2,0.5,359,0.666651795079791,2.06544899881991,0.418641233286913,-613.295134114981,0,1.83199999999988
"S2",1000,1,2,0.5,360,1.59387292583076,1.90276378693816,0.625924017405239,-667.110320816976,0,1.65899999999988
"S2",1000,1,2,0.5,361,0.641576052872576,2.09710816828824,0.421012243537119,-593.590901532221,0,1.71600000000012
"S2",1000,1,2,0.5,362,0.563693403266943,2.06842698769688,0.358700760604388,-632.96240842165,0,1.80899999999997
"S2",1000,1,2,0.5,363,0.730478214432049,2.02569495951857,0.39215226530087,-684.23350978854,0,1.79500000000007
"S2",1000,1,2,0.5,364,1.3421133391465,1.96077115003225,0.598533058325814,-638.111803001948,0,1.77600000000007
"S2",1000,1,2,0.5,365,1.40321731521059,1.95283949077739,0.592813755697728,-655.588099561905,0,1.81499999999983
"S2",1000,1,2,0.5,366,0.665348100398253,2.0872845046018,0.428086210543597,-598.288360205488,0,1.952
"S2",1000,1,2,0.5,367,0.860627122644568,2.12335096047053,0.437068181739706,-644.059870104561,0,1.61199999999985
"S2",1000,1,2,0.5,368,0.68753014047498,2.10573667974172,0.430564679218454,-593.600956097625,0,1.75400000000013
"S2",1000,1,2,0.5,369,0.56499800329955,2.04392584990512,0.343452281395959,-664.813092682568,0,1.79700000000003
"S2",1000,1,2,0.5,370,1.59155032569094,2.05354769819437,0.630587405339501,-617.278835458005,0,1.67599999999993
"S2",1000,1,2,0.5,371,1.40875342138679,1.99861647451703,0.568576707122186,-662.601533512938,0,1.74600000000009
"S2",1000,1,2,0.5,372,0.922209713254726,2.02080194596782,0.468097669832888,-659.083755951634,0,1.9190000000001
"S2",1000,1,2,0.5,373,0.777767317638418,2.02748792136646,0.429774340332146,-651.897721798133,0,1.87400000000002
"S2",1000,1,2,0.5,374,0.646325803931424,2.14763418278213,0.403338920181942,-597.818454093504,0,1.99099999999999
"S2",1000,1,2,0.5,375,1.01877041544656,1.98446217756913,0.513585211704022,-644.751377282362,0,1.84500000000003
"S2",1000,1,2,0.5,376,1.38478169802694,2.00065488595705,0.595838587225088,-637.031531908067,0,1.72000000000003
"S2",1000,1,2,0.5,377,0.933014412952258,2.03252190531612,0.443870815440344,-686.954042509135,0,1.73199999999997
"S2",1000,1,2,0.5,378,0.879844355655906,2.04288389874896,0.483327561283745,-624.979076434202,0,1.91700000000014
"S2",1000,1,2,0.5,379,0.950382615107339,2.03347697612601,0.46474193655267,-665.815370689446,0,1.91699999999992
"S2",1000,1,2,0.5,380,0.829219241519908,2.0330970178401,0.443509692851683,-655.396448994465,0,1.70800000000008
"S2",1000,1,2,0.5,381,1.02218809181196,2.00525997166058,0.498639783256059,-657.402825372817,0,1.69299999999998
"S2",1000,1,2,0.5,382,1.21462496165751,1.95959806058373,0.583512395742364,-632.245655944197,0,1.67800000000011
"S2",1000,1,2,0.5,383,1.11669792357679,1.92055755164961,0.559828708158629,-643.487088472162,0,2.21399999999994
"S2",1000,1,2,0.5,384,0.823392140431892,1.9797592370567,0.48099770208912,-630.040907555671,0,1.71399999999994
"S2",1000,1,2,0.5,385,0.835981689726883,1.98670183343491,0.439594938313643,-677.320152494539,0,1.75500000000011
"S2",1000,1,2,0.5,386,1.37525967607981,1.99804798569837,0.600561013260513,-631.77693117713,0,1.75299999999993
"S2",1000,1,2,0.5,387,1.88385586657049,1.89409111115774,0.658051868466801,-675.21846609542,0,1.72600000000011
"S2",1000,1,2,0.5,388,0.680246487278553,2.0626063450669,0.381863633087251,-664.438120542818,0,1.80899999999997
"S2",1000,1,2,0.5,389,2.3884690606024,1.96728471238875,0.721539046294689,-636.32130428216,0,1.79300000000012
"S2",1000,1,2,0.5,390,1.68673747249442,1.87681899945034,0.684879255512283,-640.280827937386,0,1.5619999999999
"S2",1000,1,2,0.5,391,1.68030008089303,1.89825946630393,0.624738252930332,-678.194235670589,0,1.5920000000001
"S2",1000,1,2,0.5,392,0.490758615840621,2.1305618951471,0.305974739585635,-649.856870745329,0,1.78099999999995
"S2",1000,1,2,0.5,393,0.613234187752419,2.1154816966079,0.412349779346776,-580.843925886518,0,1.7940000000001
"S2",1000,1,2,0.5,394,0.822406174690682,2.00111437599469,0.487130866698652,-616.266092660437,0,1.72900000000004
"S2",1000,1,2,0.5,395,1.13251625142262,2.00726787547204,0.530951255682428,-650.958654787345,0,1.83500000000004
"S2",1000,1,2,0.5,396,1.1904955828008,2.0118742702349,0.552366330836731,-638.751301158564,0,1.71199999999999
"S2",1000,1,2,0.5,397,1.20235637167688,1.9035856573797,0.594963708324255,-634.365876098409,0,1.78800000000001
"S2",1000,1,2,0.5,398,0.792636741856032,2.08946965217881,0.445617124393382,-620.0184324938,0,1.85500000000002
"S2",1000,1,2,0.5,399,1.18078466454156,2.06050561271404,0.522267005580769,-651.054262689855,0,1.69100000000003
"S2",1000,1,2,0.5,400,0.621635311783015,2.00966575803622,0.364484151069276,-674.655381434952,0,1.80300000000011
"S2",1000,1,2,0.5,401,1.13749410539874,1.95679026187705,0.579293456828989,-621.929805373506,0,1.72800000000007
"S2",1000,1,2,0.5,402,0.62795829414408,2.17468741392675,0.388667600870585,-600.453873464122,0,1.84500000000003
"S2",1000,1,2,0.5,403,1.41344633826756,2.03485044772486,0.589249082533892,-634.796155060387,0,1.52999999999997
"S2",1000,1,2,0.5,404,1.07690561064292,1.9742601850484,0.579571129720078,-603.453090740939,0,1.64300000000003
"S2",1000,1,2,0.5,405,1.20453212427028,1.9839765228512,0.53449975914167,-667.449470863526,0,1.71199999999999
"S2",1000,1,2,0.5,406,1.10419708017655,2.08244658944552,0.562661344771609,-593.672865273471,0,1.63400000000001
"S2",1000,1,2,0.5,407,0.541016084748213,2.04665600178636,0.346836809139424,-646.697291237374,0,1.84400000000005
"S2",1000,1,2,0.5,408,0.617122259111441,2.03533242219574,0.37667700688704,-649.661105130895,0,1.70299999999997
"S2",1000,1,2,0.5,409,0.976048702598759,1.91358139224082,0.523314086520515,-650.376728239002,0,1.6400000000001
"S2",1000,1,2,0.5,410,0.780945970378083,1.9925459559968,0.442686624352785,-651.599273268529,0,1.69599999999991
"S2",1000,1,2,0.5,411,1.86854158715509,1.9017787959935,0.650243496745859,-678.19417780568,0,1.67600000000016
"S2",1000,1,2,0.5,412,1.97238481483697,1.92847282775306,0.695226995475147,-640.568209886607,0,1.71299999999997
"S2",1000,1,2,0.5,413,1.10070541418772,1.93789071653959,0.539072887093851,-656.60209230101,0,1.62000000000012
"S2",1000,1,2,0.5,414,0.6306198713506,2.02270356447308,0.375271910167707,-663.054098143433,0,1.79499999999985
"S2",1000,1,2,0.5,415,1.02270969035637,2.06241626898921,0.552885981287879,-590.035176421009,0,1.71000000000004
"S2",1000,1,2,0.5,416,1.25701684544528,2.03427256523526,0.56374438365883,-635.021407554091,0,1.5300000000002
"S2",1000,1,2,0.5,417,0.840192797587855,1.91763187962995,0.457027931363874,-677.581408589655,0,1.78099999999995
"S2",1000,1,2,0.5,418,0.946380702039049,1.97543768492906,0.504355837270282,-642.530897627873,0,1.70100000000002
"S2",1000,1,2,0.5,419,0.729819763829909,2.08011032015143,0.445009259329963,-608.304414145837,0,1.64300000000003
"S2",1000,1,2,0.5,420,1.15829833328857,1.91424040990093,0.563389716081016,-652.523760075575,0,1.75999999999999
"S2",1000,1,2,0.5,421,2.16241382016285,1.91911658945094,0.70261101715239,-652.915680517057,0,1.76600000000008
"S2",1000,1,2,0.5,422,0.637610990469085,2.02749680187012,0.37376476763905,-667.444542013742,0,1.61500000000001
"S2",1000,1,2,0.5,423,1.03997823824301,2.06465173953369,0.497670962179583,-645.913634084397,0,1.56899999999996
"S2",1000,1,2,0.5,424,1.15115622311192,1.96637181167306,0.524791025091686,-669.396553852495,0,1.75500000000011
"S2",1000,1,2,0.5,425,1.44954681542798,1.86342677415233,0.602129026619582,-682.559593099435,0,1.68200000000002
"S2",1000,1,2,0.5,426,0.740863441942858,2.09638101719289,0.413441248633727,-641.28454117,0,1.6869999999999
"S2",1000,1,2,0.5,427,2.13625118694958,1.91509910138345,0.684714355032029,-667.663631963755,0,1.64400000000001
"S2",1000,1,2,0.5,428,0.922183530336893,2.09872137063164,0.469345185532464,-633.294226546117,0,1.64200000000005
"S2",1000,1,2,0.5,429,1.11173659224713,1.95599625886769,0.543648203866129,-649.930614840822,0,1.73700000000008
"S2",1000,1,2,0.5,430,0.970909641034439,1.96381296631528,0.467810130907168,-690.528096859358,0,1.63200000000006
"S2",1000,1,2,0.5,431,3.69299037507971,1.88470006778922,0.762373678808574,-683.67327013678,0,1.84199999999987
"S2",1000,1,2,0.5,432,0.83448656487073,1.99713336155751,0.445000224181933,-667.286070622851,0,1.64999999999986
"S2",1000,1,2,0.5,433,1.4475484706098,1.97124869063577,0.631137156899654,-623.15624055944,0,1.77999999999997
"S2",1000,1,2,0.5,434,0.606567301859336,2.11797161733869,0.36576386283056,-633.741618082105,0,1.85500000000002
"S2",1000,1,2,0.5,435,0.626165146969472,2.09254550354497,0.358293402525466,-661.606305352329,0,1.7800000000002
"S2",1000,1,2,0.5,436,0.43775078139136,2.07917273140167,0.28506474324097,-661.593320803084,0,2.01800000000003
"S2",1000,1,2,0.5,437,0.872991110081828,2.01440568253194,0.465941419468972,-649.478202985431,0,1.625
"S2",1000,1,2,0.5,438,0.693998532680074,1.98828233281662,0.391961982569959,-678.038200824366,0,1.72399999999993
"S2",1000,1,2,0.5,439,1.12721867977964,1.96879423691611,0.532973969798306,-657.472459559504,0,1.51999999999998
"S2",1000,1,2,0.5,440,0.809730272290831,2.02437037659734,0.419870150447647,-679.26200138408,0,1.80100000000016
"S2",1000,1,2,0.5,441,1.27140193042478,1.9543860519451,0.593408268252758,-636.527338475066,0,1.577
"S2",1000,1,2,0.5,442,0.714111720583181,2.07807858482968,0.389654211655492,-663.002537051214,0,1.89499999999998
"S2",1000,1,2,0.5,443,1.26504492994634,2.03931744530072,0.596850963817638,-605.993224068677,0,1.67399999999998
"S2",1000,1,2,0.5,444,0.76944990728779,2.08783750350853,0.477889945246754,-584.049038426579,0,1.68500000000017
"S2",1000,1,2,0.5,445,1.36937065985522,1.97203858312104,0.601997747996571,-638.070810961138,0,1.9559999999999
"S2",1000,1,2,0.5,446,1.41852729030981,2.01026652695296,0.605606696355964,-630.137756104065,0,1.73299999999995
"S2",1000,1,2,0.5,447,1.71119158298174,2.01552060238283,0.653312558160706,-621.326814888744,0,1.72900000000004
"S2",1000,1,2,0.5,448,1.92456262172196,1.90305918546689,0.663676059452473,-671.949358096226,0,1.61200000000008
"S2",1000,1,2,0.5,449,0.95469008874122,2.00272764304382,0.459969027057307,-682.728209707166,0,1.76999999999998
"S2",1000,1,2,0.5,450,0.85529420032079,2.00375355041068,0.43904773269028,-677.255218726685,0,1.80899999999997
"S2",1000,1,2,0.5,451,0.462989426907066,2.20723295751585,0.276679463793711,-657.663906859358,0,1.86700000000019
"S2",1000,1,2,0.5,452,0.564108081953818,2.08290624942826,0.333983607218575,-667.786030516621,0,1.721
"S2",1000,1,2,0.5,453,2.01993579355871,1.93618091318608,0.737528953734152,-611.38256947286,0,1.65100000000007
"S2",1000,1,2,0.5,454,1.23605297593432,2.00799554674749,0.577688847477535,-626.623328932354,0,1.79700000000003
"S2",1000,1,2,0.5,455,0.768240131206579,2.0225560134958,0.468984109889161,-610.297653280912,0,1.69899999999984
"S2",1000,1,2,0.5,456,1.24782239905048,1.96695911907805,0.559840927412884,-656.905494574634,0,1.57000000000016
"S2",1000,1,2,0.5,457,1.03602176525486,1.97434780002722,0.544712718210126,-624.615364095141,0,1.71299999999997
"S2",1000,1,2,0.5,458,1.22556090467403,1.9313675153672,0.563542442744133,-660.55080241198,0,1.654
"S2",1000,1,2,0.5,459,1.98184007435589,1.96758653262953,0.679470598767075,-643.120246764585,0,1.69200000000001
"S2",1000,1,2,0.5,460,1.39919118283724,1.96055735558232,0.613612033009186,-636.878695861375,0,1.62599999999998
"S2",1000,1,2,0.5,461,0.71102327884346,2.00206667425283,0.401407811441158,-671.047753848491,0,1.81900000000019
"S2",1000,1,2,0.5,462,1.22544076138515,2.02494692488142,0.552595165793823,-640.802203000135,0,1.61599999999999
"S2",1000,1,2,0.5,463,0.847935252064156,2.06415782375523,0.462143377110821,-632.417257954405,0,1.6869999999999
"S2",1000,1,2,0.5,464,0.88163058309766,1.96905255307422,0.460831846158237,-673.611769385833,0,1.73800000000006
"S2",1000,1,2,0.5,465,1.60246374601805,1.96449672306841,0.624228663000476,-651.232337686892,0,1.60500000000002
"S2",1000,1,2,0.5,466,0.832621006294881,2.02701595033784,0.434363916412911,-665.309349469464,0,1.61800000000017
"S2",1000,1,2,0.5,467,0.670266599612057,2.02259188059972,0.406211229172333,-643.052194277127,0,1.66499999999996
"S2",1000,1,2,0.5,468,0.760101311257511,2.06107956215745,0.449071457276803,-617.463351063302,0,1.71100000000001
"S2",1000,1,2,0.5,469,1.90738752226679,1.91541424746032,0.642760790399256,-683.173031482282,0,1.64400000000001
"S2",1000,1,2,0.5,470,0.84805336901868,2.11172481871716,0.446927535159871,-635.347296436696,0,1.74900000000002
"S2",1000,1,2,0.5,471,0.957408989675713,1.91089354678397,0.475693109734508,-697.470607284598,0,1.69200000000001
"S2",1000,1,2,0.5,472,1.60591130724705,1.90323874344773,0.603410898090974,-688.960710543417,0,1.57500000000005
"S2",1000,1,2,0.5,473,1.61152388406988,1.89360384513807,0.644306621191529,-658.529872052086,0,1.58999999999992
"S2",1000,1,2,0.5,474,1.23941839021328,2.01151398475402,0.600734774497004,-607.388919332523,0,1.66999999999985
"S2",1000,1,2,0.5,475,1.03904833318939,1.94450381387917,0.528155580992018,-651.033035457008,0,1.60100000000011
"S2",1000,1,2,0.5,476,0.66076167899616,2.13948520965029,0.404840829960623,-608.22968378169,0,1.70100000000002
"S2",1000,1,2,0.5,477,1.1248015957882,2.00875327315247,0.535200319764007,-641.836264848472,0,1.69499999999994
"S2",1000,1,2,0.5,478,0.944153174748688,2.05483434953441,0.497838954082854,-624.85673115465,0,1.61700000000019
"S2",1000,1,2,0.5,479,1.61132097219884,1.90764414676819,0.604272993231643,-687.439999370154,0,1.74799999999982
"S2",1000,1,2,0.5,480,0.933557773878755,1.99629176174857,0.46706679546158,-673.103669952795,0,1.79399999999987
"S2",1000,1,2,0.5,481,1.29054039874793,1.86992714524544,0.59629160643318,-661.219501505271,0,1.55200000000013
"S2",1000,1,2,0.5,482,0.737934908391228,1.99976990972773,0.425939880420434,-653.162549597896,0,1.67799999999988
"S2",1000,1,2,0.5,483,0.815071532157242,1.95082801908127,0.457261668743363,-661.206793034317,0,1.77600000000007
"S2",1000,1,2,0.5,484,1.42572711491106,1.97387940269021,0.601568564706465,-645.210479031406,0,1.66299999999978
"S2",1000,1,2,0.5,485,0.59501510104427,2.01261715714876,0.362150614666658,-667.606760092799,0,1.65300000000002
"S2",1000,1,2,0.5,486,2.38729744313247,1.92431985839954,0.72421579727808,-650.127127919784,0,1.5949999999998
"S2",1000,1,2,0.5,487,2.36550354407203,1.86896290501728,0.726053358776507,-664.405990082901,0,1.65100000000007
"S2",1000,1,2,0.5,488,1.76235053360737,1.90015706644088,0.685060433631482,-640.586282245441,0,1.69399999999996
"S2",1000,1,2,0.5,489,1.24595080303234,2.03763965601386,0.537338462510651,-655.493249039594,0,1.64900000000011
"S2",1000,1,2,0.5,490,1.47628915520258,2.01730515898283,0.589994942281545,-648.487975111098,0,1.63499999999999
"S2",1000,1,2,0.5,491,2.39626290654256,1.88683557889021,0.736408417368738,-654.407620775359,0,1.6110000000001
"S2",1000,1,2,0.5,492,2.13219171361006,1.9532876496586,0.688121798256128,-652.242432220824,0,1.61300000000006
"S2",1000,1,2,0.5,493,0.769296578123219,2.09732356013284,0.4392656511976,-621.394045298334,0,1.87400000000002
"S2",1000,1,2,0.5,494,1.13078406824308,2.02957269183156,0.50948644441957,-662.236018190274,0,1.65499999999997
"S2",1000,1,2,0.5,495,0.33825174570798,2.22301387402984,0.242837683838133,-606.135978079806,0,1.89899999999989
"S2",1000,1,2,0.5,496,1.3961742416787,1.91379796914474,0.569468445907442,-688.259365639685,0,1.61099999999988
"S2",1000,1,2,0.5,497,1.59119326455185,1.95865949701657,0.636522603810681,-640.146114592888,0,1.76600000000008
"S2",1000,1,2,0.5,498,0.636117166351488,2.06074460000848,0.382350955944221,-645.226856939085,0,1.81099999999992
"S2",1000,1,2,0.5,499,2.5029381403113,1.96663600809004,0.750974264280552,-624.250990276327,0,1.58100000000013
"S2",1000,1,2,0.5,500,1.28508718498723,1.91680991485606,0.572533780373477,-668.230355435188,0,1.57500000000005
"S2",1000,1,2,0.5,501,1.04106080734223,2.03318212930366,0.515658645262379,-638.942983318033,0,1.63699999999994
"S2",1000,1,2,0.5,502,0.811488801552545,2.06632709121063,0.438403718074365,-646.410770616265,0,1.73000000000002
"S2",1000,1,2,0.5,503,1.03115367793589,1.93185539245074,0.512465524327764,-669.416997526755,0,1.55700000000002
"S2",1000,1,2,0.5,504,1.53526506538983,1.9819144195813,0.587567362240779,-667.685638212274,0,1.60799999999995
"S2",1000,1,2,0.5,505,0.927197659444409,1.91805410929431,0.476827629228616,-682.296768925175,0,1.58600000000001
"S2",1000,1,2,0.5,506,2.0528052058111,1.88725220294504,0.667471660248103,-683.695853898564,0,1.74799999999982
"S2",1000,1,2,0.5,507,0.598607630212652,2.00430038339675,0.375734564072106,-649.920933840479,0,1.79100000000017
"S2",1000,1,2,0.5,508,1.0065027940385,1.98415721420033,0.497155594521511,-661.258485819902,0,1.59099999999989
"S2",1000,1,2,0.5,509,0.632351591422207,2.04735230809264,0.370053012623649,-663.523961434329,0,1.87900000000013
"S2",1000,1,2,0.5,510,1.15157614168702,1.9613286425217,0.572236105743633,-628.363040511298,0,1.69200000000001
"S2",1000,1,2,0.5,511,0.963599203383326,2.1020760756757,0.487552528936226,-621.954359343157,0,1.89300000000003
"S2",1000,1,2,0.5,512,0.647146208083789,2.05127166267933,0.369465329261588,-668.338456420522,0,1.85400000000004
"S2",1000,1,2,0.5,513,1.53630275557147,1.91931195612835,0.627938093575306,-652.447398123954,0,1.52399999999989
"S2",1000,1,2,0.5,514,1.49616208095445,1.89650686784796,0.632770837311769,-651.530022483293,0,1.49700000000007
"S2",1000,1,2,0.5,515,0.838708398685886,1.97522199223059,0.463703645348702,-651.522401591019,0,1.75
"S2",1000,1,2,0.5,516,0.53790045025415,2.0464464629146,0.3521612043628,-638.832856927417,0,1.85500000000002
"S2",1000,1,2,0.5,517,1.48099866072151,1.8904119672338,0.626106934660081,-657.708595924076,0,1.68299999999999
"S2",1000,1,2,0.5,518,1.70759387644269,1.90154872805888,0.637845560145194,-670.368596674918,0,1.64699999999993
"S2",1000,1,2,0.5,519,1.42921055515312,2.08152846281536,0.58591015268723,-624.294267947362,0,1.72499999999991
"S2",1000,1,2,0.5,520,1.28876279794897,2.00233097139128,0.525396548381184,-684.233512979393,0,1.78200000000015
"S2",1000,1,2,0.5,521,1.13432602038236,1.9816877999558,0.531507224361817,-657.558970686865,0,1.86899999999991
"S2",1000,1,2,0.5,522,1.8784950483288,1.88169324281193,0.696673798543415,-648.518367604022,0,1.6690000000001
"S2",1000,1,2,0.5,523,1.12697753453535,1.92237693537982,0.532621690424879,-671.99524177262,0,1.67200000000003
"S2",1000,1,2,0.5,524,0.728937051644796,2.13081887577407,0.454423865413669,-580.058653973999,0,1.66699999999992
"S2",1000,1,2,0.5,525,1.49256836040481,1.98789323733889,0.63101719510538,-626.962328748966,0,1.69200000000001
"S2",1000,1,2,0.5,526,1.11474531502911,1.92658518989708,0.548475626093634,-655.908255574658,0,1.64499999999998
"S2",1000,1,2,0.5,527,0.648900616075938,2.06158411840664,0.353034763513947,-688.926433966976,0,1.73699999999985
"S2",1000,1,2,0.5,528,2.02015162737364,1.91447379696666,0.755204851879207,-605.658730336441,0,1.74499999999989
"S2",1000,1,2,0.5,529,1.53675341377353,1.96071095687855,0.680384771142696,-601.61192535809,0,1.62599999999998
"S2",1000,1,2,0.5,530,0.791764627302441,2.03653341412598,0.421868130934194,-667.985004088604,0,1.77700000000004
"S2",1000,1,2,0.5,531,0.785300067062459,2.05227872173998,0.439519706081005,-638.274033257286,0,1.76300000000015
"S2",1000,1,2,0.5,532,0.933444796829139,2.0150676338192,0.471350575216791,-658.073579295492,0,1.68599999999992
"S2",1000,1,2,0.5,533,0.664094854477615,2.04789687722937,0.387780927750121,-652.308474376974,0,1.72600000000011
"S2",1000,1,2,0.5,534,0.964028090448434,1.97667652304031,0.493320131661246,-658.165426609086,0,1.72599999999989
"S2",1000,1,2,0.5,535,1.52236748057222,2.00483995253675,0.62705150452967,-626.571338756948,0,1.60499999999979
"S2",1000,1,2,0.5,536,1.47035128779479,1.98226523650659,0.634852115745771,-620.806785409159,0,1.60699999999997
"S2",1000,1,2,0.5,537,1.22167670132081,1.92380135755734,0.554411686760309,-670.897974690874,0,1.58899999999994
"S2",1000,1,2,0.5,538,1.71080620292499,1.881905667801,0.636656109090341,-679.607663051499,0,1.65100000000007
"S2",1000,1,2,0.5,539,1.22554712332091,2.01961949969589,0.582686955405711,-616.796018522408,0,1.62599999999998
"S2",1000,1,2,0.5,540,1.66525018281101,1.91426592703213,0.70510184380621,-610.750104691564,0,1.55899999999997
"S2",1000,1,2,0.5,541,1.26610730395877,2.0212760256576,0.557060256190108,-646.030311614139,0,1.69800000000009
"S2",1000,1,2,0.5,542,0.781697702320076,2.08661201573135,0.457167588502313,-606.341363360672,0,1.6690000000001
"S2",1000,1,2,0.5,543,1.38562190445905,1.88850911860842,0.60720878275051,-660.253090365959,0,1.56600000000003
"S2",1000,1,2,0.5,544,0.868720718372197,2.00109396830724,0.481578423650644,-636.855069829699,0,1.64999999999986
"S2",1000,1,2,0.5,545,0.66192702272162,2.08131616228982,0.379462722353141,-654.609584317952,0,1.71099999999979
"S2",1000,1,2,0.5,546,0.371983165939313,2.14396806246325,0.277777824882683,-598.688566679885,0,1.64499999999998
"S2",1000,1,2,0.5,547,1.1047202503082,1.97977062489815,0.523876210531362,-658.264081727329,0,1.50800000000004
"S2",1000,1,2,0.5,548,1.28471473534513,1.86130035425093,0.581444075315256,-675.342267359188,0,1.58500000000004
"S2",1000,1,2,0.5,549,0.722447428963035,2.08174694619496,0.418275598640839,-631.476217082024,0,1.76199999999994
"S2",1000,1,2,0.5,550,0.866568407831355,2.07636153531482,0.454858849360338,-637.597819520555,0,1.78799999999956
"S2",1000,1,2,0.5,551,1.08332119688186,1.9618748013215,0.507644936033076,-676.629723867111,0,1.57900000000018
"S2",1000,1,2,0.5,552,0.714806723508529,2.0070561627037,0.401948849577223,-670.756147997333,0,1.73800000000028
"S2",1000,1,2,0.5,553,1.08159394258705,1.96120352344903,0.531843420303226,-654.841046662407,0,1.51900000000023
"S2",1000,1,2,0.5,554,1.75675419490002,1.90890215464126,0.686278307636906,-634.464040224852,0,1.60799999999972
"S2",1000,1,2,0.5,555,1.00255194596323,2.00565546311748,0.509208228286167,-644.966173427633,0,1.68199999999979
"S2",1000,1,2,0.5,556,0.790448355995358,1.93154927355711,0.423330293197769,-698.087983728818,0,1.66899999999987
"S2",1000,1,2,0.5,557,1.4765022737614,1.9424206696792,0.632801590528228,-636.23719959175,0,1.54999999999973
"S2",1000,1,2,0.5,558,1.42401899093582,2.00706521984585,0.572421070326165,-659.162661120719,0,1.58599999999979
"S2",1000,1,2,0.5,559,0.697546929529352,2.1165199915988,0.402481871303679,-630.485170276347,0,1.62899999999991
"S2",1000,1,2,0.5,560,2.10433315906913,1.85807679499697,0.706078899616986,-665.907726393742,0,1.59299999999985
"S2",1000,1,2,0.5,561,0.995052067543507,1.98024992271474,0.490648681566558,-666.396608361005,0,1.58400000000029
"S2",1000,1,2,0.5,562,0.860641726161519,2.01674918316065,0.467797635574255,-643.610382709187,0,1.61000000000013
"S2",1000,1,2,0.5,563,1.78206741471004,1.96693136148898,0.663171431227211,-637.589565329391,0,1.62100000000009
"S2",1000,1,2,0.5,564,1.24282721779377,1.98064676307876,0.605463386993118,-613.6127867568,0,1.51399999999967
"S2",1000,1,2,0.5,565,1.60983659005506,1.89099392560922,0.652918234113757,-651.003085968637,0,1.61999999999989
"S2",1000,1,2,0.5,566,1.18608640064039,2.04031511149372,0.4851251833375,-694.472992379216,0,1.66499999999996
"S2",1000,1,2,0.5,567,0.494773674604092,2.10706340412404,0.316631930849389,-644.905741958949,0,1.79800000000023
"S2",1000,1,2,0.5,568,1.11299163929395,1.88492596590908,0.544715662221985,-669.973927647317,0,1.63000000000011
"S2",1000,1,2,0.5,569,1.3262551983687,1.89978053747728,0.557899917137503,-692.003002988685,0,1.57999999999993
"S2",1000,1,2,0.5,570,0.580288876307475,2.08189468467523,0.356260161520594,-644.149456122054,0,1.62800000000016
"S2",1000,1,2,0.5,571,0.606654136544981,2.11242649281035,0.372256467205612,-630.281889250473,0,1.60599999999977
"S2",1000,1,2,0.5,572,0.979267637099011,1.98257347019157,0.511597954847631,-641.747482556698,0,1.68599999999969
"S2",1000,1,2,0.5,573,0.428124500926451,2.17125456334108,0.276931713641674,-640.286372500157,0,1.71100000000024
"S2",1000,1,2,0.5,574,1.04831240262879,1.97647372672264,0.522391635030097,-648.093731769956,0,1.625
"S2",1000,1,2,0.5,575,0.697872705548251,2.1420342147281,0.39227992513672,-633.035296742697,0,1.67500000000018
"S2",1000,1,2,0.5,576,1.42021028854185,1.97940927454386,0.601027141376313,-646.353672506656,0,1.64499999999998
"S2",1000,1,2,0.5,577,1.23033427088627,1.97352461244955,0.598829562606119,-618.900805454761,0,1.67799999999988
"S2",1000,1,2,0.5,578,0.83636286400023,1.99021087133695,0.433772997135434,-682.787694539294,0,1.64300000000003
"S2",1000,1,2,0.5,579,1.12259538587296,1.99972516691445,0.49741795187187,-679.776586287559,0,1.60399999999981
"S2",1000,1,2,0.5,580,1.25971719678648,1.91813813883519,0.59022283498118,-647.150646018294,0,1.58500000000004
"S2",1000,1,2,0.5,581,0.893257451914091,2.00925537901888,0.444583014192634,-681.853238972591,0,1.60699999999997
"S2",1000,1,2,0.5,582,0.953838061118839,1.95478750279239,0.492538023806926,-662.288634257515,0,1.65000000000009
"S2",1000,1,2,0.5,583,1.11288608986413,2.00035212265709,0.515689155561441,-662.147552798291,0,1.6880000000001
"S2",1000,1,2,0.5,584,0.699999622792598,2.12323471204612,0.403401084681872,-628.76922038152,0,1.66100000000006
"S2",1000,1,2,0.5,585,0.528374914300333,2.07844093281021,0.315443971221264,-675.799480028408,0,1.68100000000004
"S2",1000,1,2,0.5,586,0.80702056864349,1.93289507350115,0.457061305592945,-658.009307965203,0,1.63199999999961
"S2",1000,1,2,0.5,587,0.706225400381751,2.16017713552024,0.399879552192424,-624.341497793744,0,1.68700000000035
"S2",1000,1,2,0.5,588,1.49680995955019,1.93660990289407,0.583742925817643,-683.828085366135,0,1.73500000000013
"S2",1000,1,2,0.5,589,1.33775936611697,1.93685037081175,0.552291959888028,-688.163867979708,0,1.61599999999999
"S2",1000,1,2,0.5,590,1.63833239777408,1.88557973602838,0.69488060747783,-623.615696867341,0,1.4689999999996
"S2",1000,1,2,0.5,591,1.41832204282196,1.98842149199359,0.606136309300342,-636.101771217672,0,1.5590000000002
"S2",1000,1,2,0.5,592,1.025050319092,1.99989070516643,0.484102149697721,-677.695926214358,0,1.47000000000025
"S2",1000,1,2,0.5,593,0.808235009477279,2.05748239058619,0.453189005731328,-629.193411598023,0,1.82299999999987
"S2",1000,1,2,0.5,594,1.08504992621542,1.99265826322061,0.528034136325428,-644.703068165952,0,1.68899999999985
"S2",1000,1,2,0.5,595,1.6902286184109,1.91680267929008,0.653728220200798,-651.511918920105,0,1.61299999999983
"S2",1000,1,2,0.5,596,1.64972306470368,1.91738433199135,0.609218833716918,-685.954829653876,0,1.65099999999984
"S2",1000,1,2,0.5,597,0.966283753397099,1.97116916579432,0.455654776005728,-699.890656878584,0,1.60899999999992
"S2",1000,1,2,0.5,598,0.853115785253222,1.99368205519495,0.476180687984769,-639.013612435235,0,1.64699999999993
"S2",1000,1,2,0.5,599,1.26150203050876,1.97715344416584,0.585996225981805,-633.843482451027,0,1.52099999999973
"S2",1000,1,2,0.5,600,0.689314391133988,2.08652851289028,0.41020616452379,-625.523974842955,0,1.61200000000008
"S2",1000,1,2,0.5,601,1.37562621722827,1.95216155196962,0.598507865274252,-648.581041898124,0,1.57000000000016
"S2",1000,1,2,0.5,602,1.20575655960852,1.93382804630157,0.592129287312185,-630.898668030734,0,1.62000000000035
"S2",1000,1,2,0.5,603,1.00194054504472,2.02960806940677,0.515023519762082,-633.472116896789,0,1.596
"S2",1000,1,2,0.5,604,0.823366449407297,2.02804897799134,0.450922117653033,-648.295615070427,0,1.55199999999968
"S2",1000,1,2,0.5,605,0.560484811654541,2.13879557825515,0.345302256720028,-632.585800420188,0,1.64100000000008
"S2",1000,1,2,0.5,606,0.872024203689384,2.03944553615899,0.445953538437573,-664.702024366579,0,1.52300000000014
"S2",1000,1,2,0.5,607,0.882625256571165,2.04523528756878,0.468756559176058,-639.22965021568,0,1.6579999999999
"S2",1000,1,2,0.5,608,0.953446198935257,1.96561390887822,0.47952616670973,-671.376973263377,0,1.596
"S2",1000,1,2,0.5,609,1.01933717763319,2.08171183138155,0.465059317184377,-665.896206114508,0,1.66300000000001
"S2",1000,1,2,0.5,610,1.1869131949889,1.95736281431168,0.515682356975552,-691.399210076502,0,1.44800000000032
"S2",1000,1,2,0.5,611,1.46339426829167,1.93829428723118,0.603415215806481,-658.20644740123,0,1.67500000000018
"S2",1000,1,2,0.5,612,0.741474465067873,2.10790911507906,0.444772410488381,-603.52492613534,0,1.62000000000035
"S2",1000,1,2,0.5,613,0.893303964136855,2.06714857770385,0.474739824228053,-631.058178206927,0,1.57999999999993
"S2",1000,1,2,0.5,614,0.665349927898438,2.08171380941036,0.398131041465426,-632.723095913104,0,1.50500000000011
"S2",1000,1,2,0.5,615,1.52423932642874,1.85972149057623,0.631190882308904,-671.35421820828,0,1.49299999999994
"S2",1000,1,2,0.5,616,0.808710725453591,2.0557164206147,0.460829112006796,-623.697564520684,0,1.6579999999999
"S2",1000,1,2,0.5,617,0.899814834913649,1.96723634100244,0.499911535272395,-637.243161760545,0,1.5619999999999
"S2",1000,1,2,0.5,618,0.780463631033548,2.09546080669524,0.427106227674925,-640.510547842461,0,1.66300000000001
"S2",1000,1,2,0.5,619,0.902565643729038,2.06802562873998,0.481209698692189,-625.995246199976,0,1.654
"S2",1000,1,2,0.5,620,1.54774430790458,1.92094380181776,0.615720268729848,-666.041426640899,0,1.60399999999981
"S2",1000,1,2,0.5,621,0.660247005815332,2.07092096792741,0.395781598512196,-635.097165562039,0,1.77200000000039
"S2",1000,1,2,0.5,622,0.759730947399574,2.02974823137887,0.440826553118943,-633.93729394665,0,1.69299999999976
"S2",1000,1,2,0.5,623,1.17417117666109,1.95591872633426,0.534432050981073,-670.577208188601,0,1.83899999999994
"S2",1000,1,2,0.5,624,1.01845785926592,2.00367203453976,0.499181210426502,-655.85108838796,0,1.58399999999983
"S2",1000,1,2,0.5,625,1.42558664519489,1.94983487936698,0.554735924402823,-696.087814304964,0,1.77999999999975
"S2",1000,1,2,0.5,626,0.740786456060922,2.03324320123844,0.419742538248592,-652.513247761444,0,1.58899999999994
"S2",1000,1,2,0.5,627,0.936179528490878,2.06648830163999,0.471147992800107,-646.294710578787,0,1.60300000000007
"S2",1000,1,2,0.5,628,0.574931851744379,2.02472701286498,0.348032256366822,-669.296615170872,0,1.86599999999999
"S2",1000,1,2,0.5,629,0.47337261614938,2.08558037542662,0.308069021928554,-647.883851967443,0,1.72299999999996
"S2",1000,1,2,0.5,630,1.71751959531343,1.85826235588188,0.705798318721843,-632.883517569541,0,1.70200000000023
"S2",1000,1,2,0.5,631,0.750946224576528,2.00717807901524,0.422023842788261,-660.92496407549,0,1.71199999999999
"S2",1000,1,2,0.5,632,1.11052613710627,1.97498604428128,0.522740090193801,-662.575390961915,0,1.52199999999993
"S2",1000,1,2,0.5,633,0.790887196379103,2.0237719746808,0.48117419633543,-604.463080716364,0,1.63999999999987
"S2",1000,1,2,0.5,634,1.9045302232866,1.99201306431859,0.691914319988221,-621.044328474059,0,1.64600000000019
"S2",1000,1,2,0.5,635,0.568527994930681,2.1675093694412,0.339567625139018,-635.535943873913,0,1.83100000000013
"S2",1000,1,2,0.5,636,0.742344052825569,2.04863836816991,0.435187335392629,-629.251979414286,0,1.73600000000033
"S2",1000,1,2,0.5,637,0.773592318545393,2.10682494083734,0.451060582130727,-603.803007671011,0,1.56700000000001
"S2",1000,1,2,0.5,638,0.773453301212728,2.08321079651306,0.42442208212825,-641.39426824923,0,1.65099999999984
"S2",1000,1,2,0.5,639,0.27985343096907,2.14046374376115,0.212599933821258,-623.303516333893,0,1.74399999999969
"S2",1000,1,2,0.5,640,1.13189852313661,1.95045129504675,0.525839148244972,-672.47542812336,0,1.57699999999977
"S2",1000,1,2,0.5,641,0.909087133705689,2.05656117902968,0.486111819738872,-628.110621917489,0,1.59700000000021
"S2",1000,1,2,0.5,642,0.516680425676113,2.08872942870697,0.329471680267828,-644.659644123605,0,1.62699999999995
"S2",1000,1,2,0.5,643,1.55857188052138,1.98352283023832,0.577525952915795,-678.429330851616,0,1.49499999999989
"S2",1000,1,2,0.5,644,1.01953006106405,2.00489579568943,0.494352781217662,-660.839296656499,0,1.58800000000019
"S2",1000,1,2,0.5,645,1.11776953204752,2.09079833522072,0.482027957709541,-667.300506688189,0,1.6869999999999
"S2",1000,1,2,0.5,646,0.986145550222634,2.01669307822419,0.524431777248735,-619.147148076858,0,1.61299999999983
"S2",1000,1,2,0.5,647,1.215495279229,1.96621218651063,0.566789705873015,-643.919370548776,0,1.60799999999972
"S2",1000,1,2,0.5,648,0.743837942651947,2.09531864169965,0.433373089405593,-619.316850029853,0,1.5949999999998
"S2",1000,1,2,0.5,649,0.864676807433276,2.05327641593073,0.46758426166205,-631.085265425181,0,1.67099999999982
"S2",1000,1,2,0.5,650,2.41771125917164,1.87531838670169,0.831648289800933,-593.371046993877,0,1.73900000000003
"S2",1000,1,2,0.5,651,0.925729934915418,1.97130082431484,0.482707801876349,-662.38213073958,0,1.59000000000015
"S2",1000,1,2,0.5,652,1.01591824600943,2.04870016328948,0.524960834599727,-615.632448686683,0,1.62599999999975
"S2",1000,1,2,0.5,653,0.591529182863901,2.05015261694061,0.371623819096833,-640.200173977438,0,1.61999999999989
"S2",1000,1,2,0.5,654,0.923130749799093,2.06566033456687,0.493091812888731,-622.34824462494,0,1.62999999999965
"S2",1000,1,2,0.5,655,1.22420999783033,1.93857264995483,0.574959875749058,-648.172703829787,0,1.70100000000002
"S2",1000,1,2,0.5,656,0.694357107725471,2.0722067848607,0.382652287549002,-666.049419410023,0,1.78200000000015
"S2",1000,1,2,0.5,657,1.27251390228804,1.96967283632617,0.553621741162543,-664.34244247131,0,1.51699999999983
"S2",1000,1,2,0.5,658,1.20003092728416,1.9740790586969,0.596734602430879,-613.794187240938,0,1.47799999999961
"S2",1000,1,2,0.5,659,1.25435474214087,1.98542716607138,0.57038848192138,-639.270844882512,0,1.52799999999979
"S2",1000,1,2,0.5,660,0.730910846761164,2.00807678229147,0.424129754614564,-650.034521163086,0,1.66699999999992
"S2",1000,1,2,0.5,661,0.923193590087871,1.93363432586579,0.496894474022321,-657.044707571123,0,1.62599999999975
"S2",1000,1,2,0.5,662,1.12076760001909,1.96548202555171,0.543389637570168,-648.625877592997,0,1.60899999999992
"S2",1000,1,2,0.5,663,2.22999476807891,1.8591749733585,0.714576329205863,-669.351824643049,0,1.58100000000013
"S2",1000,1,2,0.5,664,0.90508891354109,2.05355379716541,0.484897054489127,-625.492313821772,0,1.7170000000001
"S2",1000,1,2,0.5,665,0.75429308495761,2.00437764779123,0.412002100445617,-674.424674907034,0,1.58199999999988
"S2",1000,1,2,0.5,666,1.10572985442763,1.88953436035353,0.525421768647659,-686.475927517418,0,1.63999999999987
"S2",1000,1,2,0.5,667,0.69025893717396,2.04924213143347,0.419667051589707,-626.151434626638,0,1.67799999999988
"S2",1000,1,2,0.5,668,1.30269941873575,1.97633133059641,0.574676943889192,-651.362759083206,0,1.84199999999987
"S2",1000,1,2,0.5,669,1.27363797503083,1.96065061043842,0.550925166026127,-671.690036732962,0,1.76800000000003
"S2",1000,1,2,0.5,670,0.789460653969422,2.08823464325202,0.428436166011417,-641.495479229674,0,1.77099999999996
"S2",1000,1,2,0.5,671,0.461785585097877,2.10999430677897,0.319966413694934,-617.550376473483,0,1.779
"S2",1000,1,2,0.5,672,0.690150433487404,1.99680810624268,0.406294196828445,-657.021331075107,0,1.88300000000004
"S2",1000,1,2,0.5,673,0.952580244104477,1.98131596346436,0.481197706290355,-665.731607901324,0,1.76999999999998
"S2",1000,1,2,0.5,674,0.916389401834581,2.00956227617087,0.46853556661913,-658.787834213343,0,1.82999999999993
"S2",1000,1,2,0.5,675,1.42035115221295,1.95776987212279,0.599936339530667,-649.409364518056,0,1.80799999999999
"S2",1000,1,2,0.5,676,0.909962065536514,1.95442528428349,0.488663125287512,-654.822226469301,0,1.71300000000019
"S2",1000,1,2,0.5,677,1.73481532651935,1.84630663258302,0.646237491982811,-683.059174439243,0,1.73800000000006
"S2",1000,1,2,0.5,678,0.905584325311764,2.01511736692096,0.478266086434,-645.648948281313,0,1.75299999999993
"S2",1000,1,2,0.5,679,1.2738141884325,1.98779795051588,0.565624521868807,-649.625334541124,0,1.82600000000002
"S2",1000,1,2,0.5,680,0.898150402447973,2.00561511757427,0.484461530070483,-640.373863456023,0,1.87000000000012
"S2",1000,1,2,0.5,681,0.679384596072019,2.02842028472272,0.394654564552937,-657.907401289551,0,1.88400000000001
"S2",1000,1,2,0.5,682,1.09868994006667,2.00431922994391,0.490716056708835,-684.024444979484,0,1.75099999999998
"S2",1000,1,2,0.5,683,1.10472030270682,1.88844796680201,0.535527828663732,-676.656152441873,0,1.67200000000003
"S2",1000,1,2,0.5,684,0.813259509490315,2.03625394115522,0.455883804825754,-633.992945892962,0,1.65800000000013
"S2",1000,1,2,0.5,685,0.627288434918839,2.07600886365458,0.368018590781627,-652.855151124976,0,1.904
"S2",1000,1,2,0.5,686,0.888791940160128,1.94307828408271,0.464468113424416,-676.259843933779,0,1.66300000000001
"S2",1000,1,2,0.5,687,1.47516659135954,1.95612607177294,0.571435076216994,-681.744948798061,0,1.72000000000003
"S2",1000,1,2,0.5,688,0.921415232584912,2.00224845590455,0.484623948866388,-646.249806268588,0,1.73800000000006
"S2",1000,1,2,0.5,689,1.43008948681016,1.91826718476715,0.599609962670625,-666.673360965579,0,1.71699999999987
"S2",1000,1,2,0.5,690,0.879916298995191,2.04150352421319,0.464654699457204,-644.405998938905,0,1.72000000000003
"S2",1000,1,2,0.5,691,2.2665732747289,1.87323749328431,0.77432846014375,-623.558069882672,0,1.77400000000011
"S2",1000,1,2,0.5,692,1.18047498593763,1.95027294946819,0.573523136799648,-636.318948440402,0,1.72699999999986
"S2",1000,1,2,0.5,693,1.59578612576564,1.82847618693378,0.620004414000237,-698.087152587049,0,1.74299999999994
"S2",1000,1,2,0.5,694,1.14549024452491,1.96742043945758,0.525711432740703,-670.850017933008,0,1.64100000000008
"S2",1000,1,2,0.5,695,0.576621867514863,2.07132969287698,0.35295414009448,-649.327729412089,0,1.94200000000001
"S2",1000,1,2,0.5,696,0.888498594911159,1.99581797767817,0.515775661605111,-609.221344159509,0,1.75700000000006
"S2",1000,1,2,0.5,697,1.047481600684,2.00149881427407,0.511320214029145,-653.07854457512,0,1.76900000000001
"S2",1000,1,2,0.5,698,0.723193536125128,2.06963732788657,0.42434202470951,-627.284387454759,0,1.77099999999996
"S2",1000,1,2,0.5,699,1.0358047547729,2.03177599058812,0.495138217551489,-654.735169596481,0,1.83999999999992
"S2",1000,1,2,0.5,700,0.878811772743023,2.0685162396716,0.487392312026439,-609.98061280683,0,1.72900000000004
"S2",1000,1,2,0.5,701,0.976627909046563,2.02397801316193,0.506764685959409,-631.052056087273,0,1.79100000000017
"S2",1000,1,2,0.5,702,2.50700131985141,1.90142154212498,0.712661459976744,-670.788296999262,0,1.71299999999997
"S2",1000,1,2,0.5,703,0.741943836442048,2.15045850717959,0.419570510914499,-617.692481907469,0,1.82400000000007
"S2",1000,1,2,0.5,704,1.30360584521699,1.9926720082799,0.540043998368308,-674.594812540871,0,1.81600000000003
"S2",1000,1,2,0.5,705,1.71394819328066,1.96351761775566,0.687546739290152,-614.269774135449,0,1.73299999999995
"S2",1000,1,2,0.5,706,3.72923898700621,1.84072726333353,0.822938377915047,-658.528944895649,0,1.85400000000004
"S2",1000,1,2,0.5,707,0.709268733094083,2.01436238723135,0.421845243302877,-644.829778652172,0,1.952
"S2",1000,1,2,0.5,708,0.53593115869592,2.00513437269442,0.329658350464631,-678.124596750496,0,1.82600000000002
"S2",1000,1,2,0.5,709,1.42041112758617,1.87459269745743,0.614845367399261,-665.621744200527,0,1.78800000000001
"S2",1000,1,2,0.5,710,0.824288077180561,2.10179530117343,0.455604768841779,-622.463223680562,0,1.779
"S2",1000,1,2,0.5,711,0.778843168880217,2.04099975896911,0.410866311250879,-673.321280487103,0,1.9079999999999
"S2",1000,1,2,0.5,712,0.705909750307871,2.0485421499548,0.396939033714603,-661.979817692717,0,1.78999999999996
"S2",1000,1,2,0.5,713,1.1006448781243,1.99584595423546,0.485849899743933,-690.62873326747,0,1.702
"S2",1000,1,2,0.5,714,0.494306132197902,2.14343438077848,0.318343058615631,-630.961538704808,0,1.88100000000009
"S2",1000,1,2,0.5,715,2.89849209995481,1.88811707364126,0.772225616872216,-654.288138007424,0,1.82300000000009
"S2",1000,1,2,0.5,716,0.550227471746463,2.14647893740758,0.330715697980978,-645.457007847376,0,1.83899999999994
"S2",1000,1,2,0.5,717,1.25056878739762,1.93946112736019,0.592053820915085,-637.417021441959,0,1.67600000000016
"S2",1000,1,2,0.5,718,0.9667901752984,1.9303975599259,0.488674167484707,-677.186686996511,0,1.93499999999995
"S2",1000,1,2,0.5,719,1.27941154822313,1.86975696781023,0.552015342216459,-701.913478480558,0,1.60099999999989
"S2",1000,1,2,0.5,720,1.18125226386118,1.98362199456073,0.542751683049531,-655.657883816983,0,1.73300000000017
"S2",1000,1,2,0.5,721,0.697880041634626,1.99053189387684,0.3943570041717,-679.031980163087,0,1.75299999999993
"S2",1000,1,2,0.5,722,1.23404672215407,1.93690061324223,0.532962103610541,-691.105837075382,0,1.70700000000011
"S2",1000,1,2,0.5,723,1.91298244380035,1.88522985082325,0.681479368112696,-661.15247835262,0,1.80099999999993
"S2",1000,1,2,0.5,724,1.40730958750887,1.99525302761838,0.598967650272383,-637.726783086353,0,1.77700000000004
"S2",1000,1,2,0.5,725,2.39175544231242,1.85118230190763,0.751727108218757,-654.988771576756,0,1.69100000000003
"S2",1000,1,2,0.5,726,0.927938447757164,2.03573542749572,0.483930944448372,-641.085698450884,0,1.91000000000008
"S2",1000,1,2,0.5,727,0.848838536447075,1.9892681517685,0.446765360572894,-673.040002778887,0,1.75600000000009
"S2",1000,1,2,0.5,728,1.47300771101889,1.97046462625626,0.611418372250729,-644.869419792259,0,1.69499999999994
"S2",1000,1,2,0.5,729,0.596291095101757,1.99256096454389,0.362364745824972,-668.375090534746,0,1.86300000000006
"S2",1000,1,2,0.5,730,1.07894640698134,1.97938959768555,0.517367134920551,-661.938978485982,0,1.75500000000011
"S2",1000,1,2,0.5,731,1.4293503905479,1.92651847523501,0.588985316872949,-671.345842700194,0,1.60799999999995
"S2",1000,1,2,0.5,732,0.751818201436038,2.02626620748873,0.439606299513646,-632.673454412521,0,1.65699999999993
"S2",1000,1,2,0.5,733,1.2570845804094,2.02023395972185,0.572843231479719,-633.11188051928,0,1.6690000000001
"S2",1000,1,2,0.5,734,1.73499538286099,1.93568811042784,0.664193214434815,-644.26477008218,0,1.702
"S2",1000,1,2,0.5,735,0.602114754561892,2.00486731416687,0.356257959255883,-677.922651438685,0,1.71199999999999
"S2",1000,1,2,0.5,736,0.918447281896624,2.16179768298546,0.490156314808613,-597.419356843888,0,1.68399999999997
"S2",1000,1,2,0.5,737,0.510971556498231,2.07670921316749,0.364872811259513,-595.560150201022,0,1.82599999999979
"S2",1000,1,2,0.5,738,1.09159670398637,2.08269209306118,0.499073897669861,-646.48675713974,0,1.62199999999984
"S2",1000,1,2,0.5,739,1.55890859730321,2.02810105328323,0.604285811833038,-642.793014525859,0,1.76900000000001
"S2",1000,1,2,0.5,740,2.71291715379616,1.82571307727323,0.794942930772943,-649.876576529204,0,1.67100000000005
"S2",1000,1,2,0.5,741,1.64363577502057,1.91836016501414,0.645041616211392,-652.388305597307,0,1.59800000000018
"S2",1000,1,2,0.5,742,4.95677728427872,1.85711182274812,0.877394907993809,-644.678619914491,0,1.94799999999987
"S2",1000,1,2,0.5,743,1.46142461128076,1.87981233796157,0.585534856283433,-696.151969247628,0,1.72600000000011
"S2",1000,1,2,0.5,744,0.69509977701581,1.99014599330039,0.37554150342359,-703.702837825665,0,1.68599999999992
"S2",1000,1,2,0.5,745,0.968653301781427,1.94595436145146,0.465816039209118,-695.277615572724,0,1.64100000000008
"S2",1000,1,2,0.5,746,0.946151426036385,1.9515289185214,0.45472015448888,-703.056373653338,0,1.798
"S2",1000,1,2,0.5,747,0.741677237876274,2.04967812718772,0.456880543418586,-604.209815795942,0,1.81899999999996
"S2",1000,1,2,0.5,748,1.46817384870986,1.95953367344301,0.596647145616594,-660.247497754327,0,1.66800000000012
"S2",1000,1,2,0.5,749,1.01533947495612,2.07933599360574,0.513279838715914,-620.638752040894,0,1.6579999999999
"S2",1000,1,2,0.5,750,1.31725234907625,1.96803884966406,0.57949939836723,-652.121480848704,0,1.63599999999997
"S2",1000,1,2,0.5,751,1.32803031307068,1.98340472153669,0.591953641282359,-635.547011099467,0,1.77700000000004
"S2",1000,1,2,0.5,752,1.9438311018098,1.98818881624414,0.684188509982821,-629.551066137324,0,1.54700000000003
"S2",1000,1,2,0.5,753,0.917436565823587,1.96886994689299,0.492547515260655,-645.106072967272,0,1.61799999999994
"S2",1000,1,2,0.5,754,1.86861407049486,1.87486700403474,0.684792100148363,-658.289078863237,0,1.56799999999998
"S2",1000,1,2,0.5,755,1.47305076858214,1.94924421386638,0.553403814662683,-703.434286766642,0,1.68499999999995
"S2",1000,1,2,0.5,756,1.08713285200966,1.9407443959901,0.517141600944027,-674.615243631165,0,1.65199999999982
"S2",1000,1,2,0.5,757,1.63468280539829,1.89772334778082,0.610754467900805,-688.901057279798,0,1.69300000000021
"S2",1000,1,2,0.5,758,0.93729140662411,2.05736645346291,0.478759251859513,-641.629095980608,0,1.67099999999982
"S2",1000,1,2,0.5,759,2.07401139540241,1.8722297422287,0.71255750946196,-653.201115968365,0,1.71299999999997
"S2",1000,1,2,0.5,760,1.56003047422498,1.9586893324249,0.61378659264224,-654.684125193615,0,1.78099999999995
"S2",1000,1,2,0.5,761,1.55150355339564,1.86745355561634,0.646038626612819,-659.174920826844,0,1.73000000000002
"S2",1000,1,2,0.5,762,0.827130880249071,2.0363182229061,0.435221361557311,-663.453924998332,0,1.6880000000001
"S2",1000,1,2,0.5,763,1.37918749831656,2.00930058137738,0.593968829461973,-632.477533273138,0,1.67599999999993
"S2",1000,1,2,0.5,764,1.06006387460387,2.01007155405997,0.47490394985693,-688.329834003675,0,1.70800000000008
"S2",1000,1,2,0.5,765,0.908987818884487,2.01394843662447,0.458648758119085,-668.858499007199,0,1.68399999999997
"S2",1000,1,2,0.5,766,0.71297002196227,2.13112645660917,0.423863865793868,-609.70291528888,0,1.78899999999999
"S2",1000,1,2,0.5,767,0.612684775476808,2.11349587979981,0.371948932912882,-630.981193504742,0,1.88900000000012
"S2",1000,1,2,0.5,768,0.839446465911441,2.0398523628,0.435558395439396,-666.956895033015,0,1.83699999999999
"S2",1000,1,2,0.5,769,0.896587896295799,1.96948841022366,0.480479472656673,-651.65907602545,0,1.90499999999997
"S2",1000,1,2,0.5,770,1.11239865485678,1.96131515914293,0.533466389292418,-659.375738155583,0,1.57500000000005
"S2",1000,1,2,0.5,771,1.12694133202552,1.94181205341263,0.521645902593631,-678.999194599202,0,1.60300000000007
"S2",1000,1,2,0.5,772,2.16270715753038,1.8388432473827,0.743226904499351,-648.858567383978,0,1.63400000000001
"S2",1000,1,2,0.5,773,1.39935777014966,1.94853009956136,0.544552269077504,-700.689810973663,0,1.68100000000004
"S2",1000,1,2,0.5,774,1.04074351667893,1.99764864168933,0.520144136225853,-641.967802516018,0,1.66399999999999
"S2",1000,1,2,0.5,775,0.832506794659537,2.05307529737274,0.458208335753319,-632.1351518404,0,1.76900000000001
"S2",1000,1,2,0.5,776,1.34870775982418,1.97799740926182,0.573504508344018,-655.985180587807,0,1.68500000000017
"S2",1000,1,2,0.5,777,1.97196949914367,1.84014683663074,0.73777811212948,-638.529733166504,0,1.82299999999987
"S2",1000,1,2,0.5,778,1.10106157390819,2.13422996198957,0.535548677727469,-599.388924462494,0,1.74700000000007
"S2",1000,1,2,0.5,779,1.15673350069397,2.03760690645794,0.586658923015545,-594.347230931065,0,1.68900000000008
"S2",1000,1,2,0.5,780,0.761706333542931,2.07283158439955,0.401590548933201,-669.619087021193,0,1.80199999999991
"S2",1000,1,2,0.5,781,0.991548710959835,2.03233533778767,0.473903182642536,-669.028526784993,0,1.721
"S2",1000,1,2,0.5,782,1.00738028354218,2.11750153448054,0.507508701791278,-611.604709753465,0,1.79599999999982
"S2",1000,1,2,0.5,783,1.06946625437046,1.932298370413,0.559140123877429,-631.867696745967,0,1.73400000000015
"S2",1000,1,2,0.5,784,0.563642207881795,2.00879914848753,0.341912156039947,-676.937056495564,0,1.91899999999987
"S2",1000,1,2,0.5,785,1.53144542685437,1.93270628084836,0.596090914760934,-676.845083672757,0,1.82799999999997
"S2",1000,1,2,0.5,786,1.0368791126382,2.00083070601532,0.529966040006514,-633.115096664594,0,1.68999999999983
"S2",1000,1,2,0.5,787,1.06324347983006,2.03495909547392,0.516915979730918,-640.810962569589,0,1.74400000000014
"S2",1000,1,2,0.5,788,0.888582572240538,1.98749659296032,0.443216500722057,-688.802066012632,0,1.68000000000006
"S2",1000,1,2,0.5,789,0.628491972734777,2.04445354198776,0.369343301179633,-660.811564685077,0,1.57099999999991
"S2",1000,1,2,0.5,790,1.21221494270228,1.99618838316302,0.56727910834149,-633.758525511849,0,1.75199999999995
"S2",1000,1,2,0.5,791,0.935134939315087,2.01636542372693,0.451122824735951,-682.070994884572,0,1.85800000000017
"S2",1000,1,2,0.5,792,0.740062703987733,2.00368867995871,0.421508872156165,-657.942837892207,0,1.7349999999999
"S2",1000,1,2,0.5,793,0.458060762361607,2.13004949452105,0.319072541584487,-610.864057904167,0,1.70700000000011
"S2",1000,1,2,0.5,794,0.797451720145641,2.02379128995549,0.423950525297256,-666.418869319656,0,1.80999999999995
"S2",1000,1,2,0.5,795,1.50175688113804,1.83497272011711,0.589359544491651,-711.989321580569,0,1.57999999999993
"S2",1000,1,2,0.5,796,0.997012089963648,2.05046515149855,0.474181789062897,-665.933806730932,0,1.69200000000001
"S2",1000,1,2,0.5,797,0.804046795702197,2.06753795773512,0.420951286246837,-661.340694714441,0,1.77399999999989
"S2",1000,1,2,0.5,798,1.13125785445792,1.93176286832295,0.567796322446335,-638.623953244642,0,1.71900000000005
"S2",1000,1,2,0.5,799,0.667277990983441,2.14209438186109,0.397482358738405,-617.067490441679,0,1.67900000000009
"S2",1000,1,2,0.5,800,0.942485482799579,2.08480722408326,0.479957737579992,-634.229088794122,0,1.69100000000003
"S2",1000,1,2,0.5,801,1.52100249299693,1.98015274292641,0.584585302954731,-669.266954475203,0,1.86999999999989
"S2",1000,1,2,0.5,802,0.843080602470861,1.95377764567098,0.449998453730387,-677.019502544722,0,1.61900000000014
"S2",1000,1,2,0.5,803,1.88194868983789,1.89658659058923,0.62719059513441,-698.989581041056,0,1.61999999999989
"S2",1000,1,2,0.5,804,0.59962857557067,2.0273389850208,0.334591385551779,-704.85883135417,0,1.78100000000018
"S2",1000,1,2,0.5,805,0.857981827732492,2.0532028348129,0.467691193855687,-632.193349252619,0,1.78399999999988
"S2",1000,1,2,0.5,806,2.15385205873317,1.86952148706811,0.700669516613946,-670.282133493118,0,1.84500000000003
"S2",1000,1,2,0.5,807,0.945366553592211,2.10355861851012,0.47535469704817,-631.6698705839,0,1.69399999999996
"S2",1000,1,2,0.5,808,0.598570214785537,2.12456317349336,0.386504727421513,-605.955749826142,0,1.952
"S2",1000,1,2,0.5,809,0.946557238079265,2.00313292279096,0.456003404152666,-684.23035623535,0,1.76599999999985
"S2",1000,1,2,0.5,810,1.00428700402599,1.90045121540752,0.519158510316218,-665.854092713621,0,1.59900000000016
"S2",1000,1,2,0.5,811,0.719170645698573,2.13719937447405,0.429143760836577,-601.183496649495,0,1.91200000000003
"S2",1000,1,2,0.5,812,0.755364488321404,2.05938695746649,0.431612577285668,-637.455429669937,0,1.70999999999981
"S2",1000,1,2,0.5,813,0.920608160222527,2.02930784923026,0.468370322765031,-656.524120638598,0,1.74299999999994
"S2",1000,1,2,0.5,814,1.51682224400221,1.94839091681027,0.595455286459113,-669.85307442837,0,1.65499999999997
"S2",1000,1,2,0.5,815,1.4930604900965,1.95663063161269,0.579805484802719,-677.816129111557,0,1.59300000000007
"S2",1000,1,2,0.5,816,0.688657076004937,2.04854137580538,0.415152416702495,-632.932505730432,0,1.55899999999997
"S2",1000,1,2,0.5,817,0.83424863488117,2.03633259270126,0.420704096964197,-680.940489531251,0,1.73000000000002
"S2",1000,1,2,0.5,818,1.39042593793142,1.93646378609385,0.621997980125451,-634.328563525416,0,1.64300000000003
"S2",1000,1,2,0.5,819,1.58318169225804,1.94611054346942,0.610103097795214,-665.873494516496,0,1.66700000000014
"S2",1000,1,2,0.5,820,1.25978827843039,1.91425805573032,0.567657636054282,-669.255509525176,0,1.66499999999996
"S2",1000,1,2,0.5,821,0.735780749872769,2.03026991200122,0.409018346893214,-664.506357168302,0,1.82799999999997
"S2",1000,1,2,0.5,822,0.596971070632886,2.06980521584137,0.357506842475429,-657.57236433766,0,1.66500000000019
"S2",1000,1,2,0.5,823,0.81699792429406,2.00584323806704,0.405497048055218,-705.181691202526,0,1.81299999999987
"S2",1000,1,2,0.5,824,0.906413358848266,2.05186646620419,0.458310901948403,-655.636501407551,0,1.69900000000007
"S2",1000,1,2,0.5,825,1.3814594340506,1.95785958545053,0.567184625290272,-672.387280666362,0,1.72900000000004
"S2",1000,1,2,0.5,826,0.913201118338449,2.02343087489079,0.464097410867013,-660.611613905951,0,1.68000000000006
"S2",1000,1,2,0.5,827,0.499469267470435,2.07819648547903,0.315662086684342,-655.906652418297,0,1.79199999999992
"S2",1000,1,2,0.5,828,0.657491555741047,2.14356710755963,0.390076733916175,-621.293535274876,0,1.80300000000011
"S2",1000,1,2,0.5,829,1.05327715862615,2.07893112835552,0.51660330331803,-623.801270927653,0,1.70900000000006
"S2",1000,1,2,0.5,830,1.11369705267744,2.09736918337204,0.482774208982362,-663.154911654717,0,1.81500000000005
"S2",1000,1,2,0.5,831,1.19104726925317,1.9433188715499,0.58903189537369,-628.694674829904,0,1.49599999999987
"S2",1000,1,2,0.5,832,0.948573873577771,2.01601425846391,0.514828020507562,-618.172337300129,0,1.71500000000015
"S2",1000,1,2,0.5,833,1.29605189518241,2.001060393973,0.625961820052671,-598.375522114087,0,1.60599999999999
"S2",1000,1,2,0.5,834,1.29125467125124,1.96027506364861,0.599222462298581,-632.826702838784,0,1.56500000000005
"S2",1000,1,2,0.5,835,1.97561926374625,1.81907075720094,0.687160003166959,-683.044355439712,0,1.56099999999992
"S2",1000,1,2,0.5,836,2.05625019187612,1.91130514939182,0.684412799324402,-661.772139645227,0,1.69299999999998
"S2",1000,1,2,0.5,837,0.733080576157209,2.07309825864625,0.40328279913224,-655.417261857403,0,1.84100000000012
"S2",1000,1,2,0.5,838,1.65922850013408,1.92487456940096,0.653161942303503,-646.551355131377,0,1.83899999999994
"S2",1000,1,2,0.5,839,1.83382417986336,1.87129829969703,0.702403445686397,-643.078584183832,0,1.72700000000009
"S2",1000,1,2,0.5,840,0.667306536039256,1.98255206331688,0.39244288873828,-669.049781136423,0,1.66499999999996
"S2",1000,1,2,0.5,841,0.670472445307696,2.04609270127511,0.402449244332357,-641.72702405043,0,1.73199999999997
"S2",1000,1,2,0.5,842,0.866736176573748,1.98347142849727,0.468397441000507,-654.88417786616,0,1.57799999999997
"S2",1000,1,2,0.5,843,0.832867463854972,2.00865999735013,0.469149607194675,-635.898397940922,0,1.67499999999995
"S2",1000,1,2,0.5,844,1.19745876740164,2.11402800432451,0.526889665587621,-632.827275999973,0,1.68100000000004
"S2",1000,1,2,0.5,845,0.71102067618505,2.10484376866766,0.384522288268556,-658.876029365771,0,1.79099999999994
"S2",1000,1,2,0.5,846,0.631115799386396,2.09618566322592,0.398598363084714,-611.641506600514,0,1.78800000000001
"S2",1000,1,2,0.5,847,0.977306381480019,2.09311020444886,0.54742946894088,-575.956455360119,0,1.70700000000011
"S2",1000,1,2,0.5,848,0.671851236112618,1.99275442128866,0.401450005201859,-658.374713408806,0,1.91300000000001
"S2",1000,1,2,0.5,849,1.08623961639968,2.00953869564571,0.535885159459577,-634.60424217856,0,1.68900000000008
"S2",1000,1,2,0.5,850,1.06730135802074,2.0059091903641,0.50052147611614,-664.569074277859,0,1.80700000000002
"S2",1000,1,2,0.5,851,0.752460922741026,2.07237546477163,0.382424873386093,-688.688958213144,0,1.62999999999988
"S2",1000,1,2,0.5,852,0.214913418886682,2.23070460413808,0.167469119483866,-603.824487831994,0,1.80500000000006
"S2",1000,1,2,0.5,853,0.831010087510704,2.00311975083703,0.436843232539912,-672.371857275843,0,1.74900000000002
"S2",1000,1,2,0.5,854,0.90410615676357,2.02417745685088,0.447033594570366,-676.062752537267,0,1.62699999999995
"S2",1000,1,2,0.5,855,0.613818209639884,2.12894124278448,0.379403256221192,-615.362171153686,0,1.75599999999986
"S2",1000,1,2,0.5,856,1.65945003102208,1.92375842146865,0.631290695028383,-666.503941431357,0,1.75600000000009
"S2",1000,1,2,0.5,857,0.572615644405735,2.01761246422201,0.357304940293962,-659.960989432785,0,1.70700000000011
"S2",1000,1,2,0.5,858,1.0011590251876,2.11363474903438,0.528149931002484,-590.781832406564,0,1.6579999999999
"S2",1000,1,2,0.5,859,0.788873228144661,2.04872769880928,0.431870893318327,-648.674784257576,0,1.70399999999995
"S2",1000,1,2,0.5,860,1.33341995633923,2.056275804488,0.578249328275213,-627.173314427084,0,1.45700000000011
"S2",1000,1,2,0.5,861,0.661923432473828,2.14198671014851,0.373944037038568,-642.936846359971,0,1.56099999999992
"S2",1000,1,2,0.5,862,0.855869618205828,1.9775907032207,0.455337816732262,-666.986597205814,0,1.62699999999995
"S2",1000,1,2,0.5,863,0.663597854797172,2.07235479002898,0.405375920405967,-625.72501623593,0,1.61899999999991
"S2",1000,1,2,0.5,864,0.80980983178188,2.00482287193647,0.464728174262901,-634.192153167823,0,1.69299999999998
"S2",1000,1,2,0.5,865,1.51026472763734,1.88354651630128,0.622517870626858,-667.645284476162,0,1.53999999999996
"S2",1000,1,2,0.5,866,0.504997339423266,2.14247771666614,0.334198685372829,-614.002873973229,0,1.78700000000003
"S2",1000,1,2,0.5,867,1.09644703559811,1.9540677065288,0.468726760543756,-724.088191448796,0,1.67100000000005
"S2",1000,1,2,0.5,868,1.40901702849595,1.93581330269453,0.594922710212302,-660.377386590839,0,1.4849999999999
"S2",1000,1,2,0.5,869,0.78365582483928,2.02641577741466,0.441763958026061,-644.501304892072,0,1.54200000000014
"S2",1000,1,2,0.5,870,1.08299624896551,2.05915718110847,0.539927941020142,-616.596689286068,0,1.73799999999983
"S2",1000,1,2,0.5,871,1.13591896514832,1.93570771983344,0.562977484967452,-644.486400188234,0,1.60300000000007
"S2",1000,1,2,0.5,872,0.736187290977343,2.03749041980341,0.416219004499855,-649.690981918723,0,1.81200000000013
"S2",1000,1,2,0.5,873,1.43620124677796,1.92825201377874,0.572560523904041,-686.48490524037,0,1.59300000000007
"S2",1000,1,2,0.5,874,0.875781248087459,2.00340216889558,0.452032754536782,-669.179233192375,0,1.65699999999993
"S2",1000,1,2,0.5,875,1.28031265084955,2.03253726653287,0.598842774689935,-608.642362021774,0,1.62699999999995
"S2",1000,1,2,0.5,876,0.553808588541404,2.03054676761461,0.331839607114551,-681.676582173009,0,1.65700000000015
"S2",1000,1,2,0.5,877,0.974219600673943,2.00689749720403,0.503596496547975,-642.415523190999,0,1.83199999999988
"S2",1000,1,2,0.5,878,1.01794390954236,1.93666775265398,0.470529845141274,-707.028998846747,0,1.64700000000016
"S2",1000,1,2,0.5,879,1.2329035892293,1.9333508525603,0.562492412083531,-663.628326261461,0,1.46499999999992
"S2",1000,1,2,0.5,880,1.62686892122261,1.93253333043476,0.626677543008432,-660.501717368193,0,1.67500000000018
"S2",1000,1,2,0.5,881,1.75720441699984,1.92639697686486,0.724990072408318,-602.038939373498,0,1.63000000000011
"S2",1000,1,2,0.5,882,1.09177025652944,1.97683081886158,0.506758781951353,-673.690832931701,0,1.75199999999995
"S2",1000,1,2,0.5,883,0.84284669312103,1.9924692016708,0.450897395058879,-662.732448530855,0,1.72600000000011
"S2",1000,1,2,0.5,884,1.26095999956138,1.98016975803099,0.601502966756702,-617.953937907825,0,1.654
"S2",1000,1,2,0.5,885,1.11655251231239,1.91879485895734,0.52422338745354,-679.800419586883,0,1.62199999999984
"S2",1000,1,2,0.5,886,0.818089478432178,2.05514005760606,0.410769733805307,-682.087411477887,0,1.66599999999971
"S2",1000,1,2,0.5,887,0.777153777603312,2.02600451922005,0.429732251623911,-658.067871224848,0,1.52999999999975
"S2",1000,1,2,0.5,888,0.55577272483072,2.06933987103275,0.350917709608181,-640.085085066113,0,1.67399999999998
"S2",1000,1,2,0.5,889,0.589371046438255,2.07239382996775,0.335797359280012,-680.270749876771,0,1.73199999999997
"S2",1000,1,2,0.5,890,1.15952478280655,2.04070773282512,0.522442929932808,-652.445452804766,0,1.6869999999999
"S2",1000,1,2,0.5,891,0.785344771745715,2.0807429635245,0.426117676261791,-645.791560650945,0,1.71500000000015
"S2",1000,1,2,0.5,892,1.36913270952542,1.97245985697807,0.585344037935583,-650.134403307157,0,1.55700000000024
"S2",1000,1,2,0.5,893,0.767132256733639,2.00213453585894,0.4217003233955,-667.049968685959,0,1.80600000000004
"S2",1000,1,2,0.5,894,0.718872416900793,2.09024746661687,0.434397361181877,-607.080303489813,0,1.75599999999986
"S2",1000,1,2,0.5,895,1.44322203339269,1.95641956478553,0.626767960770692,-634.03299037221,0,1.51000000000022
"S2",1000,1,2,0.5,896,0.704782801930302,2.0737227672514,0.360913141024266,-698.547930166163,0,1.72400000000016
"S2",1000,1,2,0.5,897,0.443950365918572,2.10806242411886,0.30704769271837,-621.893220412676,0,1.67099999999982
"S2",1000,1,2,0.5,898,0.732461850250255,1.94794798298272,0.424443012810911,-668.019763633099,0,1.6579999999999
"S2",1000,1,2,0.5,899,1.82857778608471,1.98886879759416,0.67707677801487,-624.159478869371,0,1.55000000000018
"S2",1000,1,2,0.5,900,0.864700434481698,2.05726807678163,0.44628359265347,-655.223026344895,0,1.86799999999994
"S2",1000,1,2,0.5,901,1.83098458113448,1.95098169952424,0.714578011520098,-606.976232440617,0,1.63499999999976
"S2",1000,1,2,0.5,902,1.00330484992957,2.02492678910164,0.496939455973655,-649.950729454703,0,1.58800000000019
"S2",1000,1,2,0.5,903,2.3054010065867,1.86960973210216,0.688618789636408,-690.256254516734,0,1.51299999999992
"S2",1000,1,2,0.5,904,0.800611646454427,2.0810150865443,0.415686220001636,-660.805034301008,0,1.57600000000002
"S2",1000,1,2,0.5,905,0.668847224630323,2.09095017962169,0.396563052660302,-632.848755371842,0,1.71699999999964
"S2",1000,1,2,0.5,906,1.72373704384219,1.92195640541069,0.653960551574133,-654.185162762207,0,1.52500000000009
"S2",1000,1,2,0.5,907,0.988457190069912,2.04462279381738,0.497673730704357,-639.357667598972,0,1.59199999999964
"S2",1000,1,2,0.5,908,3.43289620383986,1.80810870563421,0.830079457527484,-655.280979283851,0,1.61500000000024
"S2",1000,1,2,0.5,909,0.773852650021998,2.05277936084003,0.456659947530038,-618.169559183772,0,1.76499999999987
"S2",1000,1,2,0.5,910,1.60092578965254,1.93045793551559,0.653901790130243,-638.420602113137,0,1.59099999999989
"S2",1000,1,2,0.5,911,0.818479712731228,2.01419947367115,0.429444969227125,-671.733174993471,0,1.74199999999973
"S2",1000,1,2,0.5,912,1.4548000147847,1.92957814829204,0.60137416349375,-662.582909867105,0,1.60399999999981
"S2",1000,1,2,0.5,913,0.881929652489716,2.02121271786271,0.45429687681498,-662.802666768144,0,1.64499999999998
"S2",1000,1,2,0.5,914,1.49703048711537,2.05763235106748,0.630773204186056,-604.648084562571,0,1.54200000000037
"S2",1000,1,2,0.5,915,0.793523816261582,2.06673911139492,0.429827502733087,-648.800759616832,0,1.72899999999981
"S2",1000,1,2,0.5,916,0.928325910744083,1.98009003091542,0.483374284283006,-656.173943422099,0,1.58699999999999
"S2",1000,1,2,0.5,917,2.26884392496138,1.91016621053026,0.745295023974314,-632.921357825696,0,1.55699999999979
"S2",1000,1,2,0.5,918,0.699098304982859,2.05682457233335,0.382416733588018,-674.099681037112,0,1.51499999999987
"S2",1000,1,2,0.5,919,0.885005780798681,2.03491538955319,0.48224765625653,-628.896917522735,0,1.54799999999977
"S2",1000,1,2,0.5,920,1.02789701337987,2.00168642082959,0.491072411950322,-666.589893171272,0,1.71900000000005
"S2",1000,1,2,0.5,921,1.10841471351956,1.98331411056531,0.507793106075259,-673.571029111004,0,1.55000000000018
"S2",1000,1,2,0.5,922,0.927183278385725,2.02261845386046,0.472928292170738,-653.845587483788,0,1.64600000000019
"S2",1000,1,2,0.5,923,0.689944494921938,2.05431343406076,0.418788992997434,-626.537603811121,0,1.78900000000021
"S2",1000,1,2,0.5,924,0.838597091553377,2.10361195301031,0.44375242739307,-636.591079541891,0,1.6550000000002
"S2",1000,1,2,0.5,925,1.46391795133791,1.9384614042688,0.615224695869798,-650.668372722245,0,1.64199999999983
"S2",1000,1,2,0.5,926,0.604607264970239,2.05375841625219,0.363878361153527,-657.106857442947,0,1.68900000000031
"S2",1000,1,2,0.5,927,0.4828170995467,2.17072600537731,0.318458559415939,-613.838463978505,0,1.70600000000013
"S2",1000,1,2,0.5,928,1.37408562461883,1.88866510811483,0.541746599970322,-718.987503155913,0,1.70599999999968
"S2",1000,1,2,0.5,929,0.879917570793274,2.01260264664045,0.47086306764167,-646.373864177569,0,1.61299999999983
"S2",1000,1,2,0.5,930,1.05584782453712,1.97047890055692,0.535843127673908,-640.29166502805,0,1.50700000000006
"S2",1000,1,2,0.5,931,0.674182482143102,2.15919025254633,0.410064851002805,-598.137760216503,0,1.55400000000009
"S2",1000,1,2,0.5,932,1.7197676940472,1.86709001867709,0.644720577304943,-678.349683398224,0,1.55299999999988
"S2",1000,1,2,0.5,933,2.30591408494355,1.85203197394389,0.732259558308886,-663.586022274707,0,1.58000000000038
"S2",1000,1,2,0.5,934,1.50979203407756,1.94041371953109,0.601144034189165,-665.405470000252,0,1.54100000000017
"S2",1000,1,2,0.5,935,3.82310181552146,1.79904838203053,0.852884735897649,-657.625545432705,0,1.53800000000001
"S2",1000,1,2,0.5,936,0.532272284095213,2.07245666929193,0.351506315957604,-626.744232956619,0,1.62899999999991
"S2",1000,1,2,0.5,937,1.67631409953707,2.01406598287443,0.617626753206674,-649.876494428894,0,1.51999999999998
"S2",1000,1,2,0.5,938,1.14910159812882,1.93640833699976,0.535237230396795,-670.371433101228,0,1.52700000000004
"S2",1000,1,2,0.5,939,0.717013149121756,2.06480844727443,0.384813363234536,-674.223993001645,0,1.62699999999995
"S2",1000,1,2,0.5,940,0.65992665331844,2.10572637360485,0.38330223995927,-642.364024438292,0,1.60500000000002
"S2",1000,1,2,0.5,941,0.67626464324979,2.02532549767687,0.373619522408865,-685.112162117739,0,1.60399999999981
"S2",1000,1,2,0.5,942,1.21141315747169,2.08448896059884,0.546644447246723,-624.662135974356,0,1.68499999999995
"S2",1000,1,2,0.5,943,1.16525693714477,1.98144401627063,0.574545144196323,-625.50862805137,0,1.7489999999998
"S2",1000,1,2,0.5,944,1.17101924115476,2.00282171035034,0.556864192542374,-634.305688034087,0,1.63000000000011
"S2",1000,1,2,0.5,945,1.25076293884149,1.98715376861802,0.528935143561724,-678.249654651778,0,1.62400000000025
"S2",1000,1,2,0.5,946,0.806910545826693,1.97853989341493,0.452780280431116,-653.141357326795,0,1.57600000000002
"S2",1000,1,2,0.5,947,2.44475953715886,1.87187603754074,0.727053644306564,-669.847296609956,0,1.66199999999981
"S2",1000,1,2,0.5,948,0.898822139915695,2.03002903660282,0.474056876758766,-645.090533791335,0,1.67099999999982
"S2",1000,1,2,0.5,949,1.1649258052919,2.01266879091094,0.512482949139822,-672.54950775969,0,1.47299999999996
"S2",1000,1,2,0.5,950,1.54558843289069,1.95275107531722,0.636894650085948,-636.080586546394,0,1.5600000000004
"S2",1000,1,2,0.5,951,2.08529068145316,1.95846631565341,0.684963458918654,-648.941097680308,0,1.5329999999999
"S2",1000,1,2,0.5,952,1.38846974474816,1.92903267190553,0.584888317726968,-669.336445147697,0,1.5659999999998
"S2",1000,1,2,0.5,953,1.05252046398854,2.12731655704402,0.495386093935289,-631.40153087482,0,1.64699999999993
"S2",1000,1,2,0.5,954,1.0265753907265,2.02983892457536,0.488463453054405,-661.103617262941,0,1.59199999999964
"S2",1000,1,2,0.5,955,0.936872327261403,1.92931931097435,0.493769641412503,-665.83282636575,0,1.67299999999977
"S2",1000,1,2,0.5,956,1.27181123014433,1.93715826533685,0.588121966658086,-645.756435958494,0,1.63299999999981
"S2",1000,1,2,0.5,957,0.929068235234417,2.04874267976517,0.467458836854794,-654.683864198458,0,1.77599999999984
"S2",1000,1,2,0.5,958,1.25330008702847,1.88843783675092,0.565595523133998,-676.50754372699,0,1.61899999999969
"S2",1000,1,2,0.5,959,0.562457304423038,2.01055253940124,0.362815201268508,-647.16318195426,0,1.67599999999993
"S2",1000,1,2,0.5,960,0.893612715659294,2.05170785211886,0.46378855058014,-644.179091253603,0,1.98299999999972
"S2",1000,1,2,0.5,961,0.873220184293952,1.98450231367135,0.449955159322634,-673.919510390891,0,1.73299999999972
"S2",1000,1,2,0.5,962,1.67321830746276,1.91903754959514,0.649533679135558,-651.209902081756,0,1.6909999999998
"S2",1000,1,2,0.5,963,1.05205668648275,1.94635473024881,0.513631589167472,-666.416024042861,0,1.60899999999992
"S2",1000,1,2,0.5,964,1.23457920197081,1.84738048083291,0.553537553108414,-697.665881975083,0,1.61999999999989
"S2",1000,1,2,0.5,965,0.680119637412427,2.17146570166832,0.37009347656672,-646.37265687283,0,1.68599999999969
"S2",1000,1,2,0.5,966,1.58613276645461,1.9147063116205,0.615695187088917,-673.852372698067,0,1.71199999999999
"S2",1000,1,2,0.5,967,1.69942522906644,1.86266638461488,0.631698354614141,-685.538988439966,0,1.63700000000017
"S2",1000,1,2,0.5,968,0.946423761446571,2.12984916124174,0.491401806788097,-609.722898575154,0,1.6899999999996
"S2",1000,1,2,0.5,969,0.547830719109631,2.04660616459567,0.363819769174529,-624.526805619422,0,1.66199999999981
"S2",1000,1,2,0.5,970,0.719867087159041,1.98571452628843,0.42958436440608,-647.012629740111,0,1.5659999999998
"S2",1000,1,2,0.5,971,0.76304275363581,1.98798566119945,0.440113964181922,-648.340808920056,0,1.70600000000013
"S2",1000,1,2,0.5,972,0.554716139638678,2.13211885286906,0.381357067870486,-584.30601883713,0,1.654
"S2",1000,1,2,0.5,973,2.34745640433433,1.8734641502329,0.79058509945114,-617.745330286951,0,1.47199999999975
"S2",1000,1,2,0.5,974,1.69798652423376,1.96253753809766,0.665708185908688,-629.44859785446,0,1.50500000000011
"S2",1000,1,2,0.5,975,1.00640345413922,2.05463523278426,0.502957859757114,-637.84245735909,0,1.53499999999985
"S2",1000,1,2,0.5,976,0.81011420838027,2.00547460024956,0.48572686525928,-608.493158191832,0,1.66199999999981
"S2",1000,1,2,0.5,977,0.719610592331292,2.01517077333376,0.412435898913717,-657.552896805325,0,1.54399999999987
"S2",1000,1,2,0.5,978,1.09043812238006,1.98271471428182,0.505358230513715,-670.951341159715,0,1.49299999999994
"S2",1000,1,2,0.5,979,0.820812162090844,2.08245180121826,0.432149777290788,-650.15407765351,0,1.53099999999995
"S2",1000,1,2,0.5,980,0.743980026612958,2.02948702025805,0.450181403094038,-618.016939905833,0,1.71100000000024
"S2",1000,1,2,0.5,981,0.548000709820497,2.08575894374277,0.363577319155429,-620.523364005261,0,1.73000000000002
"S2",1000,1,2,0.5,982,1.44743140493176,1.99441486889906,0.628061930362118,-621.291841490514,0,1.66300000000001
"S2",1000,1,2,0.5,983,0.608113764592226,2.10078106899208,0.363679245365719,-641.372844355295,0,1.80199999999968
"S2",1000,1,2,0.5,984,1.0957025222624,2.03141046962415,0.53509579367309,-633.028689508953,0,1.52199999999993
"S2",1000,1,2,0.5,985,0.498767671622962,2.05631236161102,0.352023800944134,-607.585314632773,0,1.66300000000001
"S2",1000,1,2,0.5,986,1.02412513900695,1.98741333262851,0.499756216575387,-661.922994492479,0,1.54300000000012
"S2",1000,1,2,0.5,987,0.705739661254422,2.11185162873656,0.409482402167692,-626.495840533053,0,1.52200000000039
"S2",1000,1,2,0.5,988,1.0698582082853,1.989052217481,0.542698644746515,-633.105040296655,0,1.50300000000016
"S2",1000,1,2,0.5,989,0.680090232100387,2.00688724286464,0.397564547127529,-658.973042663126,0,1.61000000000013
"S2",1000,1,2,0.5,990,1.23967121230469,1.97932536736581,0.555506864480775,-653.968950783164,0,1.57099999999991
"S2",1000,1,2,0.5,991,0.729749915157694,2.01936905869039,0.413659887166238,-656.898281987508,0,1.57400000000007
"S2",1000,1,2,0.5,992,1.77927429210913,1.89233234908537,0.643637506452291,-677.670437895791,0,1.44299999999976
"S2",1000,1,2,0.5,993,0.920847918863232,1.99287686174434,0.481484327957189,-653.034337177446,0,1.49299999999994
"S2",1000,1,2,0.5,994,0.75360275579594,2.02111544778598,0.442887507057894,-635.856072603979,0,1.73899999999958
"S2",1000,1,2,0.5,995,1.22290655946061,1.91326999620407,0.590757369420269,-639.783597750612,0,1.54500000000007
"S2",1000,1,2,0.5,996,1.07181946813896,1.93771595087855,0.529888895270874,-661.332991257893,0,1.44300000000021
"S2",1000,1,2,0.5,997,0.421024547902816,2.14091838323736,0.295439453290568,-615.696891519259,0,1.72399999999971
"S2",1000,1,2,0.5,998,1.5421152130862,1.96552219195684,0.618451590564755,-646.0445994792,0,1.45599999999968
"S2",1000,1,2,0.5,999,0.693171806449993,2.11142995142106,0.3716672949486,-666.876743304293,0,1.75900000000001
"S2",1000,1,2,0.5,1000,0.863598132080218,2.15564291699284,0.483810126932928,-588.934036341896,0,1.60899999999992
