"scenario","n","alpha_true","beta_true","lambda_true","replication","alpha_hat","beta_hat","lambda_hat","logLik","convergence","seconds"
"S3",500,1.5,3,0.3,1,1.91814224333698,2.8214259944295,0.344972232603511,-315.537400820216,0,1.04500000000007
"S3",500,1.5,3,0.3,2,2.85505526406088,2.9708602830496,0.397184492835703,-279.983417823148,0,1.03999999999996
"S3",500,1.5,3,0.3,3,1.04975576888246,3.14556889739822,0.241520436147395,-287.715376132783,0,1.01700000000028
"S3",500,1.5,3,0.3,4,0.589388344309391,3.34934387085762,0.166578425807762,-275.367131639444,0,1.02100000000019
"S3",500,1.5,3,0.3,5,2.98467659807887,2.71060970764613,0.433882931526607,-310.86412326143,0,1.01000000000022
"S3",500,1.5,3,0.3,6,2.05178187134907,2.94712262531101,0.355059790765435,-290.724583241087,0,1.01000000000022
"S3",500,1.5,3,0.3,7,2.59322080632827,2.85984168159566,0.38043470357593,-302.266589280655,0,0.996000000000095
"S3",500,1.5,3,0.3,8,0.449290901672376,3.35105719273384,0.125745466454506,-289.085809463908,0,1.06800000000021
"S3",500,1.5,3,0.3,9,0.833853849763329,3.17479978491574,0.21518813505204,-287.349809913532,0,0.992000000000189
"S3",500,1.5,3,0.3,10,4.58739251455046,2.78303830945862,0.482163467320707,-289.225070441987,0,1.09999999999991
"S3",500,1.5,3,0.3,11,1.85050745992141,2.92280008945034,0.32194457506048,-309.07788970236,0,0.990999999999985
"S3",500,1.5,3,0.3,12,1.67089266283051,2.9360963772171,0.319138250934609,-302.606376188254,0,0.978999999999814
"S3",500,1.5,3,0.3,13,73.2222190339121,2.66601628919441,0.575030982644617,-292.356944374634,0,1.71199999999999
"S3",500,1.5,3,0.3,14,0.329926157109943,3.49502867531477,0.0946929067258521,-278.027936609865,0,1.09000000000015
"S3",500,1.5,3,0.3,15,2.52020682974392,2.91669532377283,0.38855523515375,-290.607389134819,0,1.0329999999999
"S3",500,1.5,3,0.3,16,1.26500284988908,3.10058396553806,0.258219082863145,-296.099518315002,0,1.06500000000005
"S3",500,1.5,3,0.3,17,0.64389748850073,3.29785830711693,0.173897328019051,-281.438418592093,0,1.03999999999996
"S3",500,1.5,3,0.3,18,1.54326471378246,3.03388383925168,0.287147968253848,-300.987443854144,0,1.02500000000009
"S3",500,1.5,3,0.3,19,0.906028959371683,3.05851770511419,0.254597865843308,-283.658119148029,0,0.991999999999734
"S3",500,1.5,3,0.3,20,2.10754794146465,2.77254176674703,0.371159284064365,-315.354579891173,0,1.01400000000012
"S3",500,1.5,3,0.3,21,1.65040884630263,3.06983994189127,0.310711674027231,-284.236021216759,0,0.930000000000291
"S3",500,1.5,3,0.3,22,0.745540487867676,3.20444180691652,0.193152898539385,-289.917018014573,0,0.992999999999938
"S3",500,1.5,3,0.3,23,1.42740113590522,3.15048325360969,0.304266000650793,-269.909410357794,0,0.930000000000291
"S3",500,1.5,3,0.3,24,0.854583159760206,3.21535737883605,0.234319860533628,-268.966867622178,0,0.98700000000008
"S3",500,1.5,3,0.3,25,0.628580518608557,3.24890203684165,0.187149074147196,-274.814718731034,0,1.10500000000002
"S3",500,1.5,3,0.3,26,1.08956238449072,3.0268363716952,0.260975638123098,-298.358437772522,0,1.01099999999997
"S3",500,1.5,3,0.3,27,1.70412361200591,3.01816507200598,0.302922102209983,-300.079681946686,0,1.00099999999975
"S3",500,1.5,3,0.3,28,9999.96596088888,2.61130823234351,0.579599280203076,-305.041726488095,0,1.83699999999999
"S3",500,1.5,3,0.3,29,0.781970967969989,3.09813663904556,0.210907115214448,-296.821058372697,0,0.998000000000047
"S3",500,1.5,3,0.3,30,1.13550986899985,3.09084696457587,0.267498872995697,-287.062338137314,0,0.959000000000287
"S3",500,1.5,3,0.3,31,2.49928024121021,2.94109356099895,0.383221258591075,-287.719420083532,0,1
"S3",500,1.5,3,0.3,32,1.0199159523664,3.1508907205405,0.227908245958033,-295.56303854619,0,0.981000000000222
"S3",500,1.5,3,0.3,33,1.57802835201373,2.8320552856245,0.310213634809293,-322.856594805567,0,0.973999999999705
"S3",500,1.5,3,0.3,34,1.08100377835229,2.9652531864606,0.274533422991096,-300.548882257372,0,0.945000000000164
"S3",500,1.5,3,0.3,35,1.15266588533195,3.09589066360513,0.248318105056519,-300.680408675097,0,0.97400000000016
"S3",500,1.5,3,0.3,36,1.89856693926628,3.00547211629426,0.357636399576196,-279.913896717001,0,0.94399999999996
"S3",500,1.5,3,0.3,37,1.05304723359324,3.26207265581306,0.226248402476338,-281.764108270739,0,1.03499999999985
"S3",500,1.5,3,0.3,38,1.36782708407209,3.11026164267044,0.288659312312159,-282.121032059769,0,1.01999999999998
"S3",500,1.5,3,0.3,39,6.40784928064344,2.83827707660265,0.447998624468035,-294.84375008861,0,1.11000000000013
"S3",500,1.5,3,0.3,40,2.2890067821674,2.71806409782661,0.395882636423822,-315.574739466928,0,1.02399999999989
"S3",500,1.5,3,0.3,41,2.62120818430881,2.76204761620275,0.402484742130033,-310.005921493883,0,1.02500000000009
"S3",500,1.5,3,0.3,42,1.31113822674057,3.2655163524216,0.260881457502018,-270.410022582486,0,1.09999999999991
"S3",500,1.5,3,0.3,43,2.6346977005955,2.89121678904363,0.367158207896849,-305.748522615434,0,1.01600000000008
"S3",500,1.5,3,0.3,44,1.38843362068347,3.22800643835382,0.275109649434251,-272.462533222675,0,1.00300000000016
"S3",500,1.5,3,0.3,45,1.95991667792833,3.00112199927364,0.380325983572092,-270.78612193086,0,1.0300000000002
"S3",500,1.5,3,0.3,46,1.64439877082417,3.15245510745102,0.27955167310989,-288.870347707496,0,1.06500000000005
"S3",500,1.5,3,0.3,47,1.33666536847589,3.12893475809061,0.288390928575577,-277.838186088981,0,1.08599999999979
"S3",500,1.5,3,0.3,48,2.45296181446627,2.93814234355909,0.35440941396172,-299.045282356291,0,1.00199999999995
"S3",500,1.5,3,0.3,49,1.52615943899442,3.02847341894336,0.325142852365095,-281.120813783581,0,1.01400000000012
"S3",500,1.5,3,0.3,50,1.90530071465984,2.86048847908,0.318806039480388,-323.555805625394,0,1.01800000000003
"S3",500,1.5,3,0.3,51,0.934016463414102,3.10698737640338,0.222887658273343,-300.041800259149,0,1.04599999999982
"S3",500,1.5,3,0.3,52,0.635030088741673,3.14354053778094,0.184015708422473,-294.258885596375,0,1.01200000000017
"S3",500,1.5,3,0.3,53,1.01127856078579,2.90053825880941,0.257983250903147,-316.405094844238,0,1.04799999999977
"S3",500,1.5,3,0.3,54,1.18143202860759,2.95376642492195,0.270375997058951,-310.392578210203,0,0.992999999999938
"S3",500,1.5,3,0.3,55,2.26603727993699,3.03824819522634,0.359284984454483,-279.465821933296,0,1.02600000000029
"S3",500,1.5,3,0.3,56,3.13841591632198,2.8493202523749,0.419154287507622,-292.986986211587,0,1.00999999999976
"S3",500,1.5,3,0.3,57,9999.85231340095,2.76472937467785,0.54468020229231,-287.281987575025,0,1.73900000000003
"S3",500,1.5,3,0.3,58,1.18705615211231,3.07535418463491,0.271185116009588,-290.642409111134,0,0.907999999999902
"S3",500,1.5,3,0.3,59,1.13384524538082,3.19971784977116,0.258724761496312,-273.108446725558,0,0.945999999999913
"S3",500,1.5,3,0.3,60,2.23703248894328,2.83072617883413,0.381822578441275,-303.472924739939,0,0.935999999999694
"S3",500,1.5,3,0.3,61,1.74210506483349,2.87329178861896,0.306861402632379,-323.231352083117,0,0.972999999999956
"S3",500,1.5,3,0.3,62,1.37379306603693,3.0254563785715,0.292289063258214,-294.482028188936,0,1.00900000000001
"S3",500,1.5,3,0.3,63,0.636035906013767,3.30031468886312,0.157981164702686,-293.437743384749,0,0.997000000000298
"S3",500,1.5,3,0.3,64,1.42898002371388,3.12276169815707,0.278470292419932,-288.369436667518,0,1.05700000000024
"S3",500,1.5,3,0.3,65,2.0058003408084,2.88109412486101,0.355058934315135,-302.411358342726,0,1.01299999999992
"S3",500,1.5,3,0.3,66,2.1044948562017,3.01219290485338,0.333929466930649,-293.535344636716,0,0.976999999999862
"S3",500,1.5,3,0.3,67,3.97543226221105,2.83074537866636,0.433496066019012,-295.08776012412,0,1.04099999999971
"S3",500,1.5,3,0.3,68,1.22452517411724,3.0415436187345,0.258052599056653,-303.039629868732,0,1.01299999999992
"S3",500,1.5,3,0.3,69,0.917620698263312,3.25770483363104,0.246904219099302,-261.905140160162,0,0.968999999999596
"S3",500,1.5,3,0.3,70,1.15548527714317,3.13650493486794,0.248519955754173,-291.106838492471,0,0.996000000000095
"S3",500,1.5,3,0.3,71,2.92813202549553,2.88228687281548,0.413683013302057,-289.000006581293,0,1.01700000000028
"S3",500,1.5,3,0.3,72,1.25351917006777,3.15820158269965,0.241966897060542,-298.534237373311,0,1.00199999999995
"S3",500,1.5,3,0.3,73,1.76312561123104,3.12512941704609,0.291277120744576,-289.695648781373,0,1.07299999999987
"S3",500,1.5,3,0.3,74,4.14729141835767,2.86941136287786,0.424219206333421,-296.278131300408,0,1.03099999999995
"S3",500,1.5,3,0.3,75,1.45047206195795,2.87411063259669,0.285054034108977,-326.82042840886,0,0.961999999999989
"S3",500,1.5,3,0.3,76,1.06470029828376,3.20868110919892,0.24621171456867,-278.264221379716,0,1.00799999999981
"S3",500,1.5,3,0.3,77,1.41011810396105,2.78405919198216,0.309973117296617,-325.470658794816,0,0.952000000000226
"S3",500,1.5,3,0.3,78,1.54763315271292,2.99289999513309,0.291032674450236,-305.582549582352,0,0.915999999999713
"S3",500,1.5,3,0.3,79,1.3915404841343,2.94894132945196,0.294149043584625,-304.619895948723,0,1.01499999999987
"S3",500,1.5,3,0.3,80,0.938004319388903,3.25650662996856,0.191424504178912,-301.747553450094,0,1.10899999999992
"S3",500,1.5,3,0.3,81,8.76431966247358,2.62616641755592,0.515689607110592,-313.649712233185,0,1.24600000000009
"S3",500,1.5,3,0.3,82,1.51730728933757,3.17765313274315,0.293975038791933,-273.844217718841,0,0.954000000000178
"S3",500,1.5,3,0.3,83,0.559300505498415,3.10786670463578,0.169032410162982,-303.004707000674,0,1.03500000000031
"S3",500,1.5,3,0.3,84,0.93692640294442,3.13063323933192,0.230314435110945,-289.754876341836,0,0.938999999999851
"S3",500,1.5,3,0.3,85,1.20862660824724,3.15620667268533,0.26830713167555,-280.082521869544,0,0.965000000000146
"S3",500,1.5,3,0.3,86,1.93084241177614,2.84531978686389,0.326162671877594,-321.120430115464,0,0.97400000000016
"S3",500,1.5,3,0.3,87,0.619936310724436,3.37212829616551,0.164909286461313,-273.158508062299,0,1.02199999999993
"S3",500,1.5,3,0.3,88,1.70443476161676,2.965829226956,0.318022830069652,-300.605857280053,0,0.954000000000178
"S3",500,1.5,3,0.3,89,1.21456580191331,3.06943596514449,0.266268468013846,-294.752834887787,0,0.943000000000211
"S3",500,1.5,3,0.3,90,0.985508377334655,3.11572311757419,0.251935165959401,-284.804202638514,0,1.09799999999996
"S3",500,1.5,3,0.3,91,0.812806652771644,2.97735637131815,0.220649059516881,-312.874224860911,0,1.02400000000034
"S3",500,1.5,3,0.3,92,1.93077139659739,3.07878501436445,0.284430111017485,-305.657809544593,0,1.06399999999985
"S3",500,1.5,3,0.3,93,1.69205738433524,2.95268998639066,0.342837415586164,-290.744120586152,0,0.972999999999956
"S3",500,1.5,3,0.3,94,1.79900693219795,3.10695295628037,0.279933729965172,-300.771830964067,0,0.983999999999924
"S3",500,1.5,3,0.3,95,0.533677526370853,3.26835945703829,0.169358224590943,-272.850513700023,0,1.01999999999998
"S3",500,1.5,3,0.3,96,0.950136411236906,3.05335361639038,0.23855394846336,-297.571035859715,0,0.976999999999862
"S3",500,1.5,3,0.3,97,1.43106414878439,2.85076545175538,0.32974929804691,-304.876967112509,0,0.996000000000095
"S3",500,1.5,3,0.3,98,2.53334503708089,2.81500528613586,0.387281339886311,-307.476387702656,0,1.01800000000003
"S3",500,1.5,3,0.3,99,1.21362183199537,3.24618672017827,0.253774717627456,-274.088787558249,0,0.981999999999971
"S3",500,1.5,3,0.3,100,1.29250298333879,2.93036536186176,0.287913674895486,-308.777533319591,0,1.01099999999997
"S3",500,1.5,3,0.3,101,1.77271555760932,2.90652772904284,0.387755121092158,-277.976332768928,0,1.00900000000001
"S3",500,1.5,3,0.3,102,1.22803865529981,3.30782782508807,0.29246952460121,-246.586586870373,0,1.02200000000039
"S3",500,1.5,3,0.3,103,1.93971298991115,2.95414991993557,0.352650887488996,-289.377558083742,0,0.967000000000098
"S3",500,1.5,3,0.3,104,1.74781474637474,3.05491018141009,0.313497064409387,-288.492786711187,0,0.981000000000222
"S3",500,1.5,3,0.3,105,4.14570437267502,2.82784126535786,0.432975984074879,-298.267489193345,0,1.09299999999985
"S3",500,1.5,3,0.3,106,1.28439699471447,2.93871918569216,0.264629183500021,-320.938797514404,0,0.954000000000178
"S3",500,1.5,3,0.3,107,1.17436482337874,3.02422929091894,0.238405980552317,-321.241460300693,0,0.922999999999774
"S3",500,1.5,3,0.3,108,0.868978305277772,3.2081960331273,0.215156309462254,-285.947877925462,0,1.01499999999987
"S3",500,1.5,3,0.3,109,3.26618832971238,2.72961274560589,0.402533636675224,-323.977471650996,0,1.03800000000001
"S3",500,1.5,3,0.3,110,2.70504927945944,2.88273517769757,0.375139527761013,-302.608036823628,0,0.972999999999956
"S3",500,1.5,3,0.3,111,0.944911549608514,3.25275596451162,0.216127509590102,-284.915853340405,0,1.01600000000008
"S3",500,1.5,3,0.3,112,1.26883147543686,3.03868844239076,0.245375977022342,-316.019501994255,0,0.952000000000226
"S3",500,1.5,3,0.3,113,1.06188569117822,3.14906583042667,0.243338211076553,-288.049274690626,0,0.933999999999742
"S3",500,1.5,3,0.3,114,1.71420405035709,3.22773017204709,0.318013861171858,-258.775806203687,0,0.993999999999687
"S3",500,1.5,3,0.3,115,1.61490550738181,2.88006063088885,0.329286259554035,-305.68559776568,0,0.980999999999767
"S3",500,1.5,3,0.3,116,0.996695284402445,3.07732797544102,0.22532729295781,-306.696263280427,0,0.940999999999804
"S3",500,1.5,3,0.3,117,4.07169909844466,2.84928440600292,0.436423512058269,-292.928103666792,0,1.03499999999985
"S3",500,1.5,3,0.3,118,1.78455856808192,2.81943605893844,0.379410048789149,-293.69447698533,0,0.976000000000113
"S3",500,1.5,3,0.3,119,0.674049127491833,3.16630408420407,0.190608903843924,-290.19612901188,0,1.01000000000022
"S3",500,1.5,3,0.3,120,1.83860519263326,2.95138335659041,0.347071618564243,-290.518804035567,0,1.09900000000016
"S3",500,1.5,3,0.3,121,0.334431302326614,3.47604389646354,0.102676175666342,-270.655451018606,0,1.15700000000015
"S3",500,1.5,3,0.3,122,1.34363120773303,2.86273916928825,0.294045675940638,-317.419717504583,0,0.964999999999691
"S3",500,1.5,3,0.3,123,3.11928112401456,2.81904407500865,0.39292937419926,-310.158638272975,0,0.980999999999767
"S3",500,1.5,3,0.3,124,3.0937443964438,2.85812886130137,0.426716326340706,-289.568635684701,0,0.961999999999989
"S3",500,1.5,3,0.3,125,2.06061685310723,2.85341072118162,0.404029121274085,-285.864774079005,0,0.922000000000025
"S3",500,1.5,3,0.3,126,4.01539984924299,2.75201384193941,0.456427377117478,-301.744260440239,0,0.971000000000004
"S3",500,1.5,3,0.3,127,1.25416444476619,3.07241309833028,0.263714436145729,-296.380742224554,0,0.907000000000153
"S3",500,1.5,3,0.3,128,2.40850927497007,3.04941123887843,0.341836589995453,-286.296190429923,0,0.951000000000022
"S3",500,1.5,3,0.3,129,1.18370778639244,3.01199623963014,0.291489890478885,-288.281245000314,0,0.898000000000138
"S3",500,1.5,3,0.3,130,1.02345449089604,3.08126521704661,0.25909462600158,-287.068422679173,0,0.964999999999691
"S3",500,1.5,3,0.3,131,2.05623689101963,3.3308852933003,0.298121866414404,-260.163277147127,0,0.945000000000164
"S3",500,1.5,3,0.3,132,1.68082223546629,2.75353710835909,0.33084229886834,-328.438474736373,0,0.912000000000262
"S3",500,1.5,3,0.3,133,2.43946435834503,2.81107814215812,0.384361204007577,-308.229687412741,0,0.951000000000022
"S3",500,1.5,3,0.3,134,10.465845369538,2.61526275557421,0.523828022490513,-313.581905629671,0,1.11300000000028
"S3",500,1.5,3,0.3,135,22.9038180406416,2.51590430480279,0.561786746127009,-321.643447739903,0,1.29500000000007
"S3",500,1.5,3,0.3,136,1.14956792972238,3.21396710962636,0.227279862735157,-291.832954733919,0,0.922000000000025
"S3",500,1.5,3,0.3,137,0.657372851865213,3.12776895378367,0.181705331121803,-301.353154659114,0,0.950000000000273
"S3",500,1.5,3,0.3,138,1.91277674375905,2.9814860419985,0.332997846490553,-293.978112437365,0,0.909000000000106
"S3",500,1.5,3,0.3,139,9999.9457519252,2.41462195295943,0.625043779709997,-325.983840235286,0,1.80999999999995
"S3",500,1.5,3,0.3,140,0.848438862202955,3.18532974208851,0.223220933585233,-281.632203919111,0,1.00199999999995
"S3",500,1.5,3,0.3,141,0.988331862838884,3.09198868061523,0.256792252968257,-284.362205513282,0,0.940999999999804
"S3",500,1.5,3,0.3,142,1.68131417904771,2.99262937100191,0.302526121037862,-304.635377463557,0,0.907999999999902
"S3",500,1.5,3,0.3,143,27.7299320840988,2.80471438003573,0.498042733445299,-291.924560806078,0,1.49099999999999
"S3",500,1.5,3,0.3,144,0.609201885908619,3.2190504783398,0.152952767443604,-308.051678647947,0,1.01900000000023
"S3",500,1.5,3,0.3,145,4.10748812229913,2.68951260574966,0.452822089989511,-314.766328961479,0,1.04500000000007
"S3",500,1.5,3,0.3,146,0.694062856546475,3.19384150208801,0.195144386548314,-283.841001493327,0,1.01699999999983
"S3",500,1.5,3,0.3,147,0.827416056785935,3.19339599860568,0.195629826927812,-298.671243461732,0,1.02500000000009
"S3",500,1.5,3,0.3,148,1.79539944057462,2.83723048638853,0.353435860947349,-307.391722657036,0,0.916000000000167
"S3",500,1.5,3,0.3,149,9999.91376756796,2.43361351265563,0.644277662164301,-316.037397663401,0,1.88900000000012
"S3",500,1.5,3,0.3,150,3.06696957218017,3.0726048777982,0.344083480382186,-288.630607052127,0,0.994999999999891
"S3",500,1.5,3,0.3,151,0.750616110661249,3.22516124931777,0.195238895502483,-287.533130665948,0,1.00700000000006
"S3",500,1.5,3,0.3,152,1.7901391774108,2.93262641976061,0.340505292402329,-294.250681888166,0,0.970000000000255
"S3",500,1.5,3,0.3,153,1.4314825121828,3.12547320491963,0.280180698629978,-287.580437076747,0,1.01600000000008
"S3",500,1.5,3,0.3,154,1.91687660954417,3.00061710031631,0.347942939452511,-284.849060509315,0,1.01399999999967
"S3",500,1.5,3,0.3,155,0.542166971700954,3.10548349930016,0.153890178695275,-314.719174193719,0,1.10100000000011
"S3",500,1.5,3,0.3,156,2.17044158579653,2.9585777669001,0.354568178729973,-293.373761041553,0,0.981000000000222
"S3",500,1.5,3,0.3,157,1.95813117549144,2.90682994324398,0.337995270447288,-303.560078241353,0,1.05199999999968
"S3",500,1.5,3,0.3,158,1.35387073102014,3.22965777759746,0.254818500240226,-281.872145325853,0,0.985999999999876
"S3",500,1.5,3,0.3,159,1.98281404129096,3.16541641066891,0.328174983934483,-268.63378681895,0,0.916999999999916
"S3",500,1.5,3,0.3,160,3.39781868490872,2.83142297804857,0.380960677750499,-316.309019142114,0,0.950000000000273
"S3",500,1.5,3,0.3,161,1.54495725902276,3.16771140199802,0.271715424992216,-289.911157074214,0,0.927000000000135
"S3",500,1.5,3,0.3,162,0.734194992746702,3.23418091477034,0.205517740227818,-277.194423111985,0,1.04100000000017
"S3",500,1.5,3,0.3,163,1.17044406470941,3.16977318549397,0.249632280663348,-286.309119702287,0,0.960000000000036
"S3",500,1.5,3,0.3,164,10.3593854710278,2.80501427105416,0.487500084783595,-293.004215156271,0,1.23000000000002
"S3",500,1.5,3,0.3,165,0.774058435404765,2.95138546938157,0.222047467098847,-311.429377640109,0,1.10200000000032
"S3",500,1.5,3,0.3,166,0.870644356782583,3.1227027048948,0.206492074954362,-304.0128022538,0,1.06700000000001
"S3",500,1.5,3,0.3,167,0.77053506663499,3.09281506413296,0.216368876582087,-291.564833442549,0,1.05199999999968
"S3",500,1.5,3,0.3,168,1.7491743654377,2.94678150791072,0.318958172705075,-305.190459009266,0,1.04799999999977
"S3",500,1.5,3,0.3,169,2.20376174367691,2.87694054457095,0.38583173295959,-290.088537656535,0,1.16199999999981
"S3",500,1.5,3,0.3,170,0.643503613212734,3.28060562479365,0.201591715517402,-261.097458780982,0,0.983000000000175
"S3",500,1.5,3,0.3,171,8.21232699294642,2.7782002118292,0.477009630888402,-298.25512116336,0,1.33099999999968
"S3",500,1.5,3,0.3,172,2.32937975392819,2.92526507327052,0.363906767829693,-297.237561016221,0,1.05799999999999
"S3",500,1.5,3,0.3,173,0.6971107677209,3.33831068606341,0.180676007770744,-274.311986857627,0,1.00199999999995
"S3",500,1.5,3,0.3,174,2.4016517959,2.96198174679039,0.370054854932761,-288.202158395428,0,1.05299999999988
"S3",500,1.5,3,0.3,175,1.93052905767944,2.95749431183491,0.304542644851441,-314.154507966911,0,0.984000000000378
"S3",500,1.5,3,0.3,176,1.30753664049317,3.03368339481445,0.289856854241462,-290.416204358545,0,0.976999999999862
"S3",500,1.5,3,0.3,177,2.25957833140142,3.0384797899167,0.342459437728531,-287.070565565179,0,0.94800000000032
"S3",500,1.5,3,0.3,178,0.872569143258118,3.11354539292283,0.207040443628389,-303.644926527406,0,1.0300000000002
"S3",500,1.5,3,0.3,179,9997.75053504932,2.58483646865232,0.5909974938058,-301.68797036402,0,2.15300000000025
"S3",500,1.5,3,0.3,180,1.32298160227753,3.1256028455061,0.264458069622048,-292.369855946996,0,0.975000000000364
"S3",500,1.5,3,0.3,181,3.00809400796897,3.04406850042582,0.361399370139931,-284.173129007775,0,1.01900000000023
"S3",500,1.5,3,0.3,182,0.836568490972212,3.13885713244582,0.219864828287563,-291.080734402855,0,1.02300000000014
"S3",500,1.5,3,0.3,183,1.44289976544294,3.07557549959855,0.30792997175538,-280.410772397877,0,0.942000000000007
"S3",500,1.5,3,0.3,184,1.50283026305358,2.92679668472167,0.323875138025147,-297.595125600536,0,0.958000000000084
"S3",500,1.5,3,0.3,185,1.84951629259029,2.89643932669012,0.359400279440864,-294.310971978896,0,0.922999999999774
"S3",500,1.5,3,0.3,186,1.5083845422426,2.90084612633469,0.323369561353289,-299.351205959441,0,0.980999999999767
"S3",500,1.5,3,0.3,187,1.08365029361737,3.08677968345483,0.24629853428339,-298.197142367065,0,0.93100000000004
"S3",500,1.5,3,0.3,188,1.25753426137805,3.13673513283799,0.269664496001323,-283.463350153701,0,0.945000000000164
"S3",500,1.5,3,0.3,189,1.21787625832864,3.0100545607596,0.267509965458537,-304.082941124955,0,0.924999999999727
"S3",500,1.5,3,0.3,190,2.28889428279628,2.91120682432258,0.357633307880222,-301.21644086472,0,0.962999999999738
"S3",500,1.5,3,0.3,191,3.43462362032472,2.84278786988321,0.401429432064217,-304.165362161193,0,1.17499999999973
"S3",500,1.5,3,0.3,192,3.82802119870656,2.95132548959752,0.443405570674346,-271.465698547894,0,1.20600000000013
"S3",500,1.5,3,0.3,193,0.510829274019963,3.46163439066873,0.133995213818503,-275.600199378929,0,1.11400000000003
"S3",500,1.5,3,0.3,194,0.846779833434476,3.29705470060793,0.203487694374138,-276.401075085554,0,0.937999999999647
"S3",500,1.5,3,0.3,195,1.18908508148035,3.03453971336562,0.273307295633245,-293.982229651539,0,0.893999999999778
"S3",500,1.5,3,0.3,196,1.16075491170339,3.18398742350248,0.244325384106341,-289.102918316866,0,0.932000000000244
"S3",500,1.5,3,0.3,197,3.01051503400887,2.85721752155699,0.387027990977162,-304.178875747612,0,0.972000000000207
"S3",500,1.5,3,0.3,198,3.60219931545374,2.8170012998279,0.387806554636291,-316.528939767984,0,0.998999999999796
"S3",500,1.5,3,0.3,199,0.973226882871258,3.11392659500532,0.226136908633728,-302.202097720665,0,0.961999999999989
"S3",500,1.5,3,0.3,200,1.44169728978484,3.19266421177693,0.281442635824817,-275.96051938557,0,0.942000000000007
"S3",500,1.5,3,0.3,201,1.12273323090488,2.99893384545974,0.266477405918665,-301.364652884851,0,1.029
"S3",500,1.5,3,0.3,202,2.11843855812722,2.96251975890971,0.367059002482118,-284.537805664249,0,0.958000000000084
"S3",500,1.5,3,0.3,203,0.922822611116986,3.24902211594632,0.204402563417663,-291.123589640753,0,0.967999999999847
"S3",500,1.5,3,0.3,204,0.597014759380076,3.22406441956456,0.170642631842734,-289.977176103784,0,0.987999999999829
"S3",500,1.5,3,0.3,205,1.52195186160992,2.98230148017554,0.325039400196392,-289.205371234641,0,0.91800000000012
"S3",500,1.5,3,0.3,206,1.27729914609017,3.01493146212828,0.250481083979093,-316.517460062699,0,0.93100000000004
"S3",500,1.5,3,0.3,207,1.46882128309696,3.00948926579112,0.304712866671223,-292.570584203646,0,0.959000000000287
"S3",500,1.5,3,0.3,208,1.43874524062915,2.91005213745623,0.297716822787431,-311.773849476922,0,0.960000000000036
"S3",500,1.5,3,0.3,209,3.15474030840575,2.9019234136919,0.366225171010285,-307.7933149267,0,1.05799999999999
"S3",500,1.5,3,0.3,210,1.69509072581808,3.19233638611907,0.285797133769236,-279.868760605456,0,0.980999999999767
"S3",500,1.5,3,0.3,211,0.994041582223279,2.92953002729151,0.266786846789789,-304.004143478762,0,0.98700000000008
"S3",500,1.5,3,0.3,212,1.93663589457048,2.86841377192203,0.345910176009068,-307.85778276412,0,0.945999999999913
"S3",500,1.5,3,0.3,213,1.54124843623735,3.02941560023457,0.294573048832314,-298.267126179139,0,0.911999999999807
"S3",500,1.5,3,0.3,214,3.92968741316639,2.72490501258426,0.409556707622177,-324.946165974865,0,1.03600000000006
"S3",500,1.5,3,0.3,215,3.88998882251158,2.78159866860583,0.492734915357542,-279.491868864497,0,1.04800000000023
"S3",500,1.5,3,0.3,216,1.36341558678706,3.10307509932774,0.276468581584208,-289.458129790921,0,0.923999999999978
"S3",500,1.5,3,0.3,217,0.872027055908672,3.1136635634598,0.207016957518073,-309.228096411209,0,0.981999999999971
"S3",500,1.5,3,0.3,218,5.36288573838368,2.67867803006571,0.457602772038521,-319.022498700088,0,1.05600000000004
"S3",500,1.5,3,0.3,219,4.54743750327928,2.76434624418728,0.418626374409707,-317.398491102956,0,1.03099999999995
"S3",500,1.5,3,0.3,220,1.06394772358374,3.19080583995366,0.242273098915237,-283.643611256961,0,0.989000000000033
"S3",500,1.5,3,0.3,221,1.23310090963256,3.18321516225303,0.256855365547168,-283.732090829408,0,0.936000000000149
"S3",500,1.5,3,0.3,222,0.572642181513792,3.2529354792402,0.160848540360196,-291.236781474021,0,0.977000000000317
"S3",500,1.5,3,0.3,223,1.64049785014049,2.8610380232314,0.33302274684476,-307.29100193024,0,0.951999999999771
"S3",500,1.5,3,0.3,224,1.25449044171309,2.96700851240204,0.288310133583363,-300.96114926682,0,0.986999999999625
"S3",500,1.5,3,0.3,225,4.56020769308163,2.75059732153515,0.474013776759687,-297.602368052579,0,1.04100000000017
"S3",500,1.5,3,0.3,226,1.1340306316084,2.98441876016194,0.266130158702133,-304.810997895774,0,0.949000000000069
"S3",500,1.5,3,0.3,227,0.45062033621913,3.41912801774623,0.119515412459552,-287.019935398674,0,1.00599999999986
"S3",500,1.5,3,0.3,228,0.827395398928658,3.25300216527552,0.204264779300961,-282.542252583501,0,0.985000000000127
"S3",500,1.5,3,0.3,229,2.00352446731831,2.95852118302315,0.379063704321509,-279.831629120998,0,1.03499999999985
"S3",500,1.5,3,0.3,230,1.09740878310205,3.0941751911355,0.251332569572054,-294.29160853446,0,0.936000000000149
"S3",500,1.5,3,0.3,231,2.83286683068523,2.68413770510963,0.403261892425258,-327.060716941714,0,0.957999999999629
"S3",500,1.5,3,0.3,232,1.38863431936466,2.85433235899419,0.312563757196602,-310.567312268737,0,0.927000000000135
"S3",500,1.5,3,0.3,233,1.89047786079971,2.95445122391547,0.344032199509627,-294.076977352031,0,0.930000000000291
"S3",500,1.5,3,0.3,234,4.13038785238306,2.71866887785194,0.480729889786869,-297.83258542469,0,1.1260000000002
"S3",500,1.5,3,0.3,235,1.00027300090709,3.03720555912572,0.244291151988375,-303.042917717757,0,0.902000000000044
"S3",500,1.5,3,0.3,236,7.77350508332413,2.76642259202468,0.49749164256578,-293.061162587556,0,1.08199999999988
"S3",500,1.5,3,0.3,237,2.22544647698979,2.90729759122319,0.355144268263344,-300.559241667443,0,1.029
"S3",500,1.5,3,0.3,238,1.26428740380603,3.04369353275404,0.255462318145979,-309.233267411278,0,0.9050000000002
"S3",500,1.5,3,0.3,239,1.26987582530374,3.18938427725854,0.263331357431366,-278.89811702586,0,0.98700000000008
"S3",500,1.5,3,0.3,240,1.50062313130625,3.00214979434068,0.351196961216164,-270.554784031093,0,0.907000000000153
"S3",500,1.5,3,0.3,241,1.64310820554391,2.95575474880599,0.298870429136384,-308.463808505635,0,0.942000000000007
"S3",500,1.5,3,0.3,242,0.971982064914939,3.19282053588542,0.26524786793485,-262.521844777355,0,0.990999999999985
"S3",500,1.5,3,0.3,243,0.542588129697076,3.13567203803615,0.163242223080993,-299.799778238081,0,1.06700000000001
"S3",500,1.5,3,0.3,244,1.82321457820173,3.04888409136599,0.338953524035913,-279.391901731553,0,1.05000000000018
"S3",500,1.5,3,0.3,245,4.36354812382291,2.70951467071317,0.452363892978918,-312.800650448811,0,1.03099999999995
"S3",500,1.5,3,0.3,246,0.77918307326553,3.22382309226379,0.210352496017623,-276.450047135104,0,0.981000000000222
"S3",500,1.5,3,0.3,247,1.46921632078883,2.99504677993448,0.281282907892406,-310.829237043262,0,1.02399999999989
"S3",500,1.5,3,0.3,248,6.63887319187091,2.74375784719908,0.476132346381386,-302.516961064583,0,1.15000000000009
"S3",500,1.5,3,0.3,249,1.12467964499394,3.20353122053496,0.255409911246437,-273.840894630497,0,0.919000000000324
"S3",500,1.5,3,0.3,250,2.52111979825903,2.77770080727441,0.36594891683534,-324.18798607085,0,0.974999999999909
"S3",500,1.5,3,0.3,251,2.74329650543426,2.67026438517653,0.387135545649205,-336.750112853045,0,0.971000000000004
"S3",500,1.5,3,0.3,252,1.19795033820561,2.96463836521901,0.270916385200266,-308.593934096653,0,0.934999999999945
"S3",500,1.5,3,0.3,253,1.54524481857755,3.11593033774577,0.265390743471807,-301.077999019235,0,0.94399999999996
"S3",500,1.5,3,0.3,254,1.84019280601802,3.07429878531064,0.353044723304514,-268.637890032324,0,1.00300000000016
"S3",500,1.5,3,0.3,255,9.69165043552683,2.78691548409497,0.514243223032696,-286.034217801003,0,1.09299999999985
"S3",500,1.5,3,0.3,256,0.928993385879457,3.05664799040666,0.234420930311769,-300.222835245867,0,0.972000000000207
"S3",500,1.5,3,0.3,257,1.87203555054975,2.98917649819822,0.339250929839308,-289.146543178613,0,0.969000000000051
"S3",500,1.5,3,0.3,258,0.906330902365189,3.21746523278571,0.230458647411153,-276.8282938751,0,0.920000000000073
"S3",500,1.5,3,0.3,259,3.2708224943255,2.90654462492987,0.393197727417329,-295.965360615569,0,1.05000000000018
"S3",500,1.5,3,0.3,260,4.43448669682718,2.67851747456004,0.421484808814524,-331.69718498429,0,1.06100000000015
"S3",500,1.5,3,0.3,261,1.59791349524899,2.70601781858958,0.366753652483017,-317.362875600161,0,0.934000000000196
"S3",500,1.5,3,0.3,262,0.647022514608088,3.06346508674245,0.187616079274975,-304.790966091645,0,1.04299999999967
"S3",500,1.5,3,0.3,263,0.995063868565241,3.10772638227237,0.251948905473088,-284.533140218285,0,0.976999999999862
"S3",500,1.5,3,0.3,264,2.01686926500304,3.01064644360497,0.340805671210467,-288.54064086434,0,0.951999999999771
"S3",500,1.5,3,0.3,265,1.01772692480802,3.04890082435379,0.230426699664828,-309.402287648375,0,1.00099999999975
"S3",500,1.5,3,0.3,266,1.60489271801403,3.0536265245437,0.309974068779341,-287.178886886256,0,0.972999999999956
"S3",500,1.5,3,0.3,267,2.90041974922629,2.99788527589433,0.359027249937521,-292.495610807632,0,1.10500000000002
"S3",500,1.5,3,0.3,268,2.63098360102956,2.82985429039285,0.429667997358112,-286.703339576241,0,1.03999999999996
"S3",500,1.5,3,0.3,269,0.853253864276346,3.15008438601805,0.203421823288719,-301.664675440569,0,0.998000000000047
"S3",500,1.5,3,0.3,270,1.91103133146093,2.90230872366899,0.321908479668521,-313.319675921414,0,0.945999999999913
"S3",500,1.5,3,0.3,271,2.60075187068346,2.57119392264554,0.419092631617659,-338.048142854473,0,0.998000000000047
"S3",500,1.5,3,0.3,272,5.74748328801234,2.65263666961378,0.493514216821026,-311.033795216554,0,1.08300000000008
"S3",500,1.5,3,0.3,273,2.66402343980364,2.84013689376843,0.36648616230563,-314.322500024903,0,1.02100000000019
"S3",500,1.5,3,0.3,274,0.919395620473177,2.99816730633817,0.235381759876818,-308.825215701836,0,0.98700000000008
"S3",500,1.5,3,0.3,275,2.14391652461597,2.90786221114867,0.366122908643935,-296.104584078028,0,0.976999999999862
"S3",500,1.5,3,0.3,276,0.87705032431427,3.21445165680302,0.223001067078369,-277.328630827168,0,1.01699999999983
"S3",500,1.5,3,0.3,277,1.31656387469801,2.90049408424245,0.295412863917614,-308.064669132878,0,1.02699999999959
"S3",500,1.5,3,0.3,278,1.87426396507396,2.99579702998279,0.329718749154396,-294.776059593231,0,0.971000000000004
"S3",500,1.5,3,0.3,279,0.833821852724311,3.1795891608275,0.204128727328633,-295.940219865155,0,0.963000000000193
"S3",500,1.5,3,0.3,280,3.56444950601902,2.80346647021128,0.404683101167428,-310.686814622347,0,1.01700000000028
"S3",500,1.5,3,0.3,281,1.83445341941063,2.94551879122325,0.318304914953948,-305.709434305797,0,0.965999999999894
"S3",500,1.5,3,0.3,282,1.05475316181145,3.08857372312727,0.226870569335871,-308.095892269631,0,0.938999999999851
"S3",500,1.5,3,0.3,283,7.95035417380218,2.86934881524961,0.482007560347658,-279.136952938776,0,1.19000000000005
"S3",500,1.5,3,0.3,284,3.89337195678234,2.86115806069115,0.44498294935594,-287.502064889137,0,1.02700000000004
"S3",500,1.5,3,0.3,285,0.761354792183915,3.0966186725765,0.185866422366964,-316.993566743922,0,1.03499999999985
"S3",500,1.5,3,0.3,286,9.54645310750433,2.7428905378627,0.47977866370374,-305.986125959043,0,1.17100000000028
"S3",500,1.5,3,0.3,287,1.13501607169801,2.93058614344547,0.251365046630646,-322.577117566408,0,0.94399999999996
"S3",500,1.5,3,0.3,288,2.84457333318682,2.84356367770998,0.397316308688176,-300.546329610933,0,1.02199999999993
"S3",500,1.5,3,0.3,289,1.20272264654283,2.92628377147394,0.274316741750807,-313.255488669728,0,0.934999999999945
"S3",500,1.5,3,0.3,290,1.73629199201937,2.99258820182714,0.319582586121392,-295.111115711877,0,0.980000000000018
"S3",500,1.5,3,0.3,291,0.474907280573702,3.23353025782162,0.154425320005074,-280.751926991431,0,1.03099999999995
"S3",500,1.5,3,0.3,292,1.10715562145566,3.09999093841582,0.245185601078812,-297.871972339728,0,0.947999999999865
"S3",500,1.5,3,0.3,293,2.01938252350578,3.01684248951093,0.334967944009527,-290.937751431302,0,0.945000000000164
"S3",500,1.5,3,0.3,294,1.56006124545971,2.88524795951698,0.305729407948593,-314.734149837193,0,0.990999999999985
"S3",500,1.5,3,0.3,295,1.86183786321805,2.97045426567476,0.299993260654565,-314.714766062548,0,0.912000000000262
"S3",500,1.5,3,0.3,296,2.22769466560022,2.98032749351622,0.391448595180485,-273.636683772128,0,0.943000000000211
"S3",500,1.5,3,0.3,297,1.21944791878291,3.08622036015722,0.272880026572361,-289.033091276716,0,1.01400000000012
"S3",500,1.5,3,0.3,298,1.99835611081269,3.05382443238313,0.368800003199656,-267.125049792647,0,0.918999999999869
"S3",500,1.5,3,0.3,299,0.833901250011684,3.1244260482294,0.224636901706075,-289.367371816172,0,0.937000000000353
"S3",500,1.5,3,0.3,300,0.524829495993326,3.17725579454294,0.158360061956396,-295.009883351944,0,0.994000000000142
"S3",500,1.5,3,0.3,301,0.660820424327858,3.35674416243835,0.172354372260139,-277.067008569933,0,1.02400000000034
"S3",500,1.5,3,0.3,302,2.02566907967466,2.97575340390819,0.346013660493125,-292.391341022357,0,1.01400000000012
"S3",500,1.5,3,0.3,303,6.96355499961072,2.66557330847365,0.522663442851226,-300.94337377266,0,1.17400000000043
"S3",500,1.5,3,0.3,304,0.68801456568166,3.21325510749062,0.175777687883598,-297.128313026437,0,1.00599999999986
"S3",500,1.5,3,0.3,305,1.4777041255169,2.92849531325803,0.30322352820328,-307.357232479776,0,1.03099999999995
"S3",500,1.5,3,0.3,306,2.70402591167484,2.82126393577832,0.42165765083446,-293.210853431515,0,1.15299999999979
"S3",500,1.5,3,0.3,307,1.5012469245539,3.18060230106963,0.264946018196547,-288.086830692622,0,1.00199999999995
"S3",500,1.5,3,0.3,308,1.16219503491415,3.22502446801031,0.229276369425817,-291.407745135528,0,0.967000000000098
"S3",500,1.5,3,0.3,309,1.9461653101803,2.85348915052675,0.333103531525288,-315.717086765491,0,0.976000000000113
"S3",500,1.5,3,0.3,310,1.82036351814543,3.01917181180632,0.28299883749502,-313.8386079333,0,1.00800000000027
"S3",500,1.5,3,0.3,311,1.182576475597,3.02075074467934,0.275376907677012,-294.540152113711,0,0.966000000000349
"S3",500,1.5,3,0.3,312,2.02968925352167,2.90772907914379,0.347815081151516,-301.933207216475,0,0.936000000000149
"S3",500,1.5,3,0.3,313,1.40717502579766,2.97242845025341,0.309408781684394,-294.799992869378,0,0.981000000000222
"S3",500,1.5,3,0.3,314,2.35175186627421,2.94890187675519,0.331208718396443,-308.605780327462,0,0.947000000000116
"S3",500,1.5,3,0.3,315,2.43237177022069,2.94500750240596,0.387378217086575,-284.188386987857,0,0.963999999999942
"S3",500,1.5,3,0.3,316,1.51300159950298,3.0646620196127,0.268015959332654,-305.875886501445,0,0.956000000000131
"S3",500,1.5,3,0.3,317,1.92034930696822,2.76513833743404,0.31781316061027,-340.515996057644,0,0.978999999999814
"S3",500,1.5,3,0.3,318,1.21613545149378,2.97945645697981,0.282838220931138,-298.452468870567,0,0.955999999999676
"S3",500,1.5,3,0.3,319,5.63328334177637,2.81527209841332,0.481208527274328,-285.718926562471,0,1.04899999999998
"S3",500,1.5,3,0.3,320,1.20409800017261,3.09141876624623,0.256274404257519,-296.55112665157,0,0.9350000000004
"S3",500,1.5,3,0.3,321,5.27896073844931,2.80580696361187,0.427911488006774,-308.192782284574,0,1.04100000000017
"S3",500,1.5,3,0.3,322,1.52078764623658,3.02382952151679,0.31898904161175,-284.905627991832,0,0.981999999999971
"S3",500,1.5,3,0.3,323,0.447356792405962,3.26733736539439,0.141813760563864,-284.395856439992,0,0.994999999999891
"S3",500,1.5,3,0.3,324,9.33795781428878,2.87193560802098,0.447228474203617,-294.586481920632,0,1.15899999999965
"S3",500,1.5,3,0.3,325,9.47184122506315,2.78294273724356,0.481806040674698,-297.191632444823,0,1.11299999999983
"S3",500,1.5,3,0.3,326,0.841182300695425,3.29477072124466,0.215427962368785,-267.214567523981,0,0.976000000000113
"S3",500,1.5,3,0.3,327,0.273023436385724,3.53295155913062,0.0965558108182337,-249.718666859987,0,1.06399999999985
"S3",500,1.5,3,0.3,328,1.06002046826454,2.99186167532847,0.257376383477041,-302.978618220111,0,0.945999999999913
"S3",500,1.5,3,0.3,329,0.528448393776775,3.01836791284934,0.16059485753095,-317.877353277069,0,1.0619999999999
"S3",500,1.5,3,0.3,330,0.558757670516796,3.10612113409078,0.188582168440342,-286.070363983189,0,1.01599999999962
"S3",500,1.5,3,0.3,331,1.3714475981471,3.07474559585098,0.292574540393596,-286.438613799569,0,0.968000000000302
"S3",500,1.5,3,0.3,332,0.890056086045639,3.07715399993189,0.239561572358075,-289.996817132333,0,0.936000000000149
"S3",500,1.5,3,0.3,333,0.920937818852635,3.06346059754135,0.244288548156222,-291.312337744371,0,0.931999999999789
"S3",500,1.5,3,0.3,334,1.15109970503187,3.15125375934557,0.283110361509708,-269.379098700029,0,0.965999999999894
"S3",500,1.5,3,0.3,335,0.808613358107388,3.0761638339104,0.221618877252869,-295.380850667504,0,0.989999999999782
"S3",500,1.5,3,0.3,336,4.60389348487956,2.81108006682364,0.419613501207531,-309.58866166597,0,1.03899999999976
"S3",500,1.5,3,0.3,337,1.76963946283507,3.01943201627833,0.314402450821309,-294.423179808023,0,0.971000000000004
"S3",500,1.5,3,0.3,338,0.808248071182872,2.90512412587796,0.230636038027603,-315.67784225086,0,0.980999999999767
"S3",500,1.5,3,0.3,339,1.13787135657358,3.01316452575157,0.286435644704742,-290.706183544859,0,0.94399999999996
"S3",500,1.5,3,0.3,340,3.92891776424098,2.96559863020973,0.423783864681289,-277.590344776271,0,1.03200000000015
"S3",500,1.5,3,0.3,341,1.18991002755668,3.15317924083661,0.265140119178414,-281.098302092767,0,1.0630000000001
"S3",500,1.5,3,0.3,342,2.19101569080756,3.1187480659169,0.346338763161982,-268.943387628273,0,0.932999999999993
"S3",500,1.5,3,0.3,343,1.1386781151806,3.14621713333763,0.271488801051247,-275.652070933747,0,0.891000000000076
"S3",500,1.5,3,0.3,344,4.49053386113966,2.78092558376376,0.420031562274902,-311.310700566468,0,1.10800000000017
"S3",500,1.5,3,0.3,345,1.80872194392215,2.90001060804915,0.369024509612901,-287.719926460612,0,0.921000000000276
"S3",500,1.5,3,0.3,346,1.48640878017941,2.91387817939267,0.309772534564676,-307.406897352659,0,0.938999999999851
"S3",500,1.5,3,0.3,347,3.20994862081597,2.77169956777026,0.395571116436751,-318.366893353373,0,0.972000000000207
"S3",500,1.5,3,0.3,348,0.728041153834359,3.07890780910533,0.179931592884661,-321.976508300543,0,1.00900000000001
"S3",500,1.5,3,0.3,349,0.861599147867275,3.22968529082431,0.237139345939135,-266.507099919882,0,0.98700000000008
"S3",500,1.5,3,0.3,350,1.12488952684325,3.14192156642052,0.242374324185284,-292.560375484692,0,1.02199999999993
"S3",500,1.5,3,0.3,351,1.55048032423877,3.04396441917935,0.294015514539338,-296.805459200242,0,0.974999999999909
"S3",500,1.5,3,0.3,352,0.918977116024958,3.02602775547206,0.228986000719535,-307.963181839629,0,0.916000000000167
"S3",500,1.5,3,0.3,353,2.29917051189616,2.90507567665305,0.391162635136739,-286.656325735196,0,0.917999999999665
"S3",500,1.5,3,0.3,354,1.06368743723284,3.12406115639821,0.248513890297964,-288.673538104591,0,0.907999999999902
"S3",500,1.5,3,0.3,355,1.25911657212462,3.17581890770419,0.261322959187209,-284.234530159584,0,1.0319999999997
"S3",500,1.5,3,0.3,356,1.36477851136247,3.00332156063395,0.289629808845532,-298.888963191893,0,1.029
"S3",500,1.5,3,0.3,357,1.09039707370871,3.13685266782127,0.259034776681996,-280.251353006658,0,0.958000000000084
"S3",500,1.5,3,0.3,358,1.14473054122059,2.97726028107286,0.269695721601996,-304.137899619695,0,1.00900000000001
"S3",500,1.5,3,0.3,359,1.92637819265179,2.95009291846738,0.375937625359113,-278.433378955127,0,1.06099999999969
"S3",500,1.5,3,0.3,360,1.01139210052243,3.10224664900294,0.216075987051215,-312.764238533582,0,1.00300000000016
"S3",500,1.5,3,0.3,361,6.3551545705693,2.76528074716406,0.498775179935115,-291.064764913482,0,1.21799999999985
"S3",500,1.5,3,0.3,362,2.62827635564985,2.89885983881876,0.37333302128206,-299.093456820072,0,0.976999999999862
"S3",500,1.5,3,0.3,363,0.913752965081671,3.24963959278346,0.211025456451059,-285.669577238656,0,1.03500000000031
"S3",500,1.5,3,0.3,364,2.78060337566837,2.97063363333011,0.383445911992131,-286.610950224302,0,1.00900000000001
"S3",500,1.5,3,0.3,365,1.39566666847107,3.12629437568485,0.266522708069196,-292.64500043879,0,0.963000000000193
"S3",500,1.5,3,0.3,366,442.703154360621,2.65813892782387,0.552301985828731,-303.178544532148,0,1.86000000000013
"S3",500,1.5,3,0.3,367,2.34350705374674,2.72228248865966,0.367499923787412,-328.93516803719,0,1.05799999999999
"S3",500,1.5,3,0.3,368,0.552784438353625,3.29041862535556,0.156170109770552,-285.445184399107,0,1.01499999999987
"S3",500,1.5,3,0.3,369,2.31394669575491,2.7697649030407,0.400720622639083,-305.68329148003,0,1.03800000000001
"S3",500,1.5,3,0.3,370,2.81653529985486,2.94701400800516,0.380656796241264,-292.490483862754,0,1.06100000000015
"S3",500,1.5,3,0.3,371,4.82663715720843,2.88897970824662,0.43241213671623,-290.01719555972,0,1.11399999999958
"S3",500,1.5,3,0.3,372,1.22481387299138,2.99654020610187,0.266100584568658,-307.811319510626,0,0.934000000000196
"S3",500,1.5,3,0.3,373,0.543075523707154,3.26398188130167,0.16180701151433,-281.602658914722,0,1.01299999999992
"S3",500,1.5,3,0.3,374,1.1819861212365,3.18352374017541,0.251561296280181,-285.116585017505,0,0.970000000000255
"S3",500,1.5,3,0.3,375,3.42200677497199,2.80792696708799,0.408744085440437,-307.697104603091,0,1.05299999999988
"S3",500,1.5,3,0.3,376,2.45139738362225,2.95140593666806,0.378744212295821,-285.139469973352,0,1.08599999999979
"S3",500,1.5,3,0.3,377,15.8503541484021,2.7781726544382,0.469652058584825,-305.223658870743,0,1.45499999999993
"S3",500,1.5,3,0.3,378,1.99393919268111,2.97090727693109,0.344614972890757,-292.603803562696,0,0.934000000000196
"S3",500,1.5,3,0.3,379,1.58903125936213,3.08125968877602,0.303688077503315,-286.437807161031,0,0.96100000000024
"S3",500,1.5,3,0.3,380,1.36536882025893,3.09073801196229,0.2567932306285,-302.46816123209,0,0.973000000000411
"S3",500,1.5,3,0.3,381,1.31299208035121,3.0418998156833,0.283221492943144,-294.339193123176,0,0.914000000000215
"S3",500,1.5,3,0.3,382,3.5223068982362,2.7686620528819,0.40204162997942,-317.877411139006,0,1.01499999999987
"S3",500,1.5,3,0.3,383,1.35808139189216,2.90317369091387,0.315588544873194,-299.081370786587,0,0.971000000000004
"S3",500,1.5,3,0.3,384,1.93795972920034,2.92533674880166,0.329058574873851,-306.641128034544,0,0.951999999999771
"S3",500,1.5,3,0.3,385,1.41588484941022,2.85031167164736,0.330886159735417,-301.93534722627,0,1.01099999999997
"S3",500,1.5,3,0.3,386,3.58385543473572,2.79503323664371,0.446104006596172,-295.973617321551,0,1.06800000000021
"S3",500,1.5,3,0.3,387,2.27637882644618,2.80713844984317,0.372741662831141,-311.983367180615,0,1.05700000000024
"S3",500,1.5,3,0.3,388,2.2545230949606,2.81019197311991,0.345179532670962,-322.722394171435,0,1.00500000000011
"S3",500,1.5,3,0.3,389,1.64717262904738,3.05058821083541,0.30346871103307,-292.458192938216,0,0.973999999999705
"S3",500,1.5,3,0.3,390,1.71398511053309,2.96925960801708,0.331800095998639,-293.192646797236,0,1.03899999999976
"S3",500,1.5,3,0.3,391,1.57930025556617,3.05412898859404,0.340743400339411,-270.156502858906,0,0.965999999999894
"S3",500,1.5,3,0.3,392,1.96134276964824,2.93129977024417,0.353773203997269,-293.675488348049,0,0.934999999999945
"S3",500,1.5,3,0.3,393,0.47098857245335,3.17472179795139,0.151690306556189,-292.587354020696,0,1.02300000000014
"S3",500,1.5,3,0.3,394,0.862736635833638,3.15824934725029,0.195719273808051,-307.889808569488,0,0.95699999999988
"S3",500,1.5,3,0.3,395,1.01511478910333,3.3678471374323,0.22001996456958,-267.684510643386,0,1.0659999999998
"S3",500,1.5,3,0.3,396,1.68893225849544,2.90243261929857,0.317581692557465,-311.003859935159,0,0.994999999999891
"S3",500,1.5,3,0.3,397,1.26277399088251,3.03880899925827,0.293750714943712,-286.945192997257,0,0.958999999999833
"S3",500,1.5,3,0.3,398,0.717054186632105,3.05641527553723,0.220548322089807,-288.020934088987,0,0.990999999999985
"S3",500,1.5,3,0.3,399,1.76396407656707,2.90047008890326,0.323355195157879,-309.423035462134,0,0.976999999999862
"S3",500,1.5,3,0.3,400,6.44644257070348,2.71856108660867,0.476449525328632,-307.527107268548,0,1.07799999999997
"S3",500,1.5,3,0.3,401,2.88296370958417,2.89567874390213,0.37987153267585,-299.453706573895,0,1.03499999999985
"S3",500,1.5,3,0.3,402,1.85230642096765,2.85417666511694,0.347352750570847,-307.694984470505,0,1.01100000000042
"S3",500,1.5,3,0.3,403,2.01442875158124,2.93792535131807,0.349132006638348,-295.934983064377,0,0.994000000000142
"S3",500,1.5,3,0.3,404,17.1233826501751,2.74752267033482,0.517543865754254,-295.103373970228,0,1.2800000000002
"S3",500,1.5,3,0.3,405,0.854283270691904,3.33785830742642,0.186480794908279,-288.136576835854,0,1.05799999999999
"S3",500,1.5,3,0.3,406,1.6389408209195,3.16457454399645,0.284784765600727,-285.772090046704,0,1.04100000000017
"S3",500,1.5,3,0.3,407,0.728347103307056,3.16959019297517,0.182177242647733,-303.234215193353,0,0.959000000000287
"S3",500,1.5,3,0.3,408,1.84192154124584,2.81444238390849,0.317247982528752,-330.67174886599,0,0.944999999999709
"S3",500,1.5,3,0.3,409,7.56678578061874,2.78259904850436,0.462174950718885,-303.282838121871,0,1.10699999999997
"S3",500,1.5,3,0.3,410,1.27587952063066,2.97693519998198,0.248360746381694,-323.761124313752,0,0.923999999999978
"S3",500,1.5,3,0.3,411,1.80103990496147,3.06142696431761,0.32381607648671,-284.657787147054,0,0.994000000000142
"S3",500,1.5,3,0.3,412,1.62344467183296,2.95203333305512,0.302823864082606,-306.459434518476,0,1.01999999999998
"S3",500,1.5,3,0.3,413,5.60830419748929,2.85011744908872,0.418706454402675,-303.859988766444,0,1.07899999999972
"S3",500,1.5,3,0.3,414,1.54946460928638,3.00653063859713,0.308384874299555,-294.6667250435,0,1.00799999999981
"S3",500,1.5,3,0.3,415,1.23082132955472,2.97469089244581,0.263190236208441,-312.727138212105,0,0.980999999999767
"S3",500,1.5,3,0.3,416,1.51061075083034,2.83943071075547,0.320289356356083,-313.339866596499,0,0.967999999999847
"S3",500,1.5,3,0.3,417,0.692657116077941,3.06893618874501,0.201864377232204,-299.445425580318,0,1.02799999999979
"S3",500,1.5,3,0.3,418,0.944216772003127,3.33495038146871,0.202903235639691,-278.536786533807,0,0.949000000000069
"S3",500,1.5,3,0.3,419,7.97656310484409,2.59719900129556,0.565118772730382,-300.256235991788,0,1.20200000000023
"S3",500,1.5,3,0.3,420,9999.96574549952,2.64407981035521,0.550855766298732,-304.768033083893,0,1.94200000000001
"S3",500,1.5,3,0.3,421,1.88971080589005,2.96658411176855,0.346198171744206,-290.917090601804,0,1.04899999999998
"S3",500,1.5,3,0.3,422,1.31230327977987,2.97112564001204,0.324667331928843,-282.693513961211,0,0.896000000000186
"S3",500,1.5,3,0.3,423,1.89449384527549,2.83897683565025,0.35288763610088,-307.764695773282,0,1.03899999999976
"S3",500,1.5,3,0.3,424,1.64217655713989,2.92649425463611,0.329541561441443,-300.805301551503,0,0.952999999999975
"S3",500,1.5,3,0.3,425,3.21023206453286,2.86724719464797,0.41703975758052,-291.537643072413,0,1.06700000000001
"S3",500,1.5,3,0.3,426,1.56002765083372,3.04386195353191,0.299898792005953,-291.953184742059,0,1.00900000000001
"S3",500,1.5,3,0.3,427,1.65293548215355,3.05679277336695,0.312492366014237,-287.534872673503,0,1.00500000000011
"S3",500,1.5,3,0.3,428,1.23161501721401,3.13121221249982,0.249992190949405,-295.517799540813,0,0.998999999999796
"S3",500,1.5,3,0.3,429,0.525182016103841,3.39486373885943,0.147611230518493,-272.67882280297,0,1.05199999999968
"S3",500,1.5,3,0.3,430,1.7442861257397,2.95860861209449,0.335033179891731,-291.603682210095,0,1.08899999999994
"S3",500,1.5,3,0.3,431,3.41470979750811,2.74104502742829,0.438558597624518,-306.207009236777,0,1.0659999999998
"S3",500,1.5,3,0.3,432,2.71212553991023,2.87913959567523,0.408672601285391,-289.781206914366,0,1.09999999999991
"S3",500,1.5,3,0.3,433,1.1745391823778,3.01561768735899,0.295698882727876,-284.55345175452,0,0.963999999999942
"S3",500,1.5,3,0.3,434,1.21762832813485,3.08835257529099,0.262093610666554,-294.081638552429,0,0.994000000000142
"S3",500,1.5,3,0.3,435,2.0314781503829,3.12165530123765,0.373401719521851,-255.116245986611,0,0.963999999999942
"S3",500,1.5,3,0.3,436,1.39304029127887,3.13622194703199,0.287503919189215,-277.932567046077,0,1.02700000000004
"S3",500,1.5,3,0.3,437,0.697617975731479,3.21270945039211,0.200713387247565,-279.037194188364,0,1.08500000000004
"S3",500,1.5,3,0.3,438,0.944353063082331,3.27676456581999,0.213759889932209,-281.283847332121,0,0.980000000000018
"S3",500,1.5,3,0.3,439,1.5027483867241,3.06165482566376,0.282922218605359,-298.19069050107,0,1.02399999999989
"S3",500,1.5,3,0.3,440,2.31714895978079,2.81289422629736,0.345656465268988,-325.46768383981,0,1.02099999999973
"S3",500,1.5,3,0.3,441,2.99651273746736,2.74466006609162,0.396077963929314,-320.826933929031,0,1.0949999999998
"S3",500,1.5,3,0.3,442,1.04386494464546,3.37961971701023,0.21292153714942,-272.085817720571,0,1.02099999999973
"S3",500,1.5,3,0.3,443,0.756687647789215,3.22400347978304,0.217247312819217,-270.678337283042,0,0.966000000000349
"S3",500,1.5,3,0.3,444,1.20974652209156,3.01045347224807,0.260021724479809,-308.118088652641,0,0.878999999999905
"S3",500,1.5,3,0.3,445,1.6857088932009,2.92397240647052,0.333241783381853,-299.073151786127,0,0.920999999999822
"S3",500,1.5,3,0.3,446,1.01713672241316,3.12895529630765,0.248293878215403,-286.478605645892,0,0.922000000000025
"S3",500,1.5,3,0.3,447,2.57780691759463,2.84473281168034,0.377868353906812,-308.47738219676,0,0.918999999999869
"S3",500,1.5,3,0.3,448,3.684028969937,3.01992123384259,0.370356878320223,-289.634955946028,0,1.0029999999997
"S3",500,1.5,3,0.3,449,1.14048170878269,3.07125090773612,0.253091989071442,-298.894104080687,0,0.920000000000073
"S3",500,1.5,3,0.3,450,1.81308559716087,2.83693824609642,0.370624701901264,-298.498660137465,0,0.930000000000291
"S3",500,1.5,3,0.3,451,0.962025638606868,3.06464200663633,0.234086042400522,-301.730748870948,0,1.00900000000001
"S3",500,1.5,3,0.3,452,1.12910780105697,3.20476496858566,0.266450233167413,-269.712850960079,0,0.928999999999633
"S3",500,1.5,3,0.3,453,3.7517876138331,2.80283482451035,0.475226345999505,-285.551013644282,0,0.959000000000287
"S3",500,1.5,3,0.3,454,3.02192088121148,2.77976208527541,0.447385023222941,-293.638376815687,0,0.938000000000102
"S3",500,1.5,3,0.3,455,11.456838113812,2.44861435701552,0.590968070017483,-320.286652851563,0,1.25
"S3",500,1.5,3,0.3,456,2.20972441178666,2.79943537105994,0.4035994650486,-296.51974493433,0,0.949000000000069
"S3",500,1.5,3,0.3,457,2.23488291803686,2.90124895687562,0.359497145053171,-300.777276828617,0,0.979000000000269
"S3",500,1.5,3,0.3,458,1.114669035815,3.22122042842095,0.252658832043789,-275.89709187716,0,0.996000000000095
"S3",500,1.5,3,0.3,459,1.62239066313558,2.98463756274109,0.31156871963267,-299.530089009289,0,0.972000000000207
"S3",500,1.5,3,0.3,460,1.60368453757649,2.81059020198634,0.369089111659084,-296.668690445008,0,1.02099999999973
"S3",500,1.5,3,0.3,461,1.43994718559804,3.08807641289898,0.248830256434916,-311.580606449721,0,1.09999999999991
"S3",500,1.5,3,0.3,462,3.12062483352014,2.86931196183883,0.444731034349209,-280.286543878208,0,1.08300000000008
"S3",500,1.5,3,0.3,463,2.62108233719828,2.83760247599928,0.429134025865379,-286.650033872726,0,0.989999999999782
"S3",500,1.5,3,0.3,464,4.29804995094042,2.72136261425685,0.417673093417584,-324.438393010249,0,1.05299999999988
"S3",500,1.5,3,0.3,465,0.642069634723481,3.08173914306566,0.185134852230851,-303.707043027082,0,0.952999999999975
"S3",500,1.5,3,0.3,466,9999.70703351823,2.6158697913504,0.593715353046729,-295.756372175753,0,2.05799999999999
"S3",500,1.5,3,0.3,467,0.690932461717459,3.09611348562242,0.20380910539832,-293.118778877718,0,0.974999999999909
"S3",500,1.5,3,0.3,468,1.85388884239028,2.93425520832855,0.334593108735756,-300.744492894423,0,0.925000000000182
"S3",500,1.5,3,0.3,469,0.985314309470446,3.06878099176429,0.230394441524103,-305.125527736346,0,1.0010000000002
"S3",500,1.5,3,0.3,470,1.35618899243835,3.01960717946551,0.280233552214493,-300.720424632299,0,0.946999999999662
"S3",500,1.5,3,0.3,471,5.28889849288202,2.79475420499954,0.438333824209708,-305.806515412337,0,1.07900000000018
"S3",500,1.5,3,0.3,472,3.38391904350679,2.78497248420622,0.448680050798777,-292.91906560907,0,0.994999999999891
"S3",500,1.5,3,0.3,473,0.883179834956669,3.19766777500453,0.228948853171179,-278.871940788201,0,0.987999999999829
"S3",500,1.5,3,0.3,474,1.23254020481452,3.08386293165602,0.251206911959611,-301.773265320528,0,1.01700000000028
"S3",500,1.5,3,0.3,475,6.04639440624364,2.7759388441214,0.472204836205452,-296.743408896192,0,1.10199999999986
"S3",500,1.5,3,0.3,476,0.829624058818235,3.30212849705201,0.226363612253609,-258.689877978666,0,0.990999999999985
"S3",500,1.5,3,0.3,477,1.0097451780035,2.99040920032824,0.266804539695153,-295.481727612969,0,1.01800000000003
"S3",500,1.5,3,0.3,478,1.73536418665133,2.96120933060396,0.335578090215143,-292.858068991416,0,0.992000000000189
"S3",500,1.5,3,0.3,479,2.62945990582153,3.05626950836715,0.362142726722779,-278.8634276349,0,0.965999999999894
"S3",500,1.5,3,0.3,480,0.722063655123249,3.18414597526711,0.188354192260975,-293.629717292108,0,0.97400000000016
"S3",500,1.5,3,0.3,481,1.51861431084337,2.91550483177254,0.32031101373678,-301.141969438464,0,0.930000000000291
"S3",500,1.5,3,0.3,482,1.45257138190716,2.93232587117793,0.300903287619679,-306.598816993552,0,0.956000000000131
"S3",500,1.5,3,0.3,483,3.0982445145247,2.95294943288042,0.448619331759885,-264.00171401478,0,1.05200000000013
"S3",500,1.5,3,0.3,484,0.83962928347325,3.10929490898461,0.217385911969025,-296.445063683339,0,0.967000000000098
"S3",500,1.5,3,0.3,485,1.07234851445146,3.22453326856666,0.218235409788305,-293.360140171551,0,1.00900000000001
"S3",500,1.5,3,0.3,486,0.78673110926756,3.11270783816594,0.209617246578514,-296.132438908696,0,0.976999999999862
"S3",500,1.5,3,0.3,487,9999.87122801183,2.66052670115284,0.573443152532083,-292.577026788151,0,1.99499999999989
"S3",500,1.5,3,0.3,488,0.990854889682866,3.04270090182747,0.238071858452896,-304.380901093206,0,0.932999999999993
"S3",500,1.5,3,0.3,489,1.75796392738079,3.10150078244185,0.322612224110578,-278.411679339235,0,0.946999999999662
"S3",500,1.5,3,0.3,490,0.970509164360443,3.0319812820759,0.227487524245566,-312.621492270415,0,0.98700000000008
"S3",500,1.5,3,0.3,491,0.696395118220356,3.29575366209463,0.176724702979552,-285.657212451426,0,0.977000000000317
"S3",500,1.5,3,0.3,492,1.35102053559528,2.95912490446384,0.28851710832297,-306.429225968094,0,0.958000000000084
"S3",500,1.5,3,0.3,493,3.10619590040961,2.68943295518948,0.416046353949968,-322.238114248941,0,1.04700000000003
"S3",500,1.5,3,0.3,494,4.89254958792318,2.71147950134639,0.47710358205129,-305.120457773331,0,1.04100000000017
"S3",500,1.5,3,0.3,495,0.939124415282595,3.17279790162508,0.242848601971007,-278.122235455093,0,0.957000000000335
"S3",500,1.5,3,0.3,496,0.891597610295782,3.12178812067246,0.223622675240717,-293.737413274822,0,0.932000000000244
"S3",500,1.5,3,0.3,497,0.963797414644127,2.9469589605658,0.230447678378104,-323.386002544,0,0.934999999999945
"S3",500,1.5,3,0.3,498,1.49766827790595,3.09218434763485,0.293920500178258,-285.515384507769,0,0.927000000000135
"S3",500,1.5,3,0.3,499,2.50403214914445,2.82888849386494,0.390486654908087,-302.800684659289,0,0.915999999999713
"S3",500,1.5,3,0.3,500,3.35274765458329,2.91284344371315,0.441360996166546,-275.724096198453,0,1.02599999999984
"S3",500,1.5,3,0.3,501,0.648424916411409,3.3011831216097,0.179807248582611,-277.894101430503,0,0.991999999999734
"S3",500,1.5,3,0.3,502,1.91729953813178,2.82551800830046,0.321064744245367,-329.150296110519,0,1.05999999999995
"S3",500,1.5,3,0.3,503,2.10632017270944,2.92843611555967,0.364121705054662,-292.234865669503,0,0.942000000000007
"S3",500,1.5,3,0.3,504,1.98890715842836,3.1068856602239,0.343711343414258,-270.813064025073,0,0.925000000000182
"S3",500,1.5,3,0.3,505,1.51212306736287,2.92571590565458,0.309907066455215,-304.860225123278,0,1.16199999999981
"S3",500,1.5,3,0.3,506,1.70476387626726,3.14723301251734,0.273785439606831,-294.07439702561,0,1
"S3",500,1.5,3,0.3,507,1.12375578460832,2.96904672988994,0.245733355153636,-319.940012406349,0,0.94399999999996
"S3",500,1.5,3,0.3,508,1.76617281437296,2.76864537382263,0.355076875064812,-316.044869610129,0,0.960000000000036
"S3",500,1.5,3,0.3,509,1.44987011968375,2.99984569844325,0.319779311502809,-283.318250808935,0,0.952000000000226
"S3",500,1.5,3,0.3,510,1.39198628471254,2.95342244347528,0.288788311239079,-308.692229666605,0,0.983000000000175
"S3",500,1.5,3,0.3,511,0.724389477984514,3.31808285647527,0.17456872459596,-289.008240520763,0,1.07400000000007
"S3",500,1.5,3,0.3,512,1.38209135664262,2.8765683756158,0.298571541531494,-316.857115106036,0,1.0630000000001
"S3",500,1.5,3,0.3,513,1.230704817473,3.08364530811434,0.283004309786928,-283.286841449454,0,0.925000000000182
"S3",500,1.5,3,0.3,514,0.960764243292061,3.0595864993709,0.245783716286912,-292.775610232486,0,0.911000000000058
"S3",500,1.5,3,0.3,515,2.49452444561287,3.03182010172558,0.334248979993509,-293.574528952982,0,1.03899999999976
"S3",500,1.5,3,0.3,516,1.25687311709649,2.85884994086082,0.312228159684995,-304.197475033282,0,0.93100000000004
"S3",500,1.5,3,0.3,517,4.52662251893924,2.84300866586663,0.421451058187489,-302.286337420633,0,1.07000000000016
"S3",500,1.5,3,0.3,518,5.75623814167146,2.72150629445933,0.495105487061763,-298.92884880442,0,1.12400000000025
"S3",500,1.5,3,0.3,519,2.72552377132991,2.95418967089952,0.405876249824961,-277.609888989443,0,0.913000000000011
"S3",500,1.5,3,0.3,520,5.19331131403055,2.88554698599268,0.439016744190492,-289.317281713597,0,1.03900000000021
"S3",500,1.5,3,0.3,521,2.14564748270624,2.97120007440361,0.32188401470792,-306.100557729168,0,0.934999999999945
"S3",500,1.5,3,0.3,522,1.86551477277745,2.96907514136804,0.355289828454685,-285.44804381592,0,0.925999999999931
"S3",500,1.5,3,0.3,523,2.06676996489077,3.02085115381159,0.325720615274929,-294.400369510926,0,0.944000000000415
"S3",500,1.5,3,0.3,524,2.18757992181697,3.05155312114078,0.348109114343238,-281.257509618841,0,0.996999999999844
"S3",500,1.5,3,0.3,525,4.80584228632844,2.94802435274398,0.4274665614134,-281.123779021356,0,0.977000000000317
"S3",500,1.5,3,0.3,526,0.90301446959984,2.97139031418578,0.225151618523278,-318.588232174667,0,0.949000000000069
"S3",500,1.5,3,0.3,527,1.05776112068467,3.29655356506135,0.223901670341776,-279.106970952025,0,0.888999999999669
"S3",500,1.5,3,0.3,528,0.776129180289473,3.06710204582643,0.205611332362937,-304.68882177395,0,0.932999999999993
"S3",500,1.5,3,0.3,529,0.749400903662498,3.16976852467304,0.193656635628654,-297.546675571321,0,0.956000000000131
"S3",500,1.5,3,0.3,530,1.4200456511638,2.96514698458087,0.310562496353819,-295.816460754724,0,1.01500000000033
"S3",500,1.5,3,0.3,531,2.45250840802302,2.79358776019553,0.396577338015644,-304.910377060089,0,1.01600000000008
"S3",500,1.5,3,0.3,532,1.65653459878278,3.18296914675019,0.296118824428339,-274.788771498396,0,0.942000000000007
"S3",500,1.5,3,0.3,533,2.15069834293232,2.92356810969201,0.349568568752141,-302.639780932811,0,1.00799999999981
"S3",500,1.5,3,0.3,534,4.43572786510659,2.86264571862062,0.436350400113353,-290.726540495419,0,1.13599999999997
"S3",500,1.5,3,0.3,535,1.11853313749589,3.05846068681869,0.251485837240343,-299.908756021733,0,0.907999999999902
"S3",500,1.5,3,0.3,536,0.694458915449579,3.09904935083319,0.210561689820149,-287.923619621911,0,0.928000000000338
"S3",500,1.5,3,0.3,537,4.52563526539663,2.72452740611864,0.47642821342809,-300.539945005082,0,1.12400000000025
"S3",500,1.5,3,0.3,538,0.6885967870314,3.27632301442642,0.174729994943109,-286.770071330055,0,0.98700000000008
"S3",500,1.5,3,0.3,539,1.64250120742559,2.75920283399046,0.327190683174351,-329.20305589998,0,0.951999999999771
"S3",500,1.5,3,0.3,540,4.58207966760034,2.83773930218499,0.468468845856855,-285.525420393548,0,1.03800000000001
"S3",500,1.5,3,0.3,541,1.26281769478346,3.07528661270627,0.272396976030291,-292.672364945565,0,0.980000000000018
"S3",500,1.5,3,0.3,542,0.805681032548574,3.14113513865258,0.201512642234314,-300.855188251329,0,0.983999999999924
"S3",500,1.5,3,0.3,543,0.921233244652832,3.0543345171125,0.226946819169784,-304.603820938494,0,0.935999999999694
"S3",500,1.5,3,0.3,544,8.81860556853386,2.67326232045395,0.515172155644952,-303.844198149059,0,1.11999999999989
"S3",500,1.5,3,0.3,545,2.49296901744758,2.69095547146942,0.392213946173244,-326.010621487495,0,1.00700000000006
"S3",500,1.5,3,0.3,546,3.02748116900642,3.023119293369,0.351276302150899,-293.976851188631,0,1.0010000000002
"S3",500,1.5,3,0.3,547,1.39430568836049,2.871876336059,0.303406313935771,-313.740432246889,0,1.00199999999995
"S3",500,1.5,3,0.3,548,4.18394848087184,2.91242337757145,0.442608866965414,-279.083117745905,0,1.10899999999992
"S3",500,1.5,3,0.3,549,1.33477886528928,3.1088286418898,0.278261090809798,-286.27793337594,0,0.925999999999931
"S3",500,1.5,3,0.3,550,2.46248661111214,3.06386581338689,0.328717962439537,-292.922197165918,0,1.05299999999988
"S3",500,1.5,3,0.3,551,2.06459523538086,2.9434917877323,0.363965710231728,-289.914277027183,0,1.06500000000005
"S3",500,1.5,3,0.3,552,3.69933857219989,2.83777996809364,0.454626168130788,-285.385964843748,0,1.04799999999977
"S3",500,1.5,3,0.3,553,1.64786856899453,3.10880762929167,0.308735166987719,-278.380679303826,0,0.927999999999884
"S3",500,1.5,3,0.3,554,0.982050107267733,3.08389859708524,0.237630853774611,-296.981234066577,0,0.960999999999785
"S3",500,1.5,3,0.3,555,1.52091987218378,2.7729013164201,0.332547797494777,-318.273749598805,0,0.93100000000004
"S3",500,1.5,3,0.3,556,9999.72846589857,2.73768945209096,0.553614500416232,-286.815381467868,0,1.79200000000037
"S3",500,1.5,3,0.3,557,1.66942199464359,2.97960395541596,0.33926412783045,-286.104929476657,0,0.934999999999945
"S3",500,1.5,3,0.3,558,3.54505382879398,2.76963202703394,0.435440191370017,-304.427736947902,0,1.06799999999976
"S3",500,1.5,3,0.3,559,1.04128358592379,3.03969652132831,0.238917760483985,-308.491889849046,0,0.980000000000018
"S3",500,1.5,3,0.3,560,2.9202033770512,2.98232032181866,0.430048153195917,-266.25668992539,0,0.999000000000251
"S3",500,1.5,3,0.3,561,6.76969292450358,2.58924185315486,0.502263515900911,-321.23557715101,0,1.07600000000002
"S3",500,1.5,3,0.3,562,0.894662895190306,3.23990958778617,0.231776731598218,-270.061617004508,0,0.983999999999924
"S3",500,1.5,3,0.3,563,0.997196591423308,3.08016316869024,0.265700156477002,-282.389091718912,0,0.927999999999884
"S3",500,1.5,3,0.3,564,1.53069538389271,3.03089017888789,0.321978707232642,-282.118073454767,0,0.873000000000047
"S3",500,1.5,3,0.3,565,1.27577114965706,3.00286064586503,0.281494775779671,-300.116101806645,0,0.905999999999949
"S3",500,1.5,3,0.3,566,7.56045304724778,2.83860046585557,0.45633612194273,-294.327260310686,0,1.10500000000002
"S3",500,1.5,3,0.3,567,2.42942186524134,2.73787599738739,0.380733684222694,-322.527000520891,0,0.929000000000087
"S3",500,1.5,3,0.3,568,1.67131892589081,2.95453293810073,0.282783438084081,-320.921941322515,0,0.952000000000226
"S3",500,1.5,3,0.3,569,4.24070192487115,2.78256600701687,0.470901648362975,-290.692954978905,0,1.04699999999957
"S3",500,1.5,3,0.3,570,3.28494485857663,2.87144878687606,0.39004015885888,-304.362481557666,0,0.94399999999996
"S3",500,1.5,3,0.3,571,3.00641335756334,2.80893704275578,0.39216824360651,-312.65484138733,0,0.923999999999978
"S3",500,1.5,3,0.3,572,2.0856107308387,3.02677034793404,0.302321030466959,-308.818235668731,0,0.922000000000025
"S3",500,1.5,3,0.3,573,1.20563276232301,3.17530821137344,0.257747243502016,-283.937250505776,0,0.893000000000029
"S3",500,1.5,3,0.3,574,2.06581990724953,3.04011990844122,0.309457519339228,-299.126493827749,0,0.927999999999884
"S3",500,1.5,3,0.3,575,6.85439276433565,2.69404248583275,0.448559576496036,-323.899220055128,0,1.03999999999996
"S3",500,1.5,3,0.3,576,0.948320374881783,3.0980177778243,0.21435681339128,-311.10437407345,0,0.916999999999916
"S3",500,1.5,3,0.3,577,0.944743471508253,3.22314926442927,0.259512725326407,-260.008274309246,0,0.923999999999978
"S3",500,1.5,3,0.3,578,2.81398590762515,2.91937312278765,0.374810268074392,-297.73324968431,0,0.981999999999971
"S3",500,1.5,3,0.3,579,1.95624153336718,2.80568842143858,0.360409869429518,-310.898081089773,0,0.925999999999931
"S3",500,1.5,3,0.3,580,1.51712871389406,2.9224240011163,0.336020585960062,-292.283834681363,0,0.875
"S3",500,1.5,3,0.3,581,3.46904137173526,2.84620738020755,0.428804889557129,-293.352998510388,0,1.08800000000019
"S3",500,1.5,3,0.3,582,1.07586802821711,2.9329736020999,0.267165949965173,-309.883399944202,0,0.985999999999876
"S3",500,1.5,3,0.3,583,1.25753282233458,3.05879919241422,0.256523951491079,-302.912331448754,0,0.938999999999851
"S3",500,1.5,3,0.3,584,2.64126541502492,3.00753536292659,0.402552319823077,-268.679466430473,0,0.956000000000131
"S3",500,1.5,3,0.3,585,1.42277253115837,2.90837947055258,0.312696788232328,-303.18604465433,0,0.963999999999942
"S3",500,1.5,3,0.3,586,2.73291875101845,2.86630096364466,0.414888919726252,-289.607958370895,0,0.941000000000258
"S3",500,1.5,3,0.3,587,1.35724002117379,3.05886734577377,0.277351938437912,-293.539168038452,0,0.915000000000418
"S3",500,1.5,3,0.3,588,4.06093051112527,2.69755968956156,0.424603464874947,-324.831654697903,0,1.07000000000016
"S3",500,1.5,3,0.3,589,1.8641496482502,2.78692107881949,0.352003314320128,-316.397985160231,0,0.978999999999814
"S3",500,1.5,3,0.3,590,3.28162640140146,2.80771530733709,0.426503705420427,-298.470973061826,0,0.980999999999767
"S3",500,1.5,3,0.3,591,0.695012671698028,3.08722202403792,0.19477821530775,-302.715375267135,0,0.922999999999774
"S3",500,1.5,3,0.3,592,1.89212339181522,2.91382600105887,0.367655574238976,-289.176939201906,0,0.925000000000182
"S3",500,1.5,3,0.3,593,1.34965476434785,2.94758137629192,0.265718649054688,-321.634419331028,0,0.907000000000153
"S3",500,1.5,3,0.3,594,2.07929763008864,3.10861006382386,0.328196678014935,-279.224886347027,0,0.951999999999771
"S3",500,1.5,3,0.3,595,0.535984865325595,3.3564352102923,0.146182716162064,-282.803369103893,0,1.03600000000006
"S3",500,1.5,3,0.3,596,9999.89424930568,2.49699048993819,0.634121608393272,-306.929281543406,0,1.66999999999962
"S3",500,1.5,3,0.3,597,0.74071227025378,3.21006302621212,0.212932621902475,-273.94999333822,0,1.03699999999981
"S3",500,1.5,3,0.3,598,2.65764724616112,2.95173305665732,0.377031606068294,-290.921651879403,0,0.952999999999975
"S3",500,1.5,3,0.3,599,3.13197408079353,2.89718699779867,0.37410401523836,-305.343951028279,0,0.996999999999844
"S3",500,1.5,3,0.3,600,1.9749589408591,3.1914174821425,0.321432396482228,-268.155683866055,0,0.96100000000024
"S3",500,1.5,3,0.3,601,1.64654767833484,2.87147879536416,0.334496645439192,-306.818873257465,0,0.990000000000236
"S3",500,1.5,3,0.3,602,1.98700404206441,2.93828979882668,0.319631759820488,-310.789720653429,0,1.07100000000037
"S3",500,1.5,3,0.3,603,0.843789579224361,3.00304610907372,0.230096753432444,-302.695471706011,0,0.925999999999931
"S3",500,1.5,3,0.3,604,3.79553228902496,2.75859811377173,0.444691694139828,-303.27118423603,0,0.994000000000142
"S3",500,1.5,3,0.3,605,0.960674185673999,3.16542365845574,0.239931098837918,-282.703029628077,0,0.944000000000415
"S3",500,1.5,3,0.3,606,3.57461259290696,2.75289833219599,0.454240816832287,-299.017769129171,0,1.04399999999987
"S3",500,1.5,3,0.3,607,198.372883836575,2.51158076051787,0.622497763603739,-306.116989142749,0,1.92200000000003
"S3",500,1.5,3,0.3,608,2.1812139993413,2.94762338587952,0.377488107464858,-284.790613525885,0,0.936000000000149
"S3",500,1.5,3,0.3,609,2.37573855079405,2.88012531552763,0.369046267956748,-303.133239507253,0,0.920000000000073
"S3",500,1.5,3,0.3,610,2.21873768337055,2.88777607111185,0.363195612958176,-300.789315917105,0,0.978000000000065
"S3",500,1.5,3,0.3,611,1.45995873848619,3.1231171779933,0.287723619377256,-283.361958958407,0,0.925999999999931
"S3",500,1.5,3,0.3,612,3.15106280335034,2.8948186414636,0.376608459688636,-305.211936430429,0,1.06399999999985
"S3",500,1.5,3,0.3,613,0.653312884742538,3.13402722990596,0.197539005972081,-288.580747309716,0,0.9699999999998
"S3",500,1.5,3,0.3,614,0.814840613283675,3.06468214816912,0.210803845485694,-307.691746275628,0,0.996999999999844
"S3",500,1.5,3,0.3,615,2.55921704021117,2.77292443098948,0.363616950596346,-326.019615509589,0,0.913000000000011
"S3",500,1.5,3,0.3,616,1.5192274251572,2.84566211221083,0.316156929148993,-314.951910060632,0,0.898000000000138
"S3",500,1.5,3,0.3,617,1.11570637565534,2.90972632447911,0.27641212904133,-309.531115107559,0,0.911999999999807
"S3",500,1.5,3,0.3,618,1.42074177681628,3.15610804923614,0.280398682962592,-282.521981146642,0,0.924999999999727
"S3",500,1.5,3,0.3,619,2.0195081961354,2.84554989981332,0.353488875210397,-310.332825381789,0,0.980999999999767
"S3",500,1.5,3,0.3,620,1.74069614549099,3.02674783244758,0.320401396674127,-288.912139667012,0,0.951999999999771
"S3",500,1.5,3,0.3,621,1.29317257412411,3.12975909771917,0.261190888329639,-291.363293093201,0,0.996000000000095
"S3",500,1.5,3,0.3,622,1.38361477260093,3.0628059095715,0.277874988442446,-295.328085463895,0,1.03099999999995
"S3",500,1.5,3,0.3,623,2.00152078349856,2.87289708536625,0.34840798559254,-308.181273000822,0,0.942000000000007
"S3",500,1.5,3,0.3,624,1.0966602659917,3.08976642443318,0.252071509775493,-294.274312638072,0,0.986000000000331
"S3",500,1.5,3,0.3,625,0.882959856651497,3.05991038264754,0.208706493375978,-313.354045812241,0,0.978000000000065
"S3",500,1.5,3,0.3,626,0.691385343391112,3.18341232623566,0.184022620375096,-295.71516593788,0,0.998000000000047
"S3",500,1.5,3,0.3,627,2.59628969912003,2.76304668474984,0.408212429108396,-308.199620689351,0,0.960999999999785
"S3",500,1.5,3,0.3,628,1.10196673537593,3.15993904119325,0.260649094912646,-277.400131230936,0,0.918999999999869
"S3",500,1.5,3,0.3,629,2.6948769564367,2.95086318377018,0.382127522369761,-289.649852814772,0,0.960000000000036
"S3",500,1.5,3,0.3,630,0.91229234724136,3.1094983108597,0.231962228059251,-293.133410286094,0,0.907999999999902
"S3",500,1.5,3,0.3,631,2.86604768511559,2.77370545865991,0.429446524237255,-300.378855388908,0,0.945999999999913
"S3",500,1.5,3,0.3,632,1.52668500060505,3.08688380620652,0.306617734219145,-281.198846701353,0,0.894999999999982
"S3",500,1.5,3,0.3,633,0.773029781751913,3.1429779279626,0.206403512923479,-292.52884890065,0,0.994999999999891
"S3",500,1.5,3,0.3,634,1.02952213882304,3.09000591801433,0.240042799427773,-299.079455732807,0,0.924999999999727
"S3",500,1.5,3,0.3,635,2.85513731939855,3.0190367034327,0.420497136152582,-262.110423812712,0,0.964000000000397
"S3",500,1.5,3,0.3,636,2.89055653973903,2.71485027419456,0.428539988684968,-310.749421248322,0,0.94399999999996
"S3",500,1.5,3,0.3,637,1.19085275258603,3.08453185439621,0.261961089208785,-293.9561027026,0,0.972999999999956
"S3",500,1.5,3,0.3,638,0.844689241427108,3.07999734167237,0.222598987224245,-298.206253967874,0,1.05600000000004
"S3",500,1.5,3,0.3,639,0.656983566593571,3.07555467182659,0.184140002537326,-308.252415735406,0,1.00700000000006
"S3",500,1.5,3,0.3,640,1.10729623133294,3.19712385910421,0.261365096202636,-272.751538958141,0,0.971999999999753
"S3",500,1.5,3,0.3,641,0.612617994193733,3.28650467657181,0.155685732194189,-295.654385049818,0,1.04700000000003
"S3",500,1.5,3,0.3,642,2.28267438075824,2.93263111676206,0.363845531161022,-296.657180847627,0,1.01600000000008
"S3",500,1.5,3,0.3,643,0.748499045871603,3.18780152575002,0.206753966133158,-281.260700094579,0,1.0659999999998
"S3",500,1.5,3,0.3,644,0.939024895971517,3.08051614010071,0.236071457170059,-295.987990638034,0,0.958999999999833
"S3",500,1.5,3,0.3,645,0.745606432123373,3.26691910773568,0.188343622920639,-285.24545842818,0,0.971000000000004
"S3",500,1.5,3,0.3,646,0.743805030836022,3.28387569080219,0.193426241125399,-277.955999669213,0,0.954000000000178
"S3",500,1.5,3,0.3,647,1.57294741601834,3.16462389150845,0.288528637865304,-280.01848598062,0,0.969000000000051
"S3",500,1.5,3,0.3,648,3.03374943646044,2.97237937751733,0.377113953762392,-289.128575747579,0,1.06799999999976
"S3",500,1.5,3,0.3,649,1.16795424771442,3.07328451916933,0.246910905714894,-304.676409254838,0,0.940000000000055
"S3",500,1.5,3,0.3,650,2.76868531353816,2.81624880384077,0.406216138812898,-301.457538005524,0,0.971000000000004
"S3",500,1.5,3,0.3,651,1.76030554061866,2.82664859479473,0.320738698739598,-323.946556741075,0,0.945000000000164
"S3",500,1.5,3,0.3,652,4.85499868939984,2.8448428255088,0.439711371069401,-296.438824069952,0,1.20200000000023
"S3",500,1.5,3,0.3,653,1.77945813437707,2.76892109626015,0.381439199910967,-304.209374071734,0,0.939000000000306
"S3",500,1.5,3,0.3,654,1.00656630121419,2.95563531077812,0.253215779589929,-308.958347179345,0,0.967000000000098
"S3",500,1.5,3,0.3,655,0.994570329225017,3.27202246116314,0.216472618251377,-283.497913092238,0,0.964999999999691
"S3",500,1.5,3,0.3,656,1.0800390184489,2.92471850776186,0.257091709717234,-316.509862779699,0,0.971000000000004
"S3",500,1.5,3,0.3,657,1.43694118952932,3.00789904798305,0.31446247964396,-287.353218992456,0,0.904999999999745
"S3",500,1.5,3,0.3,658,1.60346794561755,3.07982877624974,0.337691809242578,-268.282179307936,0,0.929000000000087
"S3",500,1.5,3,0.3,659,1.51175405789573,3.0842571939027,0.298216252479084,-285.069566525213,0,0.954000000000178
"S3",500,1.5,3,0.3,660,2.29499443083475,2.8109793026456,0.369510133653367,-313.128218164234,0,0.95699999999988
"S3",500,1.5,3,0.3,661,2.73605388642826,2.6736639413133,0.407273389341863,-326.456865871349,0,0.980999999999767
"S3",500,1.5,3,0.3,662,1.89073040652804,2.93516062158341,0.312597557184424,-312.683404517943,0,0.962999999999738
"S3",500,1.5,3,0.3,663,1.33940910699219,3.01095858703742,0.289315205522968,-295.736623936342,0,0.929000000000087
"S3",500,1.5,3,0.3,664,2.13729190618385,2.95335623005834,0.365358849892342,-289.636276680205,0,0.981999999999971
"S3",500,1.5,3,0.3,665,2.04356372078883,2.88060259986,0.343494441356103,-308.321609149717,0,0.897000000000389
"S3",500,1.5,3,0.3,666,1.40579045542585,2.95903064269807,0.29795244600382,-302.805973774949,0,0.893000000000029
"S3",500,1.5,3,0.3,667,1.18651524818642,3.09237995007112,0.258252858887715,-295.5605376659,0,0.913000000000011
"S3",500,1.5,3,0.3,668,2.31491316294999,2.80189111853107,0.370657342761793,-316.280617856114,0,0.992000000000189
"S3",500,1.5,3,0.3,669,2.02762481557274,2.95048382531942,0.344066236292745,-296.206380430424,0,0.91800000000012
"S3",500,1.5,3,0.3,670,0.751498301082814,3.068455494549,0.207166302579471,-303.674294642501,0,1.04299999999967
"S3",500,1.5,3,0.3,671,2.44650944552492,3.06650117916627,0.348912375480226,-281.677086716179,0,0.971000000000004
"S3",500,1.5,3,0.3,672,1.0491551821743,3.09921007234172,0.266123959878188,-281.972778887266,0,0.9699999999998
"S3",500,1.5,3,0.3,673,1.7865191099662,3.13870382559682,0.327360844262609,-268.141778777461,0,0.947999999999865
"S3",500,1.5,3,0.3,674,1.87743904342917,2.9732336172422,0.326989176951244,-299.99950539262,0,0.97400000000016
"S3",500,1.5,3,0.3,675,1.8767806484478,2.97152147822902,0.33654884913396,-293.140047307991,0,0.894999999999982
"S3",500,1.5,3,0.3,676,0.595299628648357,3.26289237542827,0.16309713705915,-292.000233451913,0,0.951000000000022
"S3",500,1.5,3,0.3,677,1.49302438425185,2.96368738524993,0.301472391732694,-303.903789625051,0,0.903999999999996
"S3",500,1.5,3,0.3,678,1.56258202049529,3.03203952326874,0.293243191971955,-300.496335452979,0,0.916000000000167
"S3",500,1.5,3,0.3,679,0.674937484904622,3.2656368870697,0.177340147156971,-288.164334173804,0,0.954000000000178
"S3",500,1.5,3,0.3,680,2.14392216441247,2.92572605796693,0.313897649157489,-319.295028771592,0,0.965999999999894
"S3",500,1.5,3,0.3,681,1.44909266750262,3.08250822882968,0.299617817745625,-283.276886491068,0,0.934999999999945
"S3",500,1.5,3,0.3,682,0.972858471928876,3.00334737727105,0.255517106103622,-298.302486400897,0,0.940000000000055
"S3",500,1.5,3,0.3,683,1.68970057640374,2.98098269764161,0.338356195106189,-286.077785502209,0,0.927000000000135
"S3",500,1.5,3,0.3,684,9998.99865170986,2.53949500653683,0.606682355173716,-306.194038455522,0,2.21000000000004
"S3",500,1.5,3,0.3,685,1.80355103955165,2.98665368421277,0.33408450505681,-291.753987654029,0,0.989000000000033
"S3",500,1.5,3,0.3,686,0.866881194553482,3.18242653270294,0.213454617907294,-290.155552393484,0,0.976999999999862
"S3",500,1.5,3,0.3,687,1.65280999800488,3.14645505533686,0.323049724360113,-267.439380362293,0,1.01999999999998
"S3",500,1.5,3,0.3,688,0.864326894021609,3.21339673139355,0.211612187599217,-286.588795920914,0,1.08499999999958
"S3",500,1.5,3,0.3,689,2.21851281623521,2.87252103611148,0.388740162794502,-291.068957174737,0,0.945999999999913
"S3",500,1.5,3,0.3,690,84.3108925433532,2.51186171061934,0.573486579377887,-321.528022596917,0,1.57400000000007
"S3",500,1.5,3,0.3,691,2.45117717647339,2.83242522371759,0.395441868003004,-300.32693687913,0,1
"S3",500,1.5,3,0.3,692,1.28135306988322,2.97040848742884,0.278821899293451,-304.734348215149,0,1.04500000000007
"S3",500,1.5,3,0.3,693,3.65716977747154,2.81813570785417,0.427931436348776,-297.644638292993,0,1.0630000000001
"S3",500,1.5,3,0.3,694,2.94613476582503,2.74509214703305,0.399241445105322,-320.40118826184,0,1.04100000000017
"S3",500,1.5,3,0.3,695,1.2752685223196,3.05202556455245,0.288856726324407,-287.408731321948,0,0.953999999999724
"S3",500,1.5,3,0.3,696,0.605500945087797,3.13745636242429,0.15834459955302,-312.109324211741,0,1.06099999999969
"S3",500,1.5,3,0.3,697,1.20344666987266,2.93857925961913,0.279616482551219,-307.61085204444,0,1.04399999999987
"S3",500,1.5,3,0.3,698,1.64080192734227,2.93802900095627,0.349978571821513,-286.518294783564,0,1.00900000000001
"S3",500,1.5,3,0.3,699,2.05985265566643,2.84853331707055,0.36932259047545,-302.331186845238,0,1.12199999999984
"S3",500,1.5,3,0.3,700,0.960134728906521,3.23958561013214,0.250493855679451,-263.930282425963,0,1.0029999999997
"S3",500,1.5,3,0.3,701,2.24472078185817,2.84133270388945,0.374294871802392,-305.836730258652,0,0.978999999999814
"S3",500,1.5,3,0.3,702,2.41822501522604,2.95208374531167,0.386239668312053,-282.521360811777,0,0.992999999999938
"S3",500,1.5,3,0.3,703,1.78119771117603,2.95001936889763,0.310156455784834,-309.877895781571,0,1.04599999999982
"S3",500,1.5,3,0.3,704,9999.8324489602,2.68152750838204,0.596079783992727,-283.612961793312,0,1.95499999999993
"S3",500,1.5,3,0.3,705,1.41314282532119,2.99128606021978,0.309795259079555,-289.97889489602,0,1.13000000000011
"S3",500,1.5,3,0.3,706,1.53046182616217,2.93847532150174,0.301664087805826,-308.929751428636,0,0.981999999999971
"S3",500,1.5,3,0.3,707,0.553714414762602,3.37039197338887,0.147291067190487,-280.311564346231,0,1.15200000000004
"S3",500,1.5,3,0.3,708,0.638126850275108,3.16127001402608,0.180378111443866,-294.714524157214,0,1.13299999999981
"S3",500,1.5,3,0.3,709,3.32865850913973,2.83041515849806,0.426540420894467,-296.430079892337,0,1.00800000000027
"S3",500,1.5,3,0.3,710,1.83626812212787,2.85479552139112,0.344410238969867,-308.062908189244,0,1.02100000000019
"S3",500,1.5,3,0.3,711,1.094686419037,3.07311711370033,0.25687082228735,-294.062896628033,0,0.998999999999796
"S3",500,1.5,3,0.3,712,2.29290304215704,3.04626786247505,0.371617331068375,-269.949050414523,0,1.10899999999992
"S3",500,1.5,3,0.3,713,12.2010373459086,2.61690840224959,0.553675515257445,-305.080367868641,0,1.2180000000003
"S3",500,1.5,3,0.3,714,5.16841337436449,2.80910017858513,0.423368214852225,-311.180635578002,0,1.20600000000013
"S3",500,1.5,3,0.3,715,1.55698315896042,2.9558160651764,0.280094698158348,-318.999181040872,0,1.04100000000017
"S3",500,1.5,3,0.3,716,0.677058449940504,3.19789675259838,0.183265293735466,-292.190620590946,0,0.978999999999814
"S3",500,1.5,3,0.3,717,0.763217115697308,3.11164216623434,0.201195961938851,-300.238834684644,0,1.07999999999993
"S3",500,1.5,3,0.3,718,1.47939993430345,2.93725877263908,0.2972704025527,-310.294394441985,0,1.03400000000011
"S3",500,1.5,3,0.3,719,0.757053370375959,3.22227477887802,0.199167930459185,-285.603613600298,0,1.00099999999975
"S3",500,1.5,3,0.3,720,0.877387628142337,3.09158801778051,0.229352537402522,-293.970852387608,0,1.02700000000004
"S3",500,1.5,3,0.3,721,1.69974123904134,2.88529355655865,0.31368393839515,-316.511830864541,0,1.03600000000006
"S3",500,1.5,3,0.3,722,1.18411665499091,3.1625278372707,0.237134229623878,-296.198048626782,0,0.966999999999643
"S3",500,1.5,3,0.3,723,1.60223179879772,3.01548322395101,0.320980845978141,-289.451899696299,0,0.969000000000051
"S3",500,1.5,3,0.3,724,2.7312932853893,2.83672125854936,0.415342240801009,-294.135809184903,0,1.02800000000025
"S3",500,1.5,3,0.3,725,0.554442873407981,3.41214842393284,0.157648291729381,-266.470950689679,0,1.04300000000012
"S3",500,1.5,3,0.3,726,0.547051593642488,3.28246014753382,0.149310349678998,-291.811810442796,0,0.970000000000255
"S3",500,1.5,3,0.3,727,2.4065169567975,2.96837179292895,0.367123494848027,-289.840029589661,0,1.00700000000006
"S3",500,1.5,3,0.3,728,0.840805921753266,3.14947971243835,0.205443633319881,-299.327021822575,0,0.978999999999814
"S3",500,1.5,3,0.3,729,3.7018727801122,2.78823988174294,0.427897935169977,-305.008525802356,0,1.08299999999963
"S3",500,1.5,3,0.3,730,1.04885827680599,2.87946453278193,0.249398023714225,-328.684394659562,0,1.03800000000001
"S3",500,1.5,3,0.3,731,4.01008680223496,2.78322396991891,0.404070878213085,-316.946802359847,0,1.14900000000034
"S3",500,1.5,3,0.3,732,2.8200973772797,2.88986442432894,0.371656888351076,-303.942000272637,0,1.08800000000019
"S3",500,1.5,3,0.3,733,1.56873824672656,3.15433013437851,0.30616947511451,-271.214464094098,0,1.01700000000028
"S3",500,1.5,3,0.3,734,4.28080033433014,2.75821380057667,0.454239004590307,-302.136665633408,0,1.0329999999999
"S3",500,1.5,3,0.3,735,0.960918779851636,2.92029419088983,0.252994825468153,-312.037815095567,0,0.965000000000146
"S3",500,1.5,3,0.3,736,0.502806112024704,3.17119956602293,0.148303337394144,-301.801355948074,0,1.05300000000034
"S3",500,1.5,3,0.3,737,1.0493892623759,3.21882433816494,0.227996969961749,-286.618865407718,0,1.00599999999986
"S3",500,1.5,3,0.3,738,1.78707258760182,2.94430095271313,0.321020462008183,-305.477208816193,0,0.976000000000113
"S3",500,1.5,3,0.3,739,6.09768718687917,2.80430337062924,0.455460013785204,-300.322862453465,0,1.08199999999988
"S3",500,1.5,3,0.3,740,2.97926151488652,2.88660484058579,0.396320674277327,-294.689210565049,0,0.994000000000142
"S3",500,1.5,3,0.3,741,3.16977169516678,2.91022938735532,0.372026706269772,-303.974297161428,0,1.03900000000021
"S3",500,1.5,3,0.3,742,1.81556316775867,2.7875283570977,0.32877858445046,-327.138027542537,0,1.05999999999995
"S3",500,1.5,3,0.3,743,2.09924982630186,3.09320338451504,0.319114904301175,-287.506699489792,0,1.01800000000003
"S3",500,1.5,3,0.3,744,2.0521051221119,2.93520688723998,0.328414726447996,-307.714809324453,0,1.1260000000002
"S3",500,1.5,3,0.3,745,1.78321305834838,2.99766111091557,0.342800983424279,-285.981591386549,0,0.958999999999833
"S3",500,1.5,3,0.3,746,2.29713465112995,2.89723788946045,0.363550473370711,-299.48757421512,0,0.978999999999814
"S3",500,1.5,3,0.3,747,1.26971062769021,2.96123575908385,0.319797291175786,-284.738212906444,0,1.04599999999982
"S3",500,1.5,3,0.3,748,1.15580690913582,2.90901336192439,0.293802240716596,-300.304497340236,0,0.990999999999985
"S3",500,1.5,3,0.3,749,0.849783520720335,3.15157097709423,0.210474728707086,-296.106751909542,0,0.975000000000364
"S3",500,1.5,3,0.3,750,2.10457103842756,3.05677825391479,0.336072926267967,-285.336566315408,0,0.980000000000018
"S3",500,1.5,3,0.3,751,1.3371173441171,3.02028587882372,0.278588580865318,-299.915084034245,0,0.980000000000018
"S3",500,1.5,3,0.3,752,1.62343197588788,3.17921924343615,0.316490721043767,-264.690637411225,0,1.03499999999985
"S3",500,1.5,3,0.3,753,3.25309007723419,2.86913787258597,0.413402235825435,-295.546043245263,0,1.04300000000012
"S3",500,1.5,3,0.3,754,2.34241691073892,2.92147024314283,0.368706923983786,-295.321585221552,0,0.976000000000113
"S3",500,1.5,3,0.3,755,9.15696692984968,2.66786813666521,0.540402696195842,-296.809357669111,0,1.14299999999957
"S3",500,1.5,3,0.3,756,1.13330637557424,2.90505753866292,0.275720275888165,-312.222646769329,0,1.05400000000009
"S3",500,1.5,3,0.3,757,2.35824223342643,2.85571129553142,0.383824479282843,-299.476026203641,0,1.00800000000027
"S3",500,1.5,3,0.3,758,1.52804411930315,2.93720160537964,0.313119275637579,-303.342317454319,0,1.02800000000025
"S3",500,1.5,3,0.3,759,1.69207161141081,2.95653537794474,0.31279450739941,-306.599621456347,0,0.96100000000024
"S3",500,1.5,3,0.3,760,2.98250889854802,2.97199634363521,0.425342982827003,-268.869796186043,0,1.03900000000021
"S3",500,1.5,3,0.3,761,1.55072847881281,3.05941758341472,0.326482547883648,-275.789742315475,0,1.0590000000002
"S3",500,1.5,3,0.3,762,1.12032036806394,3.04040020782321,0.248032544783658,-305.710954967568,0,0.983999999999924
"S3",500,1.5,3,0.3,763,1.11087679302901,3.10213918502571,0.27175346479195,-280.092779061393,0,0.981999999999971
"S3",500,1.5,3,0.3,764,0.759321130912397,3.12590720259709,0.214009626387406,-289.138236836138,0,1.13599999999997
"S3",500,1.5,3,0.3,765,2.89807057104805,2.8678346841558,0.446672416208876,-277.43766559182,0,1.03900000000021
"S3",500,1.5,3,0.3,766,6.89231024891307,2.81593546584001,0.474801655936225,-291.67727468612,0,1.22899999999981
"S3",500,1.5,3,0.3,767,0.739024834746345,3.1499061229731,0.205853793012313,-288.547610306586,0,1.03600000000006
"S3",500,1.5,3,0.3,768,1.22802213654619,2.976820847009,0.276222334615207,-302.984644018988,0,0.999000000000251
"S3",500,1.5,3,0.3,769,1.80134844494924,2.97873467056392,0.319687369084278,-299.176271054018,0,1.02300000000014
"S3",500,1.5,3,0.3,770,1.32792797115153,2.93198823612301,0.279546871111807,-314.16537558796,0,1.07699999999977
"S3",500,1.5,3,0.3,771,1.33039713579393,3.02542176111833,0.315658483039617,-279.013755871833,0,0.974999999999909
"S3",500,1.5,3,0.3,772,1.25384945414512,3.06163820216045,0.266692753420834,-299.123961313475,0,0.940999999999804
"S3",500,1.5,3,0.3,773,1.31490529395469,3.03664719351389,0.279259432017944,-298.294703570019,0,0.978999999999814
"S3",500,1.5,3,0.3,774,2.26553609303911,2.84718947429176,0.345764884257798,-318.049024274711,0,0.994999999999891
"S3",500,1.5,3,0.3,775,2.28725485434445,2.95692625894434,0.341008424431065,-300.381273162215,0,1.05999999999995
"S3",500,1.5,3,0.3,776,1.19970700481727,3.07839173371444,0.248750517843212,-304.89446783145,0,1.01000000000022
"S3",500,1.5,3,0.3,777,0.687184429747673,3.14523851712095,0.168785381540369,-314.98111592627,0,1.0310000000004
"S3",500,1.5,3,0.3,778,1.41608644373334,2.98250270582359,0.305498470174473,-293.009896040372,0,0.95699999999988
"S3",500,1.5,3,0.3,779,1.40384903729593,2.96328293142445,0.291257126385679,-307.165763640627,0,0.942999999999756
"S3",500,1.5,3,0.3,780,1.0297828129677,3.06022495221908,0.249443950389382,-296.658515573731,0,0.971000000000004
"S3",500,1.5,3,0.3,781,1.61603684711069,2.93975431567276,0.312029794701045,-305.0464875908,0,0.909999999999854
"S3",500,1.5,3,0.3,782,1.56840197957067,3.03615754124883,0.32854980256738,-279.013129062269,0,0.927999999999884
"S3",500,1.5,3,0.3,783,1.39422608118153,3.2178359006555,0.258351381658397,-283.116943731695,0,0.978000000000065
"S3",500,1.5,3,0.3,784,2.14243521768221,3.00909203319129,0.359982549957493,-280.839817307402,0,1.02599999999984
"S3",500,1.5,3,0.3,785,1.2574084089566,2.93072728448477,0.286370616887269,-306.920034662266,0,0.932999999999993
"S3",500,1.5,3,0.3,786,0.67038007765362,3.15345399851639,0.188896790337459,-295.097271230248,0,0.996999999999844
"S3",500,1.5,3,0.3,787,1.14343710492696,3.11248816475788,0.260962111090557,-288.00054321065,0,0.950000000000273
"S3",500,1.5,3,0.3,788,0.692726981917015,3.14648181008726,0.204107108992148,-282.921949022714,0,0.985000000000127
"S3",500,1.5,3,0.3,789,1.72984811553243,3.14096890393952,0.298912670148806,-281.72550680129,0,0.991999999999734
"S3",500,1.5,3,0.3,790,3.31447590843386,2.74021235549529,0.416564971137498,-315.429263817404,0,0.998999999999796
"S3",500,1.5,3,0.3,791,1.41352272885258,2.93171882953951,0.282061322084328,-315.348731022014,0,0.972999999999956
"S3",500,1.5,3,0.3,792,1.12619645259447,3.02537927114416,0.26187685935452,-297.015354525066,0,1.01700000000028
"S3",500,1.5,3,0.3,793,1.83532729500841,3.05326511514392,0.33160564266281,-281.634483699578,0,0.923000000000229
"S3",500,1.5,3,0.3,794,0.947490212136528,3.14892970321474,0.232249488706096,-290.104633163089,0,0.970000000000255
"S3",500,1.5,3,0.3,795,0.888143939177493,3.0780970056393,0.22177822934773,-301.269280966014,0,1.02300000000014
"S3",500,1.5,3,0.3,796,0.451855429237491,3.28938512526857,0.120264211622105,-305.265116848114,0,1.04700000000003
"S3",500,1.5,3,0.3,797,0.984972982401763,3.12862959325873,0.242144590509109,-285.639338010497,0,0.938999999999851
"S3",500,1.5,3,0.3,798,0.929145465799504,3.2438239656021,0.226791850392146,-275.037057533222,0,0.976000000000113
"S3",500,1.5,3,0.3,799,0.883873209468553,3.25776053932249,0.238421080643467,-261.258483903074,0,1.11299999999983
"S3",500,1.5,3,0.3,800,2.92830419571617,2.7633669052619,0.393881332773768,-318.373266751708,0,0.971000000000004
"S3",500,1.5,3,0.3,801,0.988321397676413,3.057317044727,0.234585991980775,-305.699600201854,0,1.00399999999991
"S3",500,1.5,3,0.3,802,5.12667783108399,2.58044926661556,0.493897991479037,-322.487102637896,0,0.963000000000193
"S3",500,1.5,3,0.3,803,2.14396259864436,3.00168881495689,0.360480519777431,-282.66704767265,0,0.949000000000069
"S3",500,1.5,3,0.3,804,1.6500719085378,3.00821954363563,0.305073340011641,-298.662392365127,0,0.941000000000258
"S3",500,1.5,3,0.3,805,2.15376047564328,3.09881122042253,0.327991834878928,-282.115796123636,0,0.925000000000182
"S3",500,1.5,3,0.3,806,2.47515059637212,2.89425272508858,0.381652166067606,-295.86669746031,0,0.925999999999931
"S3",500,1.5,3,0.3,807,2.97253328635288,2.87028992021729,0.409301112013483,-292.726418926777,0,0.936999999999898
"S3",500,1.5,3,0.3,808,9999.54459303744,2.78547350084837,0.549540838472284,-278.6049929771,0,2.06999999999971
"S3",500,1.5,3,0.3,809,0.591099841896542,3.3329303118431,0.162461234740601,-279.01843211459,0,1.02799999999979
"S3",500,1.5,3,0.3,810,3.29880994933463,2.7988034966201,0.414709307812371,-302.433674719531,0,1.11799999999994
"S3",500,1.5,3,0.3,811,1.52315542759024,3.05086122032866,0.308960276134316,-285.542481257181,0,0.944000000000415
"S3",500,1.5,3,0.3,812,1.03339464700027,3.07616111752025,0.211973827801418,-323.962902651304,0,0.940000000000055
"S3",500,1.5,3,0.3,813,2.54404118580063,2.91340850859595,0.376286994221394,-296.24366551144,0,0.940999999999804
"S3",500,1.5,3,0.3,814,1.25446835258598,2.99523381741938,0.27549689263258,-301.721508429383,0,0.897000000000389
"S3",500,1.5,3,0.3,815,2.76371857468574,2.95974475103818,0.377236523441484,-289.581232424038,0,0.927999999999884
"S3",500,1.5,3,0.3,816,0.833146781399054,3.11712688225688,0.218439287744993,-293.90613805981,0,1.03800000000001
"S3",500,1.5,3,0.3,817,3.61064643160133,2.92647240742996,0.367452313934416,-307.826570454874,0,0.996999999999844
"S3",500,1.5,3,0.3,818,2.70660252419377,2.95855960811548,0.352630135329951,-301.709831677991,0,0.983000000000175
"S3",500,1.5,3,0.3,819,2.5255325995935,2.72385154553609,0.411028510465473,-313.369610567499,0,0.951000000000022
"S3",500,1.5,3,0.3,820,0.966399537002474,3.11541971908379,0.232711161396776,-296.788970020417,0,0.961999999999989
"S3",500,1.5,3,0.3,821,3.61767919680772,2.96021051717145,0.39822550276772,-286.63129474618,0,0.935999999999694
"S3",500,1.5,3,0.3,822,1.69633349794748,2.79242009429345,0.335098510203188,-319.386300459427,0,0.867999999999938
"S3",500,1.5,3,0.3,823,4.19974443209452,2.57279484102922,0.494884654109948,-318.932064213973,0,1.0359999999996
"S3",500,1.5,3,0.3,824,0.695117561488581,3.17828951326221,0.177984648922925,-303.135355197843,0,0.951000000000022
"S3",500,1.5,3,0.3,825,1.40915646816564,3.40646371187157,0.266198583235781,-250.901653383809,0,0.994999999999891
"S3",500,1.5,3,0.3,826,1.15061978833313,3.1252206315154,0.26764674124226,-283.362020138499,0,0.972999999999956
"S3",500,1.5,3,0.3,827,3.92611367567373,3.03929623477376,0.408998474034397,-271.48061859047,0,0.993000000000393
"S3",500,1.5,3,0.3,828,2.96775807191676,3.07890085143671,0.38762635609729,-267.74037698323,0,0.971000000000004
"S3",500,1.5,3,0.3,829,1.02948019660607,2.90754397848191,0.246233263316467,-324.173927595447,0,0.998000000000047
"S3",500,1.5,3,0.3,830,2.13420142941461,3.21297509919006,0.308830257502989,-273.383313898154,0,0.958000000000084
"S3",500,1.5,3,0.3,831,4.87981330427685,2.80655275770157,0.447060504052289,-298.839916981976,0,1.04899999999998
"S3",500,1.5,3,0.3,832,0.923355289611103,3.25058679696478,0.220075816276542,-279.130533560832,0,1.03400000000011
"S3",500,1.5,3,0.3,833,1.86459851509231,3.04778599052775,0.342101541487215,-279.841913570355,0,0.960999999999785
"S3",500,1.5,3,0.3,834,0.672177386006837,3.33149156306806,0.175743980714743,-277.529236580622,0,1.096
"S3",500,1.5,3,0.3,835,3.59078852004368,2.97880801245122,0.401587905068151,-282.292461931787,0,1.11500000000024
"S3",500,1.5,3,0.3,836,0.440753645511478,3.36380970916044,0.126964067528089,-284.665315549513,0,1.01800000000003
"S3",500,1.5,3,0.3,837,2.1894570512895,2.92197307623647,0.363310333896891,-295.319070386372,0,0.971999999999753
"S3",500,1.5,3,0.3,838,0.896884230396558,3.37458751391379,0.201437167573994,-272.717030869643,0,0.965999999999894
"S3",500,1.5,3,0.3,839,0.618499995562479,3.17582436332724,0.166728040747211,-301.903284162371,0,0.958000000000084
"S3",500,1.5,3,0.3,840,9.51158801200528,2.67215425325182,0.555126579488,-290.830918252242,0,1.11900000000014
"S3",500,1.5,3,0.3,841,1.03904832237405,3.14875369105237,0.222842275515516,-301.067463245579,0,0.94399999999996
"S3",500,1.5,3,0.3,842,2.77556395987525,2.73659483801714,0.401629676397939,-316.611049199057,0,1.07700000000023
"S3",500,1.5,3,0.3,843,2.47262975286455,2.85593253344202,0.364207901466148,-310.145237417657,0,0.99599999999964
"S3",500,1.5,3,0.3,844,1.39286229483574,3.08369945372264,0.300372957948088,-279.65153105856,0,1.06899999999996
"S3",500,1.5,3,0.3,845,1.33791340165839,2.9784912070367,0.273972180817182,-310.284327327935,0,0.917999999999665
"S3",500,1.5,3,0.3,846,2.58908775225323,3.00807404039951,0.349361930541573,-292.791424916342,0,0.969000000000051
"S3",500,1.5,3,0.3,847,1.30496872277922,3.11009586771897,0.301537313434025,-270.715650602454,0,0.894000000000233
"S3",500,1.5,3,0.3,848,5.09703857240679,2.81628785533136,0.440674337625364,-300.901321318855,0,1.05099999999993
"S3",500,1.5,3,0.3,849,2.22945618722566,2.92839925358258,0.392359488723226,-282.351547440267,0,0.959000000000287
"S3",500,1.5,3,0.3,850,1.30895700580449,2.98723576602074,0.275937363937647,-307.054681546943,0,0.941000000000258
"S3",500,1.5,3,0.3,851,3.15196560776169,2.76403081887805,0.402961297483211,-314.897157725481,0,0.996000000000095
"S3",500,1.5,3,0.3,852,1.18805171519595,3.1570745836572,0.266523931665106,-278.426209614513,0,0.920999999999822
"S3",500,1.5,3,0.3,853,1.93371515431151,2.79361665051425,0.355360524503843,-315.469318940427,0,1.00499999999965
"S3",500,1.5,3,0.3,854,3.05157605672401,2.98867083931812,0.362394976219506,-294.68982035177,0,0.976000000000113
"S3",500,1.5,3,0.3,855,1.0649032436152,3.04331109362531,0.243688846362871,-305.886862313685,0,0.885000000000218
"S3",500,1.5,3,0.3,856,8.70545476037572,2.85621274487655,0.453210175734005,-295.370352211285,0,1.07200000000012
"S3",500,1.5,3,0.3,857,2.09178257960984,2.92335554832061,0.361714639791273,-293.538916621913,0,0.978000000000065
"S3",500,1.5,3,0.3,858,1.78172937020441,2.90511029654866,0.311058810091034,-315.622008297705,0,0.953000000000429
"S3",500,1.5,3,0.3,859,1.19816716889819,3.11815988535866,0.244496821070064,-300.658902558845,0,0.894000000000233
"S3",500,1.5,3,0.3,860,0.90121711100027,3.09119138899141,0.225974134545626,-297.349751030277,0,0.958999999999833
"S3",500,1.5,3,0.3,861,3.59710772720092,2.8108281793639,0.440038739282825,-294.81334938836,0,0.949000000000069
"S3",500,1.5,3,0.3,862,1.33419050342357,3.11398016923148,0.255766083510108,-300.234955803811,0,0.971000000000004
"S3",500,1.5,3,0.3,863,0.972263877701114,3.04015849704166,0.247102989773597,-293.681344369516,0,0.929000000000087
"S3",500,1.5,3,0.3,864,1.7404336612733,2.90089272919559,0.345994950399602,-296.473461830504,0,0.893000000000029
"S3",500,1.5,3,0.3,865,1.40900946637328,2.80934355350247,0.350523770460594,-299.512071635388,0,0.933999999999742
"S3",500,1.5,3,0.3,866,1.56929806140393,2.88482512937087,0.315473960251828,-311.5935289923,0,0.885999999999967
"S3",500,1.5,3,0.3,867,1.54544729300057,2.99129001923395,0.31667059191452,-293.72148645106,0,0.948999999999614
"S3",500,1.5,3,0.3,868,2.018704366545,2.90886860832921,0.357613004818897,-297.976307621329,0,0.91399999999976
"S3",500,1.5,3,0.3,869,3.46494027303564,2.94131084862348,0.450395089960267,-268.164841614837,0,0.976999999999862
"S3",500,1.5,3,0.3,870,1.17220626075315,3.04761743610484,0.250500574773122,-305.621106804171,0,0.923999999999978
"S3",500,1.5,3,0.3,871,1.05385321056831,3.25661244416563,0.245777697218461,-271.238837770033,0,0.961999999999989
"S3",500,1.5,3,0.3,872,3.75278770146203,2.8846255197417,0.441058240743084,-280.968448281774,0,1.05999999999995
"S3",500,1.5,3,0.3,873,1.27161414519878,3.21661831922979,0.231978587092941,-297.490589963966,0,0.911000000000058
"S3",500,1.5,3,0.3,874,0.787035866081954,3.1486330906557,0.206305331930079,-293.333269032221,0,0.955999999999676
"S3",500,1.5,3,0.3,875,1.21762828245129,3.04569108887532,0.262283208464697,-302.426402907594,0,0.989999999999782
"S3",500,1.5,3,0.3,876,0.974952813111514,3.07445513779288,0.248000328800745,-291.692262892183,0,0.907999999999902
"S3",500,1.5,3,0.3,877,1.29739489470718,2.87437350953581,0.258867922887316,-337.24280802585,0,0.928999999999633
"S3",500,1.5,3,0.3,878,5.21698742627178,2.74920566130822,0.443914602749118,-311.028001683721,0,1.0920000000001
"S3",500,1.5,3,0.3,879,1.48845713938806,3.06599638391625,0.301546068227335,-285.223217947405,0,0.916000000000167
"S3",500,1.5,3,0.3,880,1.77728901866846,3.06921708917385,0.324034018783754,-281.101495693522,0,0.942000000000007
"S3",500,1.5,3,0.3,881,0.919344795303816,3.1403238398466,0.249125358249833,-275.002773602384,0,0.992999999999938
"S3",500,1.5,3,0.3,882,2.55125158805322,2.81315414652272,0.407301689106699,-297.530881053163,0,0.972000000000207
"S3",500,1.5,3,0.3,883,1.67410264659676,3.08443930858134,0.309125490184322,-284.37055329349,0,0.925999999999931
"S3",500,1.5,3,0.3,884,7.63963276807295,2.76358699273876,0.504344572437856,-290.614205819464,0,1.07600000000002
"S3",500,1.5,3,0.3,885,2.01378126131942,2.9054639097915,0.346264055740008,-303.090585749869,0,0.929999999999836
"S3",500,1.5,3,0.3,886,1.42126806863853,3.02793419261151,0.273130792045145,-305.691781965765,0,0.960000000000036
"S3",500,1.5,3,0.3,887,0.725205537309409,3.1490175354794,0.201928017127756,-287.997461340123,0,1.04199999999992
"S3",500,1.5,3,0.3,888,0.868037028254165,3.15182790889616,0.237457732679498,-278.112181295304,0,1.00099999999975
"S3",500,1.5,3,0.3,889,1.33234832035369,2.84163134694541,0.309453081350905,-312.682608301189,0,0.911999999999807
"S3",500,1.5,3,0.3,890,1.18886032148619,2.9311499070148,0.243168484853179,-332.174695534071,0,0.888999999999669
"S3",500,1.5,3,0.3,891,2.25260215683787,2.84676780298724,0.378338395664314,-301.424229492724,0,0.954000000000178
"S3",500,1.5,3,0.3,892,0.57504466845681,3.26112264478334,0.173722988933996,-277.990770664999,0,0.938999999999851
"S3",500,1.5,3,0.3,893,0.624922494589359,3.16415587100864,0.189417425212272,-286.161667042395,0,0.961999999999989
"S3",500,1.5,3,0.3,894,0.795463197413678,2.95301274410897,0.230868528341394,-306.705855306128,0,0.948999999999614
"S3",500,1.5,3,0.3,895,2.24250896592733,2.88015239023664,0.401880691544729,-286.764839100006,0,0.952999999999975
"S3",500,1.5,3,0.3,896,1.59707551147261,2.88326564379038,0.307866908000794,-317.051516230005,0,0.930999999999585
"S3",500,1.5,3,0.3,897,0.973808240038284,3.1914802017523,0.222031771390223,-290.831864173283,0,0.916000000000167
"S3",500,1.5,3,0.3,898,0.893869321047791,3.11240045609144,0.220605112623738,-299.781595913602,0,0.961999999999989
"S3",500,1.5,3,0.3,899,1.36315884066419,2.9532971480297,0.278786978022478,-312.55652383412,0,0.915999999999713
"S3",500,1.5,3,0.3,900,2.12075223490519,2.88409590953437,0.347628178034257,-308.85954621612,0,0.98700000000008
"S3",500,1.5,3,0.3,901,0.632469703312353,3.00601374585905,0.200816350694278,-301.146099987999,0,0.962999999999738
"S3",500,1.5,3,0.3,902,0.44109442947067,3.31350477821464,0.134556875231926,-282.560589740353,0,1.00199999999995
"S3",500,1.5,3,0.3,903,0.996845925255003,3.12111508052309,0.244977981855394,-288.382833618485,0,0.98299999999972
"S3",500,1.5,3,0.3,904,0.83989952286433,3.20061498367869,0.20377393965333,-292.623550426505,0,0.95699999999988
"S3",500,1.5,3,0.3,905,1.59845166195441,2.9250022105119,0.334368742431462,-292.011284143097,0,0.934999999999945
"S3",500,1.5,3,0.3,906,2.02123872287824,3.06873232015038,0.309617711490802,-294.833616032241,0,0.914999999999964
"S3",500,1.5,3,0.3,907,1.04961550786384,3.16326856200434,0.238719639681845,-288.917784391814,0,0.910000000000309
"S3",500,1.5,3,0.3,908,0.982022449220288,2.94504816776908,0.259263134173695,-304.882577590987,0,0.943000000000211
"S3",500,1.5,3,0.3,909,1.68531081606868,3.11749237394587,0.306834003757775,-281.261586358535,0,0.97400000000016
"S3",500,1.5,3,0.3,910,3.0327989389277,2.84618293682963,0.421278011847097,-293.962199260045,0,0.924000000000433
"S3",500,1.5,3,0.3,911,1.18036254271591,3.13718824506558,0.268070173965083,-280.456633110214,0,0.906999999999698
"S3",500,1.5,3,0.3,912,0.726095723746442,3.27648714361657,0.179294409989015,-288.864242771335,0,0.971000000000004
"S3",500,1.5,3,0.3,913,83.6878559602628,2.55917270125963,0.575561371676382,-310.495204667206,0,1.62400000000025
"S3",500,1.5,3,0.3,914,2.11800153450566,2.69858494771862,0.362707232753497,-331.727715068999,0,0.986000000000331
"S3",500,1.5,3,0.3,915,0.856768882299869,3.11607780383723,0.206119380206173,-305.047043601596,0,0.947000000000116
"S3",500,1.5,3,0.3,916,2.0000715567882,2.9061083070387,0.367034172766675,-292.23427340134,0,0.98700000000008
"S3",500,1.5,3,0.3,917,0.869884565582108,3.30752361364949,0.210040287796572,-273.207785078687,0,1.01400000000012
"S3",500,1.5,3,0.3,918,0.720089754309079,3.30761948106233,0.182762833986522,-281.769734254945,0,0.978000000000065
"S3",500,1.5,3,0.3,919,1.93070768486664,2.84243039022835,0.365334327942427,-302.536324118468,0,0.914999999999964
"S3",500,1.5,3,0.3,920,1.69332423380992,2.93129438408634,0.344879008019757,-291.082759764046,0,0.894999999999982
"S3",500,1.5,3,0.3,921,1.10564378868515,3.11241239032634,0.240862901450125,-298.146347214472,0,0.958999999999833
"S3",500,1.5,3,0.3,922,0.99339205299923,3.1005886085215,0.249361425420434,-289.256125472367,0,0.940000000000055
"S3",500,1.5,3,0.3,923,9999.23256194822,2.49497379274171,0.607818998025456,-313.662447510389,0,2.03699999999981
"S3",500,1.5,3,0.3,924,1.35489767517901,3.04002497603219,0.29910849935186,-286.764157487878,0,0.896999999999935
"S3",500,1.5,3,0.3,925,1.63144401976524,2.89146889729114,0.304362737197131,-318.159792781425,0,0.972000000000207
"S3",500,1.5,3,0.3,926,0.632637271715121,3.30692616198429,0.157130721738785,-294.664424988178,0,1.04999999999973
"S3",500,1.5,3,0.3,927,1.62523908787213,2.98314580211429,0.316179303530882,-295.020497601356,0,0.95699999999988
"S3",500,1.5,3,0.3,928,0.912786152671527,3.0061209240282,0.238533886737501,-304.445242187758,0,0.947999999999865
"S3",500,1.5,3,0.3,929,11.296833376776,2.61051043818851,0.520458211118256,-315.716339127014,0,1.23000000000002
"S3",500,1.5,3,0.3,930,0.421338846706358,3.5077749049128,0.119789668454763,-265.967110386293,0,1.00099999999975
"S3",500,1.5,3,0.3,931,1.13055227535301,3.11910106590148,0.252336586398119,-292.448749726141,0,0.969000000000051
"S3",500,1.5,3,0.3,932,0.654974161869801,3.19876242311357,0.173281016372696,-298.010878331129,0,1.01800000000003
"S3",500,1.5,3,0.3,933,0.776995884270543,3.36519299312664,0.189060720173175,-272.186837517728,0,0.951999999999771
"S3",500,1.5,3,0.3,934,2.47509857166165,3.05007764971529,0.35855426070414,-279.781285174028,0,0.976000000000113
"S3",500,1.5,3,0.3,935,1.83636066762764,2.94258499510869,0.340995674960781,-296.850690179492,0,0.972000000000207
"S3",500,1.5,3,0.3,936,1.13129326329039,2.91636465273756,0.262257081538757,-317.924375289652,0,1.01999999999998
"S3",500,1.5,3,0.3,937,1.27375293297242,3.08942448152918,0.279482107298372,-287.480087977336,0,0.992999999999938
"S3",500,1.5,3,0.3,938,1.55396023770199,2.99516054447795,0.325377139779752,-286.803252831695,0,0.935999999999694
"S3",500,1.5,3,0.3,939,0.94624811370691,3.0108581107712,0.233751091262973,-309.908716245995,0,0.981999999999971
"S3",500,1.5,3,0.3,940,1.20891711934002,3.10157307129753,0.297281166724767,-272.008513270933,0,0.920000000000073
"S3",500,1.5,3,0.3,941,6.63192263825427,2.63281536436233,0.462396219564095,-329.288401029534,0,1.11700000000019
"S3",500,1.5,3,0.3,942,22.225169862482,2.72804766045598,0.560850661738123,-282.941373759598,0,1.49099999999999
"S3",500,1.5,3,0.3,943,1.29183693759225,3.10079122104393,0.271801669857366,-290.314333575559,0,1.01299999999992
"S3",500,1.5,3,0.3,944,0.981982248267421,3.19825827960281,0.234747004511684,-282.130612255466,0,1.03699999999981
"S3",500,1.5,3,0.3,945,0.763988241307067,3.0840099176857,0.189638035972724,-318.183730614958,0,0.954999999999927
"S3",500,1.5,3,0.3,946,2.26215489555196,2.90545954486186,0.37146064804908,-293.32862900261,0,1.00099999999975
"S3",500,1.5,3,0.3,947,1.28584143803809,3.15145734397595,0.276469465169115,-277.297426476949,0,1.04500000000007
"S3",500,1.5,3,0.3,948,1.1256592595253,3.0611996049272,0.224652480078043,-320.843247154682,0,0.947000000000116
"S3",500,1.5,3,0.3,949,2.59295121611133,2.65993785666741,0.409911421275484,-324.384006820925,0,1.01000000000022
"S3",500,1.5,3,0.3,950,1.57376997537418,3.02975417741192,0.328842995785649,-280.655353090437,0,0.945999999999913
"S3",500,1.5,3,0.3,951,3.42036216013994,2.73653805190503,0.418089958069598,-316.384043474556,0,1.01400000000012
"S3",500,1.5,3,0.3,952,1.08728830819604,3.10851703368119,0.279215215914252,-275.484608626046,0,1.01400000000012
"S3",500,1.5,3,0.3,953,2.11955674212934,2.94591038593748,0.352457213691031,-294.257541179949,0,0.962999999999738
"S3",500,1.5,3,0.3,954,1.41490315124476,2.9934309298262,0.317326484257933,-287.26725093483,0,1.06200000000035
"S3",500,1.5,3,0.3,955,6.29581845406473,2.66222468144856,0.521281939225283,-301.455469066487,0,1.06700000000001
"S3",500,1.5,3,0.3,956,1.33146069039786,3.0293522138138,0.256742543441953,-313.346253176774,0,1.0029999999997
"S3",500,1.5,3,0.3,957,0.445147389545059,3.3771115635076,0.121701615841288,-288.249011620592,0,0.9699999999998
"S3",500,1.5,3,0.3,958,1.1087480431806,3.09190349442634,0.246407837490842,-297.897332923129,0,0.940000000000055
"S3",500,1.5,3,0.3,959,0.760628213130506,3.42362749546868,0.201825807539869,-253.515065952001,0,0.954000000000178
"S3",500,1.5,3,0.3,960,1.46626249656614,3.09354736833345,0.327611669713672,-264.734465968466,0,0.986999999999625
"S3",500,1.5,3,0.3,961,0.756426438381646,3.39589739368502,0.20651294948299,-254.891195159947,0,0.922999999999774
"S3",500,1.5,3,0.3,962,2.37372859555292,2.85686604093535,0.374946650150663,-303.92386468032,0,0.943000000000211
"S3",500,1.5,3,0.3,963,2.77960338527733,2.91644439715792,0.350663523310243,-310.083709882246,0,1.06100000000015
"S3",500,1.5,3,0.3,964,5.66326184743662,2.76975240797122,0.509457699533142,-284.372032440328,0,1.05300000000034
"S3",500,1.5,3,0.3,965,1.09264765868866,3.09622101454397,0.225630084226431,-312.564568331621,0,0.936999999999898
"S3",500,1.5,3,0.3,966,1.3760197930195,3.16563398638381,0.269026319423712,-285.07743622075,0,0.934999999999945
"S3",500,1.5,3,0.3,967,44.4614526905037,2.59325611220942,0.566635694015132,-308.63883571029,0,1.48499999999967
"S3",500,1.5,3,0.3,968,0.92518995092391,3.06215877151417,0.21711834624447,-309.634429113648,0,0.936000000000149
"S3",500,1.5,3,0.3,969,24.6121521938476,2.68530950147041,0.52841208410815,-302.39294181324,0,1.36299999999983
"S3",500,1.5,3,0.3,970,6.32111779908203,2.91202134948481,0.469753978744764,-274.463479357594,0,1.15100000000029
"S3",500,1.5,3,0.3,971,0.474904700497653,3.28658142035283,0.149531888857447,-280.148870353181,0,1.05799999999999
"S3",500,1.5,3,0.3,972,1.98075543372035,2.88406887664669,0.368018275172771,-294.942292789315,0,0.902000000000044
"S3",500,1.5,3,0.3,973,1.38282221939102,2.97004568732974,0.277072066272528,-311.386480781458,0,0.91399999999976
"S3",500,1.5,3,0.3,974,0.659963374428953,3.37122314205523,0.152574245643884,-292.330528942457,0,0.942000000000007
"S3",500,1.5,3,0.3,975,2.63363447015842,2.92748865041445,0.342584509596613,-308.950488642287,0,0.9699999999998
"S3",500,1.5,3,0.3,976,2.36107929155386,2.7166720381353,0.423870441651136,-305.8400002559,0,1.01099999999997
"S3",500,1.5,3,0.3,977,0.643178835563753,3.13380016972446,0.195270147604725,-286.842596167255,0,0.963000000000193
"S3",500,1.5,3,0.3,978,1.34828464293217,3.07587543523346,0.290497550700413,-286.827887283895,0,0.929999999999836
"S3",500,1.5,3,0.3,979,1.58203436327455,2.77736037077387,0.360365268460183,-306.704833154727,0,1.03300000000036
"S3",500,1.5,3,0.3,980,9999.85182706868,2.65223964319597,0.593842331951148,-290.186130731266,0,1.95900000000029
"S3",500,1.5,3,0.3,981,1.36669642525812,3.05940423577536,0.297139631264089,-284.671554194957,0,0.93100000000004
"S3",500,1.5,3,0.3,982,19.5803247250471,2.80064818095667,0.505864384827028,-290.795631007672,0,1.24399999999969
"S3",500,1.5,3,0.3,983,0.791826490473531,3.30007585115008,0.201027985896755,-275.599622651168,0,1.0329999999999
"S3",500,1.5,3,0.3,984,1.19463321224118,3.14791527352412,0.257043523728206,-285.536036670377,0,1.00799999999981
"S3",500,1.5,3,0.3,985,0.754301321845341,2.94050486246688,0.207814045448773,-322.194859368876,0,0.962999999999738
"S3",500,1.5,3,0.3,986,1.46335422411659,3.00812104155323,0.305559348047971,-291.504178247988,0,0.938999999999851
"S3",500,1.5,3,0.3,987,1.27418044391561,2.84080868088443,0.29251872583665,-318.503948968835,0,0.942000000000007
"S3",500,1.5,3,0.3,988,3.79037546269073,2.77083004072906,0.414468444082991,-313.582706109312,0,1.02099999999973
"S3",500,1.5,3,0.3,989,1.40935266571536,2.87283391243043,0.300712100064369,-315.006048911818,0,1.01600000000008
"S3",500,1.5,3,0.3,990,1.02580279727069,3.09953865084903,0.239424120771584,-296.573893705418,0,1.00900000000001
"S3",500,1.5,3,0.3,991,2.21880949104318,2.80339330133375,0.371314541397527,-312.002865038362,0,0.934999999999945
"S3",500,1.5,3,0.3,992,0.578930229859378,3.17053177154304,0.182208063679355,-284.014161645602,0,0.967000000000098
"S3",500,1.5,3,0.3,993,1.09688518666556,3.07521925576195,0.251041501976136,-298.165958985159,0,0.947999999999865
"S3",500,1.5,3,0.3,994,1.60682620194412,2.9505463629928,0.309657548094079,-305.484758940801,0,0.905999999999949
"S3",500,1.5,3,0.3,995,2.11976478243676,2.94950047403872,0.346508178542083,-295.343396436752,0,0.923999999999978
"S3",500,1.5,3,0.3,996,1.45128884287226,3.11577401727787,0.296731169320546,-279.862971033327,0,0.893999999999778
"S3",500,1.5,3,0.3,997,7.87462567411155,2.76498315508357,0.516263295637525,-285.70535440923,0,1.125
"S3",500,1.5,3,0.3,998,1.58355036973743,2.98748786868715,0.351487390118724,-276.999326396661,0,0.999000000000251
"S3",500,1.5,3,0.3,999,0.796460632611935,3.23971432907411,0.22769877633231,-267.716356945923,0,0.920000000000073
"S3",500,1.5,3,0.3,1000,0.789308122918123,3.3721224839274,0.212669812183265,-257.687549581222,0,0.884999999999764
