"scenario","n","alpha_true","beta_true","lambda_true","replication","alpha_hat","beta_hat","lambda_hat","logLik","convergence","seconds"
"S3",100,1.5,3,0.3,1,2.49007509268505,2.89325738381359,0.397439435514385,-58.2600879685666,0,0.459000000000287
"S3",100,1.5,3,0.3,2,3.0046359264527,3.11420669077683,0.336460818682336,-57.1782841911033,0,0.47400000000016
"S3",100,1.5,3,0.3,3,0.341647324921574,4.01487729263506,0.0751374871946028,-48.370494822002,0,0.572000000000116
"S3",100,1.5,3,0.3,4,0.215595625945075,3.37619332390175,0.0622744534696795,-62.6720633517825,0,0.590000000000146
"S3",100,1.5,3,0.3,5,4.57951738080916,3.08924356729529,0.400692685813652,-54.0516380346176,0,0.57300000000032
"S3",100,1.5,3,0.3,6,9999.98390420712,2.19869333272449,0.682330447364352,-70.605932145229,0,0.86200000000008
"S3",100,1.5,3,0.3,7,27.6711702207852,2.64642925209552,0.555650119426582,-60.6908160986424,0,0.606000000000222
"S3",100,1.5,3,0.3,8,10.1972703651782,2.9826743111007,0.463677320260706,-54.3153025772385,0,0.606999999999971
"S3",100,1.5,3,0.3,9,4.73914342947098,2.93200215135821,0.444509014036081,-55.6266310227477,0,0.452999999999975
"S3",100,1.5,3,0.3,10,0.591662690832651,3.27067578842758,0.191649198951695,-52.6353221276041,0,0.438000000000102
"S3",100,1.5,3,0.3,11,9999.9761487426,2.65441881358204,0.725289062999921,-51.0500084049408,0,0.811999999999898
"S3",100,1.5,3,0.3,12,0.878388655555136,3.18187178779816,0.240894209336134,-54.3511226572684,0,0.469000000000051
"S3",100,1.5,3,0.3,13,1.46139923372131,3.21223430056372,0.271514016589765,-55.3466232461782,0,0.484999999999673
"S3",100,1.5,3,0.3,14,1.80854258624949,2.70546355995308,0.37785831083244,-62.7823117176076,0,0.505999999999858
"S3",100,1.5,3,0.3,15,0.3970226068081,3.17485493405086,0.134375945764683,-58.850141746057,0,0.512000000000171
"S3",100,1.5,3,0.3,16,1.09648946505797,2.77511845192198,0.288504895327638,-65.2178027205461,0,0.489000000000033
"S3",100,1.5,3,0.3,17,1.0954656987883,3.18044945513816,0.232258976413883,-58.8533655693186,0,0.484999999999673
"S3",100,1.5,3,0.3,18,9999.98441960677,2.3506221561251,0.793374836317487,-57.2279253877022,0,1.08500000000004
"S3",100,1.5,3,0.3,19,1.83278324822597,2.67379495190305,0.316437791828424,-70.8362507365391,0,0.478999999999814
"S3",100,1.5,3,0.3,20,0.435540412894603,3.68024456282553,0.142075529949006,-44.1998950277248,0,0.589999999999691
"S3",100,1.5,3,0.3,21,0.406663711838388,3.29538429391924,0.111878962285226,-61.3797879215781,0,0.536000000000058
"S3",100,1.5,3,0.3,22,9999.82627808415,2.40894797921495,0.771288875795461,-57.1111738097385,0,0.949000000000069
"S3",100,1.5,3,0.3,23,2.22084446256639,2.73754111726407,0.317204448777135,-70.3387293246626,0,0.481999999999971
"S3",100,1.5,3,0.3,24,1.8028336198804,3.13311594974887,0.353459734342726,-51.1486176822161,0,0.526000000000295
"S3",100,1.5,3,0.3,25,0.434872724004068,3.57516299207839,0.14414890153946,-47.0317224554786,0,0.463000000000193
"S3",100,1.5,3,0.3,26,0.526440544240209,3.77198179037415,0.147903482463866,-44.2883921567008,0,0.499000000000251
"S3",100,1.5,3,0.3,27,9999.56104969504,2.57367848242956,0.61094971139814,-60.6326350519959,0,0.804000000000087
"S3",100,1.5,3,0.3,28,1.67886758401524,2.84991545797686,0.289757367391519,-67.4118798224739,0,0.427999999999884
"S3",100,1.5,3,0.3,29,18.4006658535927,2.38730980549724,0.59856551617059,-66.676999250293,0,0.735999999999876
"S3",100,1.5,3,0.3,30,0.386696234092735,3.05508165965551,0.152770096991039,-57.5471673709681,0,0.492999999999938
"S3",100,1.5,3,0.3,31,1.54206392123797,2.6289675986285,0.344993584221334,-67.9006845515422,0,0.473999999999705
"S3",100,1.5,3,0.3,32,1.21606295290672,2.92560197570302,0.264045017017799,-63.9302298468335,0,0.483999999999924
"S3",100,1.5,3,0.3,33,1.28164166664986,2.7491237328456,0.343464767099618,-61.9354996690033,0,0.465000000000146
"S3",100,1.5,3,0.3,34,0.261754465388236,3.52283676136196,0.0735390964057625,-56.9507728554048,0,0.518999999999778
"S3",100,1.5,3,0.3,35,1.64422122247154,3.13508285067921,0.293440237767927,-56.7495977331837,0,0.446999999999662
"S3",100,1.5,3,0.3,36,1.12283726066643,3.01231276330901,0.253864963501271,-61.5956898002872,0,0.510000000000218
"S3",100,1.5,3,0.3,37,0.805214370400938,3.13864509903614,0.216175745171181,-57.9288990853077,0,0.465999999999894
"S3",100,1.5,3,0.3,38,0.843697579443678,3.57040869520814,0.269126065218529,-39.3280824245198,0,0.494000000000142
"S3",100,1.5,3,0.3,39,2.18565930994533,2.58093661154404,0.526772503919762,-56.6712668900151,0,0.472000000000207
"S3",100,1.5,3,0.3,40,6.91445375346064,2.61244369458823,0.458749302386296,-66.8300879820057,0,0.543999999999869
"S3",100,1.5,3,0.3,41,0.536644216966174,3.26355058724922,0.151329335681429,-57.3300948368129,0,0.510999999999967
"S3",100,1.5,3,0.3,42,1.11514195202986,2.47733999504807,0.350397238699865,-67.9548930595118,0,0.422999999999774
"S3",100,1.5,3,0.3,43,9999.95496192263,2.38263213036208,0.570349868463719,-71.8586085697577,0,0.804999999999836
"S3",100,1.5,3,0.3,44,1.18642145238416,3.06556450751666,0.291023297938767,-55.7101428151313,0,0.484999999999673
"S3",100,1.5,3,0.3,45,4.81042779103661,2.64556993805673,0.422658563546131,-67.2537049673949,0,0.561000000000149
"S3",100,1.5,3,0.3,46,9999.49191952286,2.42358723443728,0.756699551738888,-56.9896207340845,0,1.15000000000009
"S3",100,1.5,3,0.3,47,8.90847163666752,2.41220875891506,0.557067327281592,-67.602802218341,0,0.563999999999851
"S3",100,1.5,3,0.3,48,1.93434311943967,2.74988897341384,0.354905689510272,-64.9634078177076,0,0.44399999999996
"S3",100,1.5,3,0.3,49,9999.95964917196,2.68254093956762,0.4513203085327,-68.4121342897709,0,0.836999999999989
"S3",100,1.5,3,0.3,50,9999.58456355924,2.54075988322055,0.527699659236184,-66.0678253406609,0,1.07700000000023
"S3",100,1.5,3,0.3,51,5.94377340718687,3.36757775346029,0.433035768779817,-43.1610220847833,0,0.538000000000011
"S3",100,1.5,3,0.3,52,12.2992676255581,2.61402919114655,0.517459424166625,-63.674476790281,0,0.605999999999767
"S3",100,1.5,3,0.3,53,0.732942124361619,3.20412905459993,0.227788604794269,-52.5053834588177,0,0.492999999999938
"S3",100,1.5,3,0.3,54,9.23322555395893,2.70365717773199,0.548116571823592,-57.8335042983742,0,0.606000000000222
"S3",100,1.5,3,0.3,55,1.03867863349603,2.86431497392024,0.258846581963956,-64.8362306292976,0,0.524000000000342
"S3",100,1.5,3,0.3,56,0.84596855880039,2.79776672097134,0.194979051643476,-73.9152399477441,0,0.490000000000236
"S3",100,1.5,3,0.3,57,9999.96673678282,2.73732262581348,0.587382585845391,-56.4649132577383,0,0.91800000000012
"S3",100,1.5,3,0.3,58,5.10684310620243,3.01552258291304,0.421527407841454,-54.7685831200696,0,0.5
"S3",100,1.5,3,0.3,59,0.644500226637132,3.77761710919832,0.144403319742039,-46.9087592790109,0,0.478000000000065
"S3",100,1.5,3,0.3,60,0.412163769345065,3.35734074642,0.131986183033395,-54.8327174781486,0,0.492999999999938
"S3",100,1.5,3,0.3,61,3.52461787938405,2.8641711150228,0.390773938140433,-60.9906964518384,0,0.502999999999702
"S3",100,1.5,3,0.3,62,2.47389403517252,3.42789943402988,0.329857810426147,-46.8892918590314,0,0.48299999999972
"S3",100,1.5,3,0.3,63,1.27815542573831,3.16939081527986,0.277687031466884,-54.5019427646942,0,0.469000000000051
"S3",100,1.5,3,0.3,64,0.701275411792678,3.17995801524015,0.187740522526212,-58.9562452727364,0,0.498000000000047
"S3",100,1.5,3,0.3,65,1.09743647607128,3.64380508073681,0.216876895309767,-47.0358571118817,0,0.478000000000065
"S3",100,1.5,3,0.3,66,1.22840573451863,3.38584112043195,0.248971585900045,-51.6689492135315,0,0.471000000000004
"S3",100,1.5,3,0.3,67,0.715519743607858,3.58963269373035,0.177123310778762,-48.4981627191743,0,0.484999999999673
"S3",100,1.5,3,0.3,68,0.466317701617882,3.24460786064163,0.144601752219883,-57.7008663123489,0,0.514999999999873
"S3",100,1.5,3,0.3,69,1.57418919066801,3.22231279861398,0.300624946283294,-52.9968769117465,0,0.545000000000073
"S3",100,1.5,3,0.3,70,5.95374125181699,2.60514401786024,0.590644853334701,-57.5806522905788,0,0.549999999999727
"S3",100,1.5,3,0.3,71,6.08042934908235,2.58329891237526,0.520934803813221,-63.0401559165916,0,0.496000000000095
"S3",100,1.5,3,0.3,72,9999.9860326668,2.67520582899875,0.622659399664346,-56.4526790955486,0,0.861000000000331
"S3",100,1.5,3,0.3,73,0.743094863346513,2.94564896559166,0.1969911756446,-65.9926439876355,0,0.52599999999984
"S3",100,1.5,3,0.3,74,0.984439841964071,3.16967269823643,0.296172895684202,-49.5958622541345,0,0.481999999999971
"S3",100,1.5,3,0.3,75,6.50325354080021,2.67775451020518,0.592256450218384,-55.0935224291274,0,0.536000000000058
"S3",100,1.5,3,0.3,76,2.32074384765511,2.80848778083257,0.379260111613268,-62.2680186662694,0,0.459999999999582
"S3",100,1.5,3,0.3,77,9999.77686280899,2.7033430174995,0.579300217464805,-57.5950502630088,0,0.94399999999996
"S3",100,1.5,3,0.3,78,9999.9416702249,2.8912891093668,0.473284725174632,-58.4980158493813,0,0.853999999999814
"S3",100,1.5,3,0.3,79,0.783214003905651,3.38659266725673,0.192661172765099,-53.5465150635112,0,0.461999999999989
"S3",100,1.5,3,0.3,80,4.01894945275288,2.9728337124791,0.365569824996341,-60.3514730376239,0,0.514000000000124
"S3",100,1.5,3,0.3,81,1.91534185519867,2.69944119867155,0.360669052709689,-65.9278286072527,0,0.47400000000016
"S3",100,1.5,3,0.3,82,0.392729207907843,3.27546024958162,0.108672569934973,-61.4346722449178,0,0.526999999999589
"S3",100,1.5,3,0.3,83,9999.99629249699,2.52433620233065,0.722717658715345,-55.6185030366687,0,0.882999999999811
"S3",100,1.5,3,0.3,84,9999.70608753387,2.54689209847306,0.652437550396288,-58.6632569284004,0,0.949999999999818
"S3",100,1.5,3,0.3,85,0.57324386513465,3.08099740785383,0.181114474304479,-59.1283053244934,0,0.498999999999796
"S3",100,1.5,3,0.3,86,0.973864326621924,2.82500570453472,0.269130231915825,-63.369421684734,0,0.514999999999873
"S3",100,1.5,3,0.3,87,9999.80090212708,2.49251964477846,0.596751855756411,-63.8064010380678,0,0.93100000000004
"S3",100,1.5,3,0.3,88,0.232308722576892,3.23638872582246,0.0827038007513725,-59.1367065757126,0,0.525000000000091
"S3",100,1.5,3,0.3,89,2.47556409208544,2.46617696899174,0.398923060663309,-73.0077561718961,0,0.454999999999927
"S3",100,1.5,3,0.3,90,0.451963941801253,3.08457320711956,0.126787384149999,-66.4406785679077,0,0.483000000000175
"S3",100,1.5,3,0.3,91,1.49786884577654,2.76184038504866,0.327747344974112,-64.3356202763494,0,0.479000000000269
"S3",100,1.5,3,0.3,92,1.03075791062582,3.52712203171302,0.235654097830962,-46.6029444017056,0,0.461999999999989
"S3",100,1.5,3,0.3,93,0.600632235332451,3.38375004950404,0.172451683834906,-52.4510059756899,0,0.543999999999869
"S3",100,1.5,3,0.3,94,0.650596196164194,2.93068365682954,0.209069154706425,-61.9100715033577,0,0.508000000000266
"S3",100,1.5,3,0.3,95,0.625952846714563,3.2259741824215,0.158918090054779,-60.3333247494169,0,0.483999999999924
"S3",100,1.5,3,0.3,96,0.288764267003813,3.61932425595152,0.0719926971427686,-56.9606733722806,0,0.528000000000247
"S3",100,1.5,3,0.3,97,0.600893325545331,3.54161270250819,0.144727380756896,-53.2090885055972,0,0.488000000000284
"S3",100,1.5,3,0.3,98,9999.85774866111,2.91914290699938,0.504493308016269,-55.1787759839915,0,0.858000000000175
"S3",100,1.5,3,0.3,99,0.305095457637363,3.61883571564689,0.0853449376765499,-52.3932871799446,0,0.492999999999938
"S3",100,1.5,3,0.3,100,0.680074716842995,3.67451883123748,0.138898777120162,-51.6689306902857,0,0.478999999999814
"S3",100,1.5,3,0.3,101,1.47273126907731,3.19705379135297,0.30240346913953,-52.5163226243673,0,0.471000000000004
"S3",100,1.5,3,0.3,102,3.54059956744682,2.50462540741725,0.555117985247024,-60.9919595380348,0,0.476000000000113
"S3",100,1.5,3,0.3,103,6.4323519422341,2.85938090578056,0.476600349819014,-56.7932804787696,0,0.544000000000324
"S3",100,1.5,3,0.3,104,1.92248621638529,2.9860491498496,0.282079788235053,-64.3995942711971,0,0.541000000000167
"S3",100,1.5,3,0.3,105,1.79481777610352,3.301385563177,0.313099614568121,-50.8108580961783,0,0.478000000000065
"S3",100,1.5,3,0.3,106,3.64440878832941,2.69833938878148,0.479542841455304,-60.0560511442508,0,0.465999999999894
"S3",100,1.5,3,0.3,107,9999.9403874619,2.64144782140875,0.537124437750866,-62.977202289627,0,0.882000000000062
"S3",100,1.5,3,0.3,108,2.47178272609878,3.0665815877109,0.351345911396387,-56.5533577915322,0,0.467000000000098
"S3",100,1.5,3,0.3,109,0.482307409160563,3.39437153688832,0.15463516133844,-52.5879181861866,0,0.51700000000028
"S3",100,1.5,3,0.3,110,4.21654837371969,2.86918322438207,0.351351803512364,-65.2896684687021,0,0.501999999999953
"S3",100,1.5,3,0.3,111,2.30046830080366,3.03855812098784,0.41991625049021,-51.2513802210435,0,0.483000000000175
"S3",100,1.5,3,0.3,112,8.39258458329581,2.65428113819134,0.5087987885246,-62.4491042107073,0,0.532000000000153
"S3",100,1.5,3,0.3,113,1.0986595571503,3.28743232565574,0.256790425546573,-52.6536124738546,0,0.46100000000024
"S3",100,1.5,3,0.3,114,2.33957273320144,2.8021505207382,0.467153854700627,-54.7337503685424,0,0.473000000000411
"S3",100,1.5,3,0.3,115,38.5788538078236,2.58274019497352,0.528164389776462,-65.2016780753957,0,0.695000000000164
"S3",100,1.5,3,0.3,116,9999.97258847579,2.79819308154769,0.554662359611505,-55.4946619475905,0,0.971000000000004
"S3",100,1.5,3,0.3,117,1.74446329101717,2.81071427504873,0.330790869951161,-64.3800151296819,0,0.485000000000127
"S3",100,1.5,3,0.3,118,0.560643860262635,3.39835651703798,0.182037331851015,-50.1971249464345,0,0.507000000000062
"S3",100,1.5,3,0.3,119,0.443517980189973,3.66251999088223,0.125045270518633,-48.0645189715743,0,0.514000000000124
"S3",100,1.5,3,0.3,120,2.40097743861891,2.84805177492689,0.383261680498393,-60.4007719982339,0,0.471999999999753
"S3",100,1.5,3,0.3,121,9999.97822730883,2.61395593463558,0.624790770485306,-58.012589268398,0,0.980000000000018
"S3",100,1.5,3,0.3,122,3.27251327231108,2.85555404546931,0.38316068769507,-61.7415660150739,0,0.523000000000138
"S3",100,1.5,3,0.3,123,2.14020123897643,2.77031582026922,0.341930344692732,-65.8875348069072,0,0.471000000000004
"S3",100,1.5,3,0.3,124,0.527779582063367,3.13444173547307,0.15116319637036,-62.0761863185061,0,0.446999999999662
"S3",100,1.5,3,0.3,125,1.82571767291526,3.25826345497379,0.321137260983234,-51.8826661934282,0,0.489000000000033
"S3",100,1.5,3,0.3,126,2.48721772533174,2.73059685208785,0.330767634453437,-70.5553350048997,0,0.505000000000109
"S3",100,1.5,3,0.3,127,0.249121107969796,3.24480637573068,0.0977255734002726,-56.8774118384089,0,0.562999999999647
"S3",100,1.5,3,0.3,128,0.862438485701614,3.57761891393849,0.21767931522864,-46.7258042842712,0,0.559999999999945
"S3",100,1.5,3,0.3,129,1.37564852556226,3.07274877621737,0.271696034035198,-59.543141111489,0,0.49599999999964
"S3",100,1.5,3,0.3,130,3.66726151458082,2.86288589908139,0.36845155543936,-63.8635335036262,0,0.552000000000135
"S3",100,1.5,3,0.3,131,0.742351799781886,3.23704837318684,0.185956420336861,-58.2505395162161,0,0.472999999999956
"S3",100,1.5,3,0.3,132,0.421749818310464,3.34932571614978,0.13712879512173,-53.9411493149872,0,0.50400000000036
"S3",100,1.5,3,0.3,133,3.07393638512488,2.54372463252797,0.393275907508963,-71.9051467687424,0,0.476000000000113
"S3",100,1.5,3,0.3,134,1.51405656703104,3.20047841810805,0.340827288748456,-48.8479584836669,0,0.445000000000164
"S3",100,1.5,3,0.3,135,0.201641126083478,3.86852293873107,0.0685314966643619,-43.1205632869436,0,0.532999999999902
"S3",100,1.5,3,0.3,136,0.094776592448425,3.79284516224443,0.0401791204391784,-42.795437701843,0,0.545999999999822
"S3",100,1.5,3,0.3,137,0.41000149239217,3.81348208121696,0.107166873181014,-47.8385054638561,0,0.518000000000029
"S3",100,1.5,3,0.3,138,9999.95938577155,2.69027911953973,0.539272820529237,-62.0402829009657,0,0.878000000000156
"S3",100,1.5,3,0.3,139,1.91740088673677,2.89481816201263,0.348740885440133,-60.6100827939739,0,0.463000000000193
"S3",100,1.5,3,0.3,140,1.78405365833028,3.00175394453765,0.302590763266958,-61.1262022724599,0,0.472999999999956
"S3",100,1.5,3,0.3,141,0.989439424175521,3.20723266721065,0.188936352684995,-62.8335122396738,0,0.465000000000146
"S3",100,1.5,3,0.3,142,0.971013567555269,3.04240762799099,0.211750511645644,-64.3877004252173,0,0.456000000000131
"S3",100,1.5,3,0.3,143,7.74529119399711,2.76810666227296,0.505725353289201,-58.3164546032171,0,0.502999999999702
"S3",100,1.5,3,0.3,144,2.3464446869571,2.81736778038524,0.328624931712973,-66.81826159377,0,0.47400000000016
"S3",100,1.5,3,0.3,145,0.244521489303426,3.19558441926898,0.0741554456671702,-65.2969478661778,0,0.514000000000124
"S3",100,1.5,3,0.3,146,1.38568373773551,2.8552560992027,0.294434230367055,-64.5765768829281,0,0.459000000000287
"S3",100,1.5,3,0.3,147,9999.83066654197,2.76177630199612,0.541322286565901,-58.5398313313946,0,0.94800000000032
"S3",100,1.5,3,0.3,148,0.83734265216452,3.23321658964889,0.223444223151233,-54.7267776379468,0,0.4699999999998
"S3",100,1.5,3,0.3,149,0.301854817033434,3.66417353307491,0.0972488280811708,-48.9843306132903,0,0.510999999999967
"S3",100,1.5,3,0.3,150,1.12571172045469,3.59045351929331,0.281499921336122,-40.9979630966647,0,0.452999999999975
"S3",100,1.5,3,0.3,151,1.11811203227334,3.21071186739155,0.281138326107751,-51.7056376717901,0,0.466000000000349
"S3",100,1.5,3,0.3,152,1.41243586363477,2.60781814911299,0.37027898068485,-64.6906172399114,0,0.469000000000051
"S3",100,1.5,3,0.3,153,1.07974493173453,3.36434452237579,0.261531769503338,-48.8568548707962,0,0.497999999999593
"S3",100,1.5,3,0.3,154,0.676108369887337,3.53494037912577,0.159098897268354,-52.0634218422027,0,0.478999999999814
"S3",100,1.5,3,0.3,155,0.952218311344058,3.01981334443179,0.283722552777357,-55.4989954602497,0,0.4699999999998
"S3",100,1.5,3,0.3,156,1.4838969779333,2.98350911000857,0.324026899980242,-57.7602903907743,0,0.460999999999785
"S3",100,1.5,3,0.3,157,1.33124486966481,3.05250474048919,0.261348348316061,-60.9810178532909,0,0.485000000000127
"S3",100,1.5,3,0.3,158,9999.89195015175,2.58842247255942,0.594684616610965,-61.205321031373,0,0.882999999999811
"S3",100,1.5,3,0.3,159,1.36783854571091,2.79316304323738,0.376012044276011,-57.8084813655434,0,0.489000000000033
"S3",100,1.5,3,0.3,160,9999.59722190886,2.47970203455023,0.605318152585397,-63.704845357419,0,0.998999999999796
"S3",100,1.5,3,0.3,161,0.221608666653376,3.09354426919004,0.0906083000387255,-59.2196767822849,0,0.516999999999825
"S3",100,1.5,3,0.3,162,161.664867489806,2.52838337831735,0.64011229560937,-60.3728524413127,0,0.728000000000065
"S3",100,1.5,3,0.3,163,1.25346420828464,3.1974575194981,0.277353394519513,-53.940270146379,0,0.481000000000222
"S3",100,1.5,3,0.3,164,0.804330723255858,3.73095165894144,0.173237011295033,-46.9335296405463,0,0.4699999999998
"S3",100,1.5,3,0.3,165,0.700644789692904,3.20413574024844,0.183915682733333,-58.8664491509049,0,0.486000000000331
"S3",100,1.5,3,0.3,166,1.02443715359747,3.60007099904974,0.168073226554178,-53.8038407021012,0,0.467999999999847
"S3",100,1.5,3,0.3,167,9999.69407668309,2.95472727824577,0.52218952783202,-51.6204196388121,0,1.32900000000018
"S3",100,1.5,3,0.3,168,1.33321314983213,2.64750202207608,0.398116528242173,-59.5687974340223,0,0.452999999999975
"S3",100,1.5,3,0.3,169,11.2831254181108,2.35992043119959,0.646623696201423,-64.0092091870164,0,0.559000000000196
"S3",100,1.5,3,0.3,170,4.36339858926694,2.79732593254915,0.54201567887497,-53.3555000712467,0,0.495000000000346
"S3",100,1.5,3,0.3,171,9998.46156003405,2.52111776064719,0.609201107731512,-62.0293467771052,0,0.95699999999988
"S3",100,1.5,3,0.3,172,1.41613629646716,2.96992079268857,0.276087041994897,-63.2445624419423,0,0.518000000000029
"S3",100,1.5,3,0.3,173,1.76874128759943,3.26554631510251,0.26413880730355,-56.993937304004,0,0.465999999999894
"S3",100,1.5,3,0.3,174,0.811247786197015,3.04634963504078,0.208132689117071,-62.2616976106902,0,0.501999999999953
"S3",100,1.5,3,0.3,175,1.7615369012853,2.98080152383875,0.297792774884051,-62.4065849865013,0,0.518000000000029
"S3",100,1.5,3,0.3,176,1.97340714331799,3.15695222512869,0.295271060133787,-57.1338064671406,0,0.480999999999767
"S3",100,1.5,3,0.3,177,1.20852426805543,3.22077705359379,0.26749643458023,-53.9741793832392,0,0.460000000000036
"S3",100,1.5,3,0.3,178,0.337314145863962,3.36597506920389,0.0901522230690074,-61.547870769652,0,0.489000000000033
"S3",100,1.5,3,0.3,179,1.05486272413959,3.13696426726342,0.250672272656943,-57.1299004665209,0,0.47400000000016
"S3",100,1.5,3,0.3,180,1.68430302330392,2.7721648174678,0.316265999921293,-66.4665671006389,0,0.45699999999988
"S3",100,1.5,3,0.3,181,1.24254632537301,3.3716827394459,0.284681436243411,-48.0298101888586,0,0.544000000000324
"S3",100,1.5,3,0.3,182,9999.99769469514,2.6942698380102,0.716344023598415,-51.9222208294099,0,0.923999999999978
"S3",100,1.5,3,0.3,183,0.441647142026136,3.29863456843669,0.135106563070626,-57.1343058226824,0,0.498999999999796
"S3",100,1.5,3,0.3,184,2.98171692269159,3.21195528582336,0.380500544671659,-50.2867888008765,0,0.532999999999902
"S3",100,1.5,3,0.3,185,2.99212150441355,2.79574213294963,0.362821213667839,-65.6827695887743,0,0.475999999999658
"S3",100,1.5,3,0.3,186,1.19922626961057,3.6758265696629,0.229567979043511,-45.3794158021099,0,0.496000000000095
"S3",100,1.5,3,0.3,187,1.52513916557633,2.80638824151782,0.278019704480963,-69.7512238100827,0,0.434000000000196
"S3",100,1.5,3,0.3,188,9999.79224397716,2.71115461456569,0.451817327779869,-66.3080354041335,0,0.93100000000004
"S3",100,1.5,3,0.3,189,0.665993635357622,3.73649046284765,0.144631948411865,-49.0703289062123,0,0.492000000000189
"S3",100,1.5,3,0.3,190,0.714534256624159,3.20271232870747,0.201614787618301,-56.2300752449321,0,0.463999999999942
"S3",100,1.5,3,0.3,191,2.07796840204636,2.58156809891009,0.365723781730702,-70.1117241559692,0,0.447000000000116
"S3",100,1.5,3,0.3,192,20.3855439724185,2.45786945453324,0.600236258806158,-64.2961839366814,0,0.614000000000033
"S3",100,1.5,3,0.3,193,0.357481983975143,3.41264507431015,0.120827027572257,-51.8163543998868,0,0.492999999999938
"S3",100,1.5,3,0.3,194,9999.87796618288,2.62368969703316,0.513396915926861,-64.7008598438854,0,0.977000000000317
"S3",100,1.5,3,0.3,195,1.39751949270001,3.06558241579521,0.246299066897525,-63.4123366558043,0,0.54300000000012
"S3",100,1.5,3,0.3,196,1.58893409348875,2.75230793127313,0.399380151405004,-57.8187609355847,0,0.444999999999709
"S3",100,1.5,3,0.3,197,1.69817155703481,2.90235819526163,0.321349650623609,-62.3430028037522,0,0.449999999999818
"S3",100,1.5,3,0.3,198,1.15961087028283,3.34026792995872,0.320642636208294,-44.4560129179257,0,0.449999999999818
"S3",100,1.5,3,0.3,199,1.51738658728298,3.45285959386303,0.246053515895064,-51.9385313730505,0,0.458999999999833
"S3",100,1.5,3,0.3,200,9999.72423131635,2.78237439395431,0.513312208517411,-59.0442204920976,0,0.850999999999658
"S3",100,1.5,3,0.3,201,0.274779717917233,3.57570846092048,0.0861075086675878,-52.38037771563,0,0.558999999999742
"S3",100,1.5,3,0.3,202,0.874406132523653,3.34885420608025,0.171637240066569,-59.5298785263714,0,0.559999999999945
"S3",100,1.5,3,0.3,203,2.23195141434525,3.11441477186328,0.308855542332402,-58.2852096165291,0,0.480000000000018
"S3",100,1.5,3,0.3,204,0.355231116608173,3.36571372766041,0.120402628280123,-53.4848205310766,0,0.518000000000029
"S3",100,1.5,3,0.3,205,2.24050808630963,2.82752235242909,0.461685694037262,-53.7634903955266,0,0.492999999999938
"S3",100,1.5,3,0.3,206,2.23532915501197,2.93971152158139,0.343304362500877,-60.632633975098,0,0.460999999999785
"S3",100,1.5,3,0.3,207,9999.99472025323,2.70487892583733,0.545306546481508,-60.9306152831288,0,0.849999999999909
"S3",100,1.5,3,0.3,208,0.892353053266154,3.32852902681684,0.241705003880368,-50.1643024640259,0,0.536000000000058
"S3",100,1.5,3,0.3,209,1.8271883631688,3.20440663522316,0.297869297450475,-55.3122953226287,0,0.459000000000287
"S3",100,1.5,3,0.3,210,0.515128506956097,3.44265787351512,0.144778586181262,-53.5770791753117,0,0.466000000000349
"S3",100,1.5,3,0.3,211,4.52842955482499,2.64009819244189,0.517626851352673,-60.2665055053149,0,0.498000000000047
"S3",100,1.5,3,0.3,212,26.3759715500559,2.57512880569263,0.611773156802633,-58.9106863094939,0,0.784000000000106
"S3",100,1.5,3,0.3,213,2.90484900463568,2.90518141238908,0.449444357162166,-54.6538087573438,0,0.519000000000233
"S3",100,1.5,3,0.3,214,1.78213051014557,3.18741840675984,0.227023910647077,-63.9035536209713,0,0.469000000000051
"S3",100,1.5,3,0.3,215,1.69741862393927,2.97807168485282,0.283719472150776,-63.1237104463921,0,0.487999999999829
"S3",100,1.5,3,0.3,216,2.78499552192984,2.93108212577355,0.40758893037048,-55.9923351264134,0,0.478000000000065
"S3",100,1.5,3,0.3,217,0.854206433042178,3.46042808130351,0.233930100387787,-46.9914641349346,0,0.521000000000186
"S3",100,1.5,3,0.3,218,1.85467255972167,3.13361202076213,0.337371070943376,-53.4362776849393,0,0.505000000000109
"S3",100,1.5,3,0.3,219,8.16636511624013,2.37408178877118,0.51656181214831,-72.3617601761197,0,0.527000000000044
"S3",100,1.5,3,0.3,220,0.591387724807935,3.28950042150852,0.160966135015702,-57.9383587806189,0,0.476000000000113
"S3",100,1.5,3,0.3,221,2.05328087534148,3.2311346183104,0.33863642898211,-51.4528147392844,0,0.472000000000207
"S3",100,1.5,3,0.3,222,0.563730116609528,3.48147979293106,0.130686952023008,-57.0933013471976,0,0.454000000000178
"S3",100,1.5,3,0.3,223,0.679010396712394,3.09355939625896,0.212675643371998,-57.0482346462435,0,0.463999999999942
"S3",100,1.5,3,0.3,224,9999.9841971105,2.54309396066021,0.553515805645905,-64.5436437767679,0,0.883000000000266
"S3",100,1.5,3,0.3,225,2.5221347188826,3.03347934042912,0.299878967384236,-62.6334696892784,0,0.506000000000313
"S3",100,1.5,3,0.3,226,0.752042471589179,3.01029820112005,0.222333192912474,-59.7213342993555,0,0.518000000000029
"S3",100,1.5,3,0.3,227,5.80033515053892,2.64916317387422,0.491446690796259,-62.5957917392611,0,0.49599999999964
"S3",100,1.5,3,0.3,228,1.29504696983167,2.91651274321158,0.226912029709468,-70.6808800397087,0,0.460000000000036
"S3",100,1.5,3,0.3,229,0.565389766068758,3.07488404024891,0.180480411619075,-59.4696864561281,0,0.460999999999785
"S3",100,1.5,3,0.3,230,9999.90378061439,2.47657794766175,0.645544229132111,-62.3988127957126,0,0.905999999999949
"S3",100,1.5,3,0.3,231,2.02304996306393,3.11342158139683,0.283201354536194,-60.8228805371161,0,0.442999999999756
"S3",100,1.5,3,0.3,232,0.775791443986733,3.58894210977414,0.18407171776914,-49.6107149132303,0,0.494000000000142
"S3",100,1.5,3,0.3,233,2.96584037823271,2.50265436505196,0.438423959790096,-69.2299286166086,0,0.451000000000022
"S3",100,1.5,3,0.3,234,2.00795812508969,3.04249674079317,0.281498947493313,-62.9006328689623,0,0.615999999999985
"S3",100,1.5,3,0.3,235,9.85599568642029,2.83415434883673,0.596177476167697,-50.140986406122,0,0.513000000000375
"S3",100,1.5,3,0.3,236,9999.81778148975,2.47114386747436,0.63679703813917,-62.1756434478802,0,0.876999999999953
"S3",100,1.5,3,0.3,237,2.69547306168051,3.48486293858455,0.319712490669671,-46.4973596289127,0,0.56899999999996
"S3",100,1.5,3,0.3,238,0.895136817089211,3.13842983287154,0.241667767659145,-55.9039452547644,0,0.467000000000098
"S3",100,1.5,3,0.3,239,13.4765871745578,2.87138907498733,0.577270145494182,-50.3305314510479,0,0.635999999999967
"S3",100,1.5,3,0.3,240,7.9137153679951,3.13609544859635,0.426592008001217,-51.2418818036988,0,0.613000000000284
"S3",100,1.5,3,0.3,241,5.177318415992,2.78786144522649,0.501361228983314,-56.0832567586851,0,0.525000000000091
"S3",100,1.5,3,0.3,242,0.647987709429464,3.07785368242125,0.169957138351663,-64.4594110789733,0,0.48700000000008
"S3",100,1.5,3,0.3,243,2.10886153331647,2.88551598722123,0.345506936003193,-61.6343169336244,0,0.450000000000273
"S3",100,1.5,3,0.3,244,0.318153404084983,3.50756524932122,0.0943870795545906,-54.6210417230532,0,0.535000000000309
"S3",100,1.5,3,0.3,245,1.09356029537717,3.24918897524739,0.238183469035646,-55.3478540394029,0,0.47400000000016
"S3",100,1.5,3,0.3,246,9998.65116859146,2.50963489992897,0.791997131340354,-52.4996771449083,0,0.950000000000273
"S3",100,1.5,3,0.3,247,0.879218645342799,2.74089031477957,0.294555763162483,-60.9925731361792,0,0.480000000000018
"S3",100,1.5,3,0.3,248,0.401603389115854,3.33873147129239,0.127143023942957,-55.1408745865291,0,0.498000000000047
"S3",100,1.5,3,0.3,249,9999.97829748727,2.6101559958456,0.514732951437624,-65.1006582088391,0,0.875
"S3",100,1.5,3,0.3,250,1.81381819649348,3.59529469747541,0.308293584544595,-41.8542367426497,0,0.525000000000091
"S3",100,1.5,3,0.3,251,0.572388876237722,3.82196969147375,0.134701971607087,-45.8018652827333,0,0.494000000000142
"S3",100,1.5,3,0.3,252,9999.79273244251,2.34630921763202,0.731896286224147,-60.9504860594375,0,1.04100000000017
"S3",100,1.5,3,0.3,253,9999.90872703994,2.37564822687724,0.654834586056883,-65.2994199108224,0,0.832999999999629
"S3",100,1.5,3,0.3,254,0.431397784115903,3.17323580431314,0.132963911361273,-61.0592626693684,0,0.469000000000051
"S3",100,1.5,3,0.3,255,2.55970983096074,2.59011253569893,0.370242086134472,-71.440443186086,0,0.447000000000116
"S3",100,1.5,3,0.3,256,2.28339237984397,2.96109458900565,0.36977115416274,-57.4563791632879,0,0.456000000000131
"S3",100,1.5,3,0.3,257,1.43541002808295,3.07289701309149,0.235456614459311,-64.5110091931643,0,0.449000000000069
"S3",100,1.5,3,0.3,258,0.213607332130688,3.51881635474831,0.0856315101716478,-47.5397590218081,0,0.503000000000156
"S3",100,1.5,3,0.3,259,9999.81788796986,2.62336641972661,0.665753225419861,-55.0589525420852,0,0.895000000000437
"S3",100,1.5,3,0.3,260,1.5433468293343,2.64695663674885,0.392547152675397,-62.448105277228,0,0.5
"S3",100,1.5,3,0.3,261,0.438174178126104,3.09133948496785,0.166485139317709,-56.2228035749668,0,0.47400000000016
"S3",100,1.5,3,0.3,262,0.373744161668092,3.32884545311104,0.128312969627138,-53.9138510081656,0,0.521999999999935
"S3",100,1.5,3,0.3,263,0.174581132938933,3.13734521277692,0.0645900786402186,-62.5428629550474,0,0.532000000000153
"S3",100,1.5,3,0.3,264,4.32196925130404,2.46023205951384,0.436771328660841,-73.1298849906518,0,0.478000000000065
"S3",100,1.5,3,0.3,265,0.9284386843383,3.2516005074978,0.228015527700545,-54.7840804875521,0,0.463999999999942
"S3",100,1.5,3,0.3,266,9999.89529824446,2.54003121657091,0.573748129360544,-64.3540244117017,0,1.05700000000024
"S3",100,1.5,3,0.3,267,0.970631039506364,3.37470399599351,0.157610227622293,-62.6421351201545,0,0.514999999999873
"S3",100,1.5,3,0.3,268,13.7921986484765,2.91848393423076,0.598709934775862,-48.1301310420228,0,0.65099999999984
"S3",100,1.5,3,0.3,269,9999.81081950373,2.51536730854151,0.532750406885687,-67.5645898756835,0,0.989000000000033
"S3",100,1.5,3,0.3,270,0.527493457087744,3.55811803569704,0.144430127286204,-50.6515612764995,0,0.485999999999876
"S3",100,1.5,3,0.3,271,9999.87151087992,2.66857718524835,0.699553012372056,-52.1368737553109,0,0.924999999999727
"S3",100,1.5,3,0.3,272,0.291638882403156,3.56690881212912,0.0818619811261353,-54.8597420801193,0,0.492000000000189
"S3",100,1.5,3,0.3,273,6.99660432496788,2.83097973201146,0.378273553342851,-66.0055869539212,0,0.516999999999825
"S3",100,1.5,3,0.3,274,2.34126967420588,2.79601674385043,0.320270547829195,-68.4856058344732,0,0.516000000000076
"S3",100,1.5,3,0.3,275,0.731517063380278,3.23898032724078,0.182772674763659,-58.3307750044532,0,0.459000000000287
"S3",100,1.5,3,0.3,276,1.43542960297585,3.28881824626461,0.29926259293219,-49.9593017999667,0,0.441000000000258
"S3",100,1.5,3,0.3,277,3.54805812823399,2.98112060156013,0.362253830298414,-60.1597257941791,0,0.458000000000084
"S3",100,1.5,3,0.3,278,1.64932918374675,3.12804855022873,0.313915096435082,-55.2563977505035,0,0.434999999999945
"S3",100,1.5,3,0.3,279,1.58049615494864,3.08695337146177,0.327038066521751,-54.7556774703887,0,0.436000000000149
"S3",100,1.5,3,0.3,280,0.60295870102575,2.95681828695045,0.184045224188173,-64.0330545549193,0,0.458000000000084
"S3",100,1.5,3,0.3,281,0.464742506293539,3.37672047718796,0.126244423753031,-57.7264948800909,0,0.531999999999698
"S3",100,1.5,3,0.3,282,3.3665183050829,2.53352064552045,0.480876692137047,-65.324832194008,0,0.521000000000186
"S3",100,1.5,3,0.3,283,0.673329502328403,3.1149361563044,0.202271239191764,-57.5399953975882,0,0.470000000000255
"S3",100,1.5,3,0.3,284,0.146845632762326,3.22281632275589,0.0550438390889526,-61.2767474442599,0,0.58199999999988
"S3",100,1.5,3,0.3,285,1.18964126806557,3.31575242123905,0.262460767838831,-51.750979966466,0,0.461999999999989
"S3",100,1.5,3,0.3,286,0.276697819171975,3.57815456999306,0.113979369234373,-44.9399907737963,0,0.496999999999844
"S3",100,1.5,3,0.3,287,2.14562324704337,3.6232475795762,0.289843596390548,-43.6588447995763,0,0.494000000000142
"S3",100,1.5,3,0.3,288,1.84617910148105,2.75748485613216,0.360531248288602,-63.8005672104427,0,0.490000000000236
"S3",100,1.5,3,0.3,289,0.82898497295941,3.18236269680701,0.197720133029106,-60.3817914357287,0,0.588999999999942
"S3",100,1.5,3,0.3,290,17.0760189979725,2.86749036543849,0.58077233558197,-50.8417679271052,0,0.540999999999713
"S3",100,1.5,3,0.3,291,0.463856253318861,2.85336173164386,0.160638085173561,-65.8476016232025,0,0.521999999999935
"S3",100,1.5,3,0.3,292,0.625945669961438,3.64310942595283,0.142331148378764,-51.7500839114593,0,0.4699999999998
"S3",100,1.5,3,0.3,293,0.852855038504222,3.2120265805865,0.194774592772229,-60.2956689575515,0,0.465999999999894
"S3",100,1.5,3,0.3,294,6.78452422686911,2.59426565120886,0.566728663108992,-59.6348508836878,0,0.56899999999996
"S3",100,1.5,3,0.3,295,1.06012813592871,3.1920564647977,0.274001880687762,-52.6752016665873,0,0.445000000000164
"S3",100,1.5,3,0.3,296,1.67200767496031,2.92389286383236,0.326608773837435,-60.1280058006893,0,0.441000000000258
"S3",100,1.5,3,0.3,297,0.585432080879888,2.98777502409974,0.231842834004942,-54.7975544597965,0,0.463000000000193
"S3",100,1.5,3,0.3,298,30.8134989473194,2.32996254037881,0.571435012807956,-72.1939903293045,0,0.569000000000415
"S3",100,1.5,3,0.3,299,3.4127994899476,2.51143147771443,0.427391941533248,-70.9380416476702,0,0.492999999999938
"S3",100,1.5,3,0.3,300,1.92639898048454,2.91567946041243,0.334871771068104,-61.228040213623,0,0.458000000000084
"S3",100,1.5,3,0.3,301,4.6482450080368,2.49777168027331,0.54572803655424,-63.4011494706041,0,0.481999999999971
"S3",100,1.5,3,0.3,302,1.55777799506287,3.28850353103792,0.294277716389639,-51.5168121312998,0,0.486999999999625
"S3",100,1.5,3,0.3,303,0.583904829417421,2.96503563307626,0.252089835012537,-52.2306567642152,0,0.456000000000131
"S3",100,1.5,3,0.3,304,1.18284176179713,2.89794861227901,0.25340015155334,-66.2960808716761,0,0.420000000000073
"S3",100,1.5,3,0.3,305,0.776738864160875,3.22134903059359,0.201473854594938,-56.994799926272,0,0.427000000000135
"S3",100,1.5,3,0.3,306,2.00956534319526,3.18466623480701,0.41586052115182,-45.6307490324574,0,0.467000000000098
"S3",100,1.5,3,0.3,307,0.708109437907634,3.45463621694358,0.162677426519609,-55.8092850915612,0,0.451999999999771
"S3",100,1.5,3,0.3,308,0.374823073181201,3.27599739647987,0.122136821542618,-57.077808874782,0,0.462999999999738
"S3",100,1.5,3,0.3,309,2.42024085730234,3.33374512348448,0.368766685755836,-46.1938913364112,0,0.429999999999836
"S3",100,1.5,3,0.3,310,4.01321309150848,3.33338968542328,0.332717404193122,-51.1669629619608,0,0.467000000000098
"S3",100,1.5,3,0.3,311,6.45351307668359,2.83340125942746,0.477997944059788,-57.8293560152309,0,0.476000000000113
"S3",100,1.5,3,0.3,312,0.593356357038138,3.04597763016977,0.140034079055211,-68.9102306733524,0,0.450000000000273
"S3",100,1.5,3,0.3,313,1.20375723234566,3.00734594951433,0.271275493218326,-60.7771713124007,0,0.486000000000331
"S3",100,1.5,3,0.3,314,9999.97058474527,2.87202291982205,0.647599947070468,-47.9238116803006,0,0.804000000000087
"S3",100,1.5,3,0.3,315,0.788310430540703,3.44520420240165,0.228997828374662,-46.9397648933616,0,0.427999999999884
"S3",100,1.5,3,0.3,316,0.494205300098032,3.90931804454878,0.129914112035452,-42.5761756044141,0,0.432000000000244
"S3",100,1.5,3,0.3,317,6.22930360611904,2.91010476381645,0.376524161460137,-62.7841885726879,0,0.579999999999927
"S3",100,1.5,3,0.3,318,0.260017969254081,3.51984982931758,0.0863435571764995,-52.0944167156442,0,0.521999999999935
"S3",100,1.5,3,0.3,319,2.54274167016719,2.55684833327077,0.425170329358753,-67.2897576372143,0,0.452999999999975
"S3",100,1.5,3,0.3,320,17.3239999584258,2.66341693252907,0.492796005337378,-64.1400219658026,0,0.59900000000016
"S3",100,1.5,3,0.3,321,0.376347362654011,3.26302396627402,0.0999594511651563,-63.5079420077186,0,0.476000000000113
"S3",100,1.5,3,0.3,322,2.12054676484543,2.92093063812006,0.315113295269092,-63.9581924415012,0,0.507000000000062
"S3",100,1.5,3,0.3,323,1.13695985679479,2.84088696901529,0.30766882525055,-60.6300222026715,0,0.506000000000313
"S3",100,1.5,3,0.3,324,9999.97969210087,2.44917969878532,0.55046839847699,-70.1111410880735,0,0.831000000000131
"S3",100,1.5,3,0.3,325,9999.98742915157,2.53771539810167,0.504157852034218,-68.0618780559903,0,1.09700000000021
"S3",100,1.5,3,0.3,326,2.65201038390128,2.757854893542,0.4757920406898,-56.5721157401961,0,0.472000000000207
"S3",100,1.5,3,0.3,327,0.624435664586905,3.53599241288682,0.170191672321285,-48.8618429721047,0,0.460999999999785
"S3",100,1.5,3,0.3,328,1.19697476519112,3.01620983565395,0.242989053972969,-64.1057048451454,0,0.442000000000007
"S3",100,1.5,3,0.3,329,0.927974881703623,3.23959213628115,0.2353837630789,-54.6554175377172,0,0.455999999999676
"S3",100,1.5,3,0.3,330,2.4998294567374,2.98625660768332,0.326996207951686,-61.2678854028252,0,0.445000000000164
"S3",100,1.5,3,0.3,331,0.368762266972063,3.35650054914374,0.101635621184899,-60.3053179830424,0,0.467000000000098
"S3",100,1.5,3,0.3,332,9.64019198631397,2.90861813958017,0.498407892597784,-54.1674692852433,0,0.527000000000044
"S3",100,1.5,3,0.3,333,9999.97120854645,2.92598827490408,0.528807949051737,-52.1261609465513,0,0.931999999999789
"S3",100,1.5,3,0.3,334,0.766793003635736,3.47796777479535,0.201899259913212,-48.7866842761901,0,0.461999999999989
"S3",100,1.5,3,0.3,335,9998.98590933587,2.38520638586922,0.626683186669664,-65.8762550163811,0,0.977999999999611
"S3",100,1.5,3,0.3,336,10.6881710265281,2.69834155423173,0.424333062899222,-67.9577771988699,0,0.579000000000178
"S3",100,1.5,3,0.3,337,85.6620679834895,2.71268915746426,0.473420246144313,-64.4187012982982,0,0.716999999999643
"S3",100,1.5,3,0.3,338,0.396866088454942,3.04776326547192,0.129027124036174,-63.6201159597108,0,0.519999999999982
"S3",100,1.5,3,0.3,339,2.19981216080494,2.70525047067716,0.445423511067869,-59.3476891242998,0,0.539000000000215
"S3",100,1.5,3,0.3,340,0.462481889537623,3.14117355565173,0.157623133120365,-57.7990786095873,0,0.514999999999873
"S3",100,1.5,3,0.3,341,0.898773972925508,3.42264988771358,0.247647205825986,-46.993943838817,0,0.516000000000076
"S3",100,1.5,3,0.3,342,1.52743272836193,3.03010657888387,0.305297485825177,-57.675634901174,0,0.471000000000004
"S3",100,1.5,3,0.3,343,2.91924877337721,3.15887966265496,0.361167311577908,-53.1348698550594,0,0.478000000000065
"S3",100,1.5,3,0.3,344,9999.6121011135,2.53004853294345,0.572706864999597,-63.747133695711,0,1.12100000000009
"S3",100,1.5,3,0.3,345,1.41652932839434,3.24549659482234,0.317722633731753,-49.8100533051286,0,0.48299999999972
"S3",100,1.5,3,0.3,346,9999.97557706451,2.62677041601783,0.588669986171613,-59.9278298528011,0,0.853999999999814
"S3",100,1.5,3,0.3,347,9999.86390877519,2.61135910317698,0.599966371384161,-58.9280739619373,0,0.938999999999851
"S3",100,1.5,3,0.3,348,0.251265360834957,2.90451262710129,0.102008751220726,-65.1311426285485,0,0.521999999999935
"S3",100,1.5,3,0.3,349,18.927237761758,2.66283822501314,0.607779136591268,-56.3443059905987,0,0.58600000000024
"S3",100,1.5,3,0.3,350,0.211027919009127,3.37624299085261,0.0610197736513319,-62.0235429373105,0,0.523000000000138
"S3",100,1.5,3,0.3,351,1.28464625148089,2.69758052879607,0.32640108179797,-65.0807802230184,0,0.44399999999996
"S3",100,1.5,3,0.3,352,0.265730156913251,3.68932409300177,0.0834796863581197,-49.3375483552761,0,0.51299999999992
"S3",100,1.5,3,0.3,353,0.192385417566387,3.52055219532837,0.0667262828468634,-52.9519182393806,0,0.518999999999778
"S3",100,1.5,3,0.3,354,0.679973849163072,3.44430160735465,0.17989473520099,-52.0140388820506,0,0.4699999999998
"S3",100,1.5,3,0.3,355,0.801446613507872,3.17751200494156,0.194097566751427,-59.7419539318319,0,0.442000000000007
"S3",100,1.5,3,0.3,356,23.1863506150894,2.3791650244335,0.526136262340362,-73.357603277878,0,0.591999999999643
"S3",100,1.5,3,0.3,357,0.534246567431953,3.48744065017511,0.161940186429542,-49.8310140384337,0,0.472999999999956
"S3",100,1.5,3,0.3,358,0.802758783098801,3.03174057528704,0.195408281918935,-65.5016531125637,0,0.480999999999767
"S3",100,1.5,3,0.3,359,9999.92736354042,2.89574029955355,0.57140548620005,-51.4392367737738,0,0.891999999999825
"S3",100,1.5,3,0.3,360,0.894836721669654,3.08559606178613,0.287757416978158,-52.476872087262,0,0.55199999999968
"S3",100,1.5,3,0.3,361,1.49412187708143,3.27612999155686,0.263480212702787,-54.8333581249707,0,0.480000000000018
"S3",100,1.5,3,0.3,362,2.05607383904666,2.8365479006162,0.336045704448967,-64.2115053876936,0,0.486000000000331
"S3",100,1.5,3,0.3,363,9999.97443458537,2.43254660338777,0.615717883349763,-65.1510169269113,0,0.956000000000131
"S3",100,1.5,3,0.3,364,9999.35061128442,2.81347286893641,0.698397309903933,-45.7225535452242,0,1.22600000000011
"S3",100,1.5,3,0.3,365,2.93734965065017,3.01901719397566,0.378713781622335,-56.6900113014189,0,0.48299999999972
"S3",100,1.5,3,0.3,366,8.02093500559721,2.87312044896989,0.423500498468012,-60.2833150621335,0,0.534000000000106
"S3",100,1.5,3,0.3,367,1.70399083247749,3.29146096387313,0.36789939208081,-45.4649276459279,0,0.465999999999894
"S3",100,1.5,3,0.3,368,0.834067339667319,3.21310501396009,0.231199252227013,-54.3734917450681,0,0.465000000000146
"S3",100,1.5,3,0.3,369,0.384062831754543,3.53204786370682,0.121328159745991,-50.8447474004547,0,0.509999999999764
"S3",100,1.5,3,0.3,370,0.103889140380202,3.32389021769443,0.0412961380793057,-55.8160622728488,0,0.547000000000025
"S3",100,1.5,3,0.3,371,0.493132985069592,3.19289314679044,0.139796544053848,-61.5379219583224,0,0.547000000000025
"S3",100,1.5,3,0.3,372,4.54422732706794,2.64924909776893,0.440997504993498,-65.9102730686846,0,0.472999999999956
"S3",100,1.5,3,0.3,373,1.1075291371065,2.78924826536434,0.248532710564709,-69.4851971163445,0,0.516999999999825
"S3",100,1.5,3,0.3,374,9999.94697997831,2.72653003197172,0.475085884487481,-64.2647429105275,0,0.829000000000178
"S3",100,1.5,3,0.3,375,2.99925905604276,2.60605673826625,0.47773891410716,-62.2556396240986,0,0.478000000000065
"S3",100,1.5,3,0.3,376,1.54118057546623,3.29057088955903,0.289620616717264,-52.2069079144523,0,0.45699999999988
"S3",100,1.5,3,0.3,377,1.31284038755984,3.22278918353767,0.284294532262444,-52.3349531832152,0,0.4699999999998
"S3",100,1.5,3,0.3,378,1.66326177352557,3.16849780444802,0.303769100290046,-54.4919778617212,0,0.445999999999913
"S3",100,1.5,3,0.3,379,0.4219128731387,3.61396649181098,0.104030009722294,-54.6727200866627,0,0.485999999999876
"S3",100,1.5,3,0.3,380,0.429184687741529,3.40088750185633,0.10509544591865,-60.7678440688041,0,0.489999999999782
"S3",100,1.5,3,0.3,381,3.28206458784077,2.66911754405973,0.410765388300148,-66.2582466581764,0,0.522999999999683
"S3",100,1.5,3,0.3,382,0.440679453997253,3.18816989208152,0.166818338978626,-54.0213711869725,0,0.606999999999971
"S3",100,1.5,3,0.3,383,9999.97495750703,2.86320255053856,0.524401930266434,-55.9249957123834,0,0.844000000000051
"S3",100,1.5,3,0.3,384,1.21663305620557,2.71369569415936,0.319972314923002,-64.4261692558495,0,0.46100000000024
"S3",100,1.5,3,0.3,385,1.2663094055472,3.25666546232491,0.249638865829205,-55.4280035897109,0,0.459000000000287
"S3",100,1.5,3,0.3,386,0.503544427067095,3.5235324404273,0.138912176192527,-51.118009220466,0,0.440000000000055
"S3",100,1.5,3,0.3,387,9999.96324349513,2.87967104911977,0.694441248771878,-45.4383530431389,0,0.8449999999998
"S3",100,1.5,3,0.3,388,0.671213971996447,3.21310579777431,0.162019396905444,-61.336916182415,0,0.485999999999876
"S3",100,1.5,3,0.3,389,9999.95968262956,2.85022945752571,0.471180780735285,-59.1578898241166,0,0.867999999999938
"S3",100,1.5,3,0.3,390,6.69729347859853,2.63056467002281,0.560522707376955,-58.6643925067998,0,0.519000000000233
"S3",100,1.5,3,0.3,391,0.930954982972295,3.83300791780691,0.168763438805992,-47.050240772716,0,0.538000000000011
"S3",100,1.5,3,0.3,392,9999.84748850817,2.50568812558418,0.459233094001426,-74.4933284177288,0,0.898000000000138
"S3",100,1.5,3,0.3,393,3.01241280528131,3.08049037956605,0.398669097374612,-53.4659178105664,0,0.480000000000018
"S3",100,1.5,3,0.3,394,1.85635146806915,2.78395005144223,0.370416227015565,-62.375739153067,0,0.483999999999924
"S3",100,1.5,3,0.3,395,2.18092270073304,3.01072685962786,0.385772390442658,-54.350187372797,0,0.460000000000036
"S3",100,1.5,3,0.3,396,9999.95254281202,2.42724394575122,0.72793913484694,-58.8151574820647,0,0.876000000000204
"S3",100,1.5,3,0.3,397,9999.95504697355,2.95757627023828,0.483102678545586,-55.9510321564512,0,0.896000000000186
"S3",100,1.5,3,0.3,398,40.0052252731938,2.39846435942958,0.774564659162152,-56.947892317896,0,0.676000000000386
"S3",100,1.5,3,0.3,399,2.70302896685839,3.21243285321528,0.419452147884226,-46.4398830190676,0,0.48700000000008
"S3",100,1.5,3,0.3,400,1.92533888473258,2.87895226675559,0.354636512044853,-60.2927304889307,0,0.638999999999669
"S3",100,1.5,3,0.3,401,2.76690715792751,2.64734689828172,0.324997128894252,-74.4272560814994,0,0.523999999999887
"S3",100,1.5,3,0.3,402,1.97044251085786,3.29880062055113,0.349309760058789,-47.331867064993,0,0.485999999999876
"S3",100,1.5,3,0.3,403,0.749902032108848,3.12298311136154,0.213919314152936,-57.7948922365403,0,0.495000000000346
"S3",100,1.5,3,0.3,404,0.418624180359888,3.60588560154109,0.0984497499804743,-57.1513385045216,0,0.528999999999996
"S3",100,1.5,3,0.3,405,2.10927157630005,2.99289020866694,0.316595248708849,-61.3182344840395,0,0.485999999999876
"S3",100,1.5,3,0.3,406,1.36897934597881,3.13886002985463,0.283026588437822,-56.2358913078518,0,0.48700000000008
"S3",100,1.5,3,0.3,407,0.755652656258757,3.16757510237673,0.190576305031535,-59.9285408902871,0,0.497000000000298
"S3",100,1.5,3,0.3,408,0.643663804890242,3.29929958362107,0.136557115002665,-63.5351254392644,0,0.508000000000266
"S3",100,1.5,3,0.3,409,1.8854708357284,3.10978940357887,0.278362057006974,-60.3382045640888,0,0.508000000000266
"S3",100,1.5,3,0.3,410,0.702398495905481,3.00426723656,0.219490503609353,-59.4275537906053,0,0.474999999999909
"S3",100,1.5,3,0.3,411,0.903524352592464,3.22832119187954,0.155935459366879,-67.4831241088851,0,0.472999999999956
"S3",100,1.5,3,0.3,412,4.90758043593945,2.97106956779619,0.403824221135991,-57.5117989150246,0,0.52599999999984
"S3",100,1.5,3,0.3,413,9999.99065548665,2.64929922596861,0.722520197973073,-52.4051064546254,0,0.831000000000131
"S3",100,1.5,3,0.3,414,0.692821670744249,3.49830398190941,0.161567355919105,-54.2436828723241,0,0.4699999999998
"S3",100,1.5,3,0.3,415,0.958034479560746,3.35074167292348,0.218714520847453,-53.7103840458034,0,0.505999999999858
"S3",100,1.5,3,0.3,416,9999.66291878655,2.72553624912155,0.580706553631167,-56.1652617154861,0,0.938999999999851
"S3",100,1.5,3,0.3,417,0.313955007515983,3.29175890547768,0.1115461966467,-56.600495934041,0,0.548000000000229
"S3",100,1.5,3,0.3,418,2.88797288233439,2.97665981059258,0.362645137024791,-58.8229444414749,0,0.567999999999756
"S3",100,1.5,3,0.3,419,2.86632784258749,3.36329799152989,0.479268858180824,-37.8790271467677,0,0.501000000000204
"S3",100,1.5,3,0.3,420,0.999566137049146,2.75740504943902,0.248507297466851,-69.510188369593,0,0.521000000000186
"S3",100,1.5,3,0.3,421,3.37182421419009,2.93595661825159,0.317435653394213,-65.6911865424419,0,0.48700000000008
"S3",100,1.5,3,0.3,422,3.17705024826292,2.7988235486282,0.462040625895098,-57.0607801206642,0,0.492999999999938
"S3",100,1.5,3,0.3,423,1.43939029718621,3.2306604446418,0.323111554962958,-49.7478184397523,0,0.543999999999869
"S3",100,1.5,3,0.3,424,0.636604936404755,3.2392557098716,0.205764518335955,-52.9483047575507,0,0.52599999999984
"S3",100,1.5,3,0.3,425,0.322599528225662,3.41662439370894,0.112947089517867,-52.191642293872,0,0.530999999999949
"S3",100,1.5,3,0.3,426,1.06122226453754,3.02200509864798,0.222681380235784,-64.4994154897039,0,0.557999999999993
"S3",100,1.5,3,0.3,427,0.840721888988382,2.96749862682283,0.231242904093689,-61.6334807164541,0,0.46100000000024
"S3",100,1.5,3,0.3,428,9999.99154103646,2.43279889472133,0.710576679868663,-59.9442161581534,0,0.853000000000065
"S3",100,1.5,3,0.3,429,0.796917464397164,3.15800952392477,0.268951937348659,-49.9881951040603,0,0.45699999999988
"S3",100,1.5,3,0.3,430,1.05025113076664,3.26705984283255,0.232484429204281,-55.678542374864,0,0.434999999999945
"S3",100,1.5,3,0.3,431,2.06217673461142,2.70959180048194,0.387395574951848,-63.6375543689339,0,0.454999999999927
"S3",100,1.5,3,0.3,432,1.62330214858366,2.99870041019777,0.287313551143346,-62.6708654565194,0,0.46100000000024
"S3",100,1.5,3,0.3,433,1.05568190676678,2.92677545874079,0.214971583497104,-69.0535494009729,0,0.514000000000124
"S3",100,1.5,3,0.3,434,0.200941150513392,3.37308195700653,0.08381273071637,-50.8348155673851,0,0.505000000000109
"S3",100,1.5,3,0.3,435,2.22725418114153,2.97855358797621,0.267540091202888,-68.1355186083831,0,0.491999999999734
"S3",100,1.5,3,0.3,436,9.39631733361726,2.7038872045262,0.551603544354886,-57.7781659965087,0,0.604000000000269
"S3",100,1.5,3,0.3,437,3.81574800400449,2.68544628006452,0.37313558841368,-70.0514817581686,0,0.510999999999967
"S3",100,1.5,3,0.3,438,6.03724993932277,2.94390760781924,0.496255505987846,-52.2574796381911,0,0.532999999999902
"S3",100,1.5,3,0.3,439,0.149536831979535,3.5056074713272,0.0519125580700822,-54.3161744192198,0,0.51299999999992
"S3",100,1.5,3,0.3,440,2.98432172097986,2.9844122155063,0.356357504534657,-58.976965243315,0,0.454000000000178
"S3",100,1.5,3,0.3,441,13.7821048006365,2.37989428237408,0.722026502173988,-58.6237339619641,0,0.561999999999898
"S3",100,1.5,3,0.3,442,2.24095568278779,3.03060237145773,0.349195783826565,-57.1245381310978,0,0.487999999999829
"S3",100,1.5,3,0.3,443,0.79709295986618,3.00359419887747,0.208309350941162,-62.9183547062592,0,0.478999999999814
"S3",100,1.5,3,0.3,444,0.808091131711593,3.48069256851002,0.193432152307494,-51.3264061108581,0,0.470999999999549
"S3",100,1.5,3,0.3,445,9999.9474047711,3.1627457531744,0.607419613748189,-40.8977235898908,0,0.896999999999935
"S3",100,1.5,3,0.3,446,9999.84123645549,3.18500724731866,0.462585435766353,-48.395795361146,0,0.971999999999753
"S3",100,1.5,3,0.3,447,9999.69101206142,2.78913825785209,0.620028418798039,-50.3055052093667,0,1.10399999999981
"S3",100,1.5,3,0.3,448,9999.94055216703,2.61806241049262,0.624821082048156,-57.6660620691608,0,0.915999999999713
"S3",100,1.5,3,0.3,449,1.37605214304726,2.96135047679387,0.240510211000899,-67.9989875872875,0,0.519999999999982
"S3",100,1.5,3,0.3,450,1.62946552523827,2.6999063112445,0.317443429911424,-69.0379695718821,0,0.464999999999691
"S3",100,1.5,3,0.3,451,1.81169137020207,3.06561861522562,0.337484313535289,-55.4314388662521,0,0.480000000000018
"S3",100,1.5,3,0.3,452,0.354591076421508,3.32466239886627,0.153210059530685,-47.6964061986267,0,0.516000000000076
"S3",100,1.5,3,0.3,453,0.35789185689123,3.16659610066718,0.116479699857166,-61.8403578963384,0,0.52599999999984
"S3",100,1.5,3,0.3,454,8.12420783632902,2.71678778006079,0.555611512093,-56.8599870362665,0,0.528999999999996
"S3",100,1.5,3,0.3,455,0.757170215451502,3.32370298641937,0.214487510279741,-51.3581313272194,0,0.472999999999956
"S3",100,1.5,3,0.3,456,0.365343375287454,3.16977974479921,0.122853970799172,-59.3092162676813,0,0.489999999999782
"S3",100,1.5,3,0.3,457,2.51906918867242,3.42665825277174,0.314475858935152,-48.3042971058117,0,0.485000000000127
"S3",100,1.5,3,0.3,458,0.483750833987503,3.47559921273952,0.179487559267344,-46.7825419521948,0,0.507999999999811
"S3",100,1.5,3,0.3,459,3.42273736949116,2.65881987291434,0.437128489001875,-64.4332682089327,0,0.498999999999796
"S3",100,1.5,3,0.3,460,3.5793784079459,2.70668380277677,0.409387457682139,-65.7472380950915,0,0.489999999999782
"S3",100,1.5,3,0.3,461,0.761949621652485,2.93376039013332,0.219329203376005,-63.0457437276117,0,0.472999999999956
"S3",100,1.5,3,0.3,462,0.693100634132392,2.97714946518712,0.19691062591083,-64.1681919516105,0,0.480000000000018
"S3",100,1.5,3,0.3,463,2.14380217635859,3.40885157512934,0.30794959410702,-48.7932183209892,0,0.472999999999956
"S3",100,1.5,3,0.3,464,1.2171393017827,3.13273132904905,0.224275881224757,-63.4147469721827,0,0.467999999999847
"S3",100,1.5,3,0.3,465,0.928778527916468,3.14437850116932,0.216319555084552,-59.7534242484033,0,0.447999999999865
"S3",100,1.5,3,0.3,466,9999.98823282521,3.02470395881011,0.500626280244892,-51.3192369454923,0,1.03800000000001
"S3",100,1.5,3,0.3,467,1.95459973287327,2.75541686469435,0.395681092070043,-60.8641645550783,0,0.465000000000146
"S3",100,1.5,3,0.3,468,0.719656133544403,2.98396145661132,0.20122677076895,-63.7045369028692,0,0.554999999999836
"S3",100,1.5,3,0.3,469,0.389442682700377,3.66067136705985,0.114068283410909,-48.9042482606286,0,0.510000000000218
"S3",100,1.5,3,0.3,470,1.57373706135673,2.88884370722418,0.28922177729795,-64.7513875642598,0,0.487999999999829
"S3",100,1.5,3,0.3,471,1.4399399016873,2.95834916477731,0.296802545543137,-60.7178244950273,0,0.454999999999927
"S3",100,1.5,3,0.3,472,9999.85005446478,2.59546817007589,0.543682408297064,-63.7414366865915,0,0.952999999999975
"S3",100,1.5,3,0.3,473,9999.86441085149,2.74762156953743,0.433688234312858,-65.9638575879735,0,1.03099999999995
"S3",100,1.5,3,0.3,474,16.9310268779095,2.7285751765254,0.457667935503625,-64.5795935207415,0,0.564000000000306
"S3",100,1.5,3,0.3,475,9.01635679624905,2.83477397247305,0.468454415771617,-58.3839647022885,0,0.574000000000069
"S3",100,1.5,3,0.3,476,1.63119185583017,3.00072694690108,0.34947874981083,-55.7879944589177,0,0.471999999999753
"S3",100,1.5,3,0.3,477,2.9677852085007,2.76062549204653,0.38573216582371,-64.5311952286543,0,0.490999999999985
"S3",100,1.5,3,0.3,478,0.978979668949422,3.1524695813608,0.24006041663806,-56.8526289530472,0,0.450000000000273
"S3",100,1.5,3,0.3,479,9999.98961592905,2.49420752575844,0.607577906501332,-62.6429739221409,0,0.885000000000218
"S3",100,1.5,3,0.3,480,0.555514492443262,3.33553804652688,0.132141799342245,-61.5480041120354,0,0.483000000000175
"S3",100,1.5,3,0.3,481,10.5731839539942,2.75159354667948,0.546838978059711,-56.4834250174512,0,0.544999999999618
"S3",100,1.5,3,0.3,482,0.688740650791124,3.32323356068858,0.201942524756674,-51.9789257264453,0,0.454999999999927
"S3",100,1.5,3,0.3,483,0.677113503151562,2.81968163096024,0.204316904387,-67.8550982862124,0,0.473999999999705
"S3",100,1.5,3,0.3,484,1.3309342331638,2.8545631537743,0.326028495823326,-60.2044746007469,0,0.443000000000211
"S3",100,1.5,3,0.3,485,9999.94414982917,2.51950087169161,0.634588737663395,-62.025925118786,0,0.829000000000178
"S3",100,1.5,3,0.3,486,0.567585609640466,3.12552562624339,0.149353595296527,-63.8839529359244,0,0.467999999999847
"S3",100,1.5,3,0.3,487,0.317461427135828,3.49347093553005,0.1054575838894,-52.7022951114364,0,0.567000000000007
"S3",100,1.5,3,0.3,488,0.561649944546968,3.26509131921389,0.203399555577847,-50.0078071393584,0,0.45699999999988
"S3",100,1.5,3,0.3,489,0.975050722825818,3.23129323863974,0.257474977229958,-52.9410243599335,0,0.467000000000098
"S3",100,1.5,3,0.3,490,1.48676343573282,3.14507135506563,0.267844972284233,-58.6825928311117,0,0.472999999999956
"S3",100,1.5,3,0.3,491,0.653447197573381,3.28614373359203,0.224071868706727,-49.2493301254831,0,0.473999999999705
"S3",100,1.5,3,0.3,492,9999.98987253699,2.7939709359249,0.516256867081273,-57.8320271984727,0,0.92699999999968
"S3",100,1.5,3,0.3,493,1.25669278254467,2.8587939472644,0.350764475157876,-56.8696739625546,0,0.51299999999992
"S3",100,1.5,3,0.3,494,1.49317885261622,3.38292717433181,0.212222707815378,-57.6434484715568,0,0.485999999999876
"S3",100,1.5,3,0.3,495,0.9523390521192,3.1711803884148,0.270012958707608,-51.7037659457454,0,0.458999999999833
"S3",100,1.5,3,0.3,496,0.579046482112925,3.20626154137218,0.201208060866448,-52.7215609133066,0,0.458000000000084
"S3",100,1.5,3,0.3,497,0.535549516552204,3.1609323919877,0.174318729292682,-56.3008635138701,0,0.554999999999836
"S3",100,1.5,3,0.3,498,1.67614588775656,3.19661667227845,0.295190036706571,-55.5871163587574,0,0.494999999999891
"S3",100,1.5,3,0.3,499,0.395908925551928,3.4789500615911,0.121381912088382,-52.2836722507306,0,0.501999999999953
"S3",100,1.5,3,0.3,500,0.825916268019543,3.0854991284924,0.239605026461306,-58.0496917760842,0,0.4699999999998
"S3",100,1.5,3,0.3,501,9999.91181192499,2.57145087738732,0.807520000635134,-49.0171211633951,0,0.894000000000233
"S3",100,1.5,3,0.3,502,0.909215222577011,3.99820532603148,0.204694134641207,-36.5072489881494,0,0.480000000000018
"S3",100,1.5,3,0.3,503,4.99520967102882,3.00801318444902,0.572246117891316,-45.1987905628466,0,0.492999999999938
"S3",100,1.5,3,0.3,504,1.47161968412496,2.97096838996483,0.292282683420463,-60.8369200195385,0,0.428999999999633
"S3",100,1.5,3,0.3,505,0.708950160835847,3.6902477154615,0.153951662617489,-49.3957378492159,0,0.463000000000193
"S3",100,1.5,3,0.3,506,2.01845706365754,2.75680385530229,0.323231270104149,-68.2249141036563,0,0.4399999999996
"S3",100,1.5,3,0.3,507,0.778827331541523,2.98209147087797,0.206548788745875,-64.8632370570965,0,0.536000000000058
"S3",100,1.5,3,0.3,508,0.773390197803877,3.46033959008111,0.171843090794695,-54.3421919491851,0,0.478000000000065
"S3",100,1.5,3,0.3,509,9999.96268787717,2.476313427501,0.468576375144918,-75.641473790517,0,0.846000000000004
"S3",100,1.5,3,0.3,510,38.5155215642949,2.57966492444517,0.627761807531404,-58.2284017205148,0,0.679000000000087
"S3",100,1.5,3,0.3,511,0.436458976290546,3.42437951649194,0.134412512352068,-53.8080669039853,0,0.505999999999858
"S3",100,1.5,3,0.3,512,6.16763205239157,2.56961971007258,0.566895901949716,-60.1154889302884,0,0.516999999999825
"S3",100,1.5,3,0.3,513,0.371981696741249,3.75009137051548,0.103062419559625,-48.6409119296256,0,0.548999999999978
"S3",100,1.5,3,0.3,514,0.601517250768331,3.39531539890411,0.157199786785746,-55.9945274806009,0,0.446000000000367
"S3",100,1.5,3,0.3,515,5.07791293834455,2.59333560163191,0.456282002901055,-67.1937226519348,0,0.552000000000135
"S3",100,1.5,3,0.3,516,0.556496016635987,3.15962881192709,0.151209986176603,-61.9229429159041,0,0.519000000000233
"S3",100,1.5,3,0.3,517,4.68013336668495,3.07322634072621,0.476597876260705,-48.7676494697082,0,0.463000000000193
"S3",100,1.5,3,0.3,518,1.47743236464876,2.83605964287669,0.289923497015318,-65.1336865385757,0,0.490999999999985
"S3",100,1.5,3,0.3,519,0.432980699127999,3.21784434787215,0.129783326542273,-60.2575918347539,0,0.500999999999749
"S3",100,1.5,3,0.3,520,2.56088724476625,3.14396388717213,0.358054734727682,-53.2024529169723,0,0.467000000000098
"S3",100,1.5,3,0.3,521,1.12044208167327,3.20186979614835,0.306533975633773,-49.656729391134,0,0.468000000000302
"S3",100,1.5,3,0.3,522,1.02494784727419,2.7693888392621,0.288777948209719,-63.5157849445515,0,0.505000000000109
"S3",100,1.5,3,0.3,523,0.239755248556512,3.30822087964378,0.0854257945433573,-57.8391334333929,0,0.514000000000124
"S3",100,1.5,3,0.3,524,0.661004739425376,3.39125951988554,0.177572583717383,-53.4415011675033,0,0.447999999999865
"S3",100,1.5,3,0.3,525,2.60606510065644,2.63226181004654,0.453496480691273,-61.7370493190204,0,0.478999999999814
"S3",100,1.5,3,0.3,526,1.90424763164718,2.64658149584197,0.374163366340627,-66.3332475859687,0,0.447999999999865
"S3",100,1.5,3,0.3,527,0.257373006741047,3.84684294462873,0.0825981481237751,-44.215897315569,0,0.606999999999971
"S3",100,1.5,3,0.3,528,2.20135698400597,2.75776022993239,0.363457914690377,-64.4662055073117,0,0.452000000000226
"S3",100,1.5,3,0.3,529,9999.98873161228,2.40161703783815,0.754680995161847,-58.8165555353415,0,0.856999999999971
"S3",100,1.5,3,0.3,530,1.98330659345142,3.59091755466576,0.320494897161635,-42.3760561583482,0,0.438000000000102
"S3",100,1.5,3,0.3,531,1.77243378680617,3.24806381242601,0.310160583318568,-52.5972766942932,0,0.461999999999989
"S3",100,1.5,3,0.3,532,9997.41988591313,2.46310620903831,0.662846114306332,-61.4314370985488,0,0.932999999999993
"S3",100,1.5,3,0.3,533,9999.48282537146,2.44062748384371,0.74563397498669,-57.0451735787007,0,1.01699999999983
"S3",100,1.5,3,0.3,534,0.427233272187926,3.1212808243936,0.142756527399573,-58.928574965435,0,0.567000000000007
"S3",100,1.5,3,0.3,535,9999.94521256487,2.41751058836384,0.495565172954986,-76.0409273552305,0,0.891999999999825
"S3",100,1.5,3,0.3,536,0.705435131996998,3.6022858845653,0.143560816560055,-53.991781083027,0,0.494000000000142
"S3",100,1.5,3,0.3,537,0.620032368943413,2.90814873420651,0.191516609889045,-63.9850490112513,0,0.507000000000062
"S3",100,1.5,3,0.3,538,1.95661505078102,3.0170887519467,0.320690600452373,-59.0233876029392,0,0.4699999999998
"S3",100,1.5,3,0.3,539,8.17133999340919,2.41333499692364,0.476413520834564,-74.0260348100586,0,0.634000000000015
"S3",100,1.5,3,0.3,540,1.00242252172468,2.92472375880927,0.316212773036467,-55.3302593205919,0,0.509000000000015
"S3",100,1.5,3,0.3,541,0.964360664293746,3.19355545921457,0.216984673889301,-58.6407648260384,0,0.465999999999894
"S3",100,1.5,3,0.3,542,5.57599995993652,2.75262460079291,0.480851149952488,-59.7365303710081,0,0.481999999999971
"S3",100,1.5,3,0.3,543,1.06494796892658,3.62378063726712,0.185582926792231,-51.4403630519535,0,0.517999999999574
"S3",100,1.5,3,0.3,544,5.05957272628279,2.82198432792881,0.398518708069101,-63.7635023341852,0,0.525000000000091
"S3",100,1.5,3,0.3,545,1.36475978329473,2.83020827665002,0.324432905287171,-61.5144793877096,0,0.463999999999942
"S3",100,1.5,3,0.3,546,0.298307588760386,3.96301273340409,0.0861741041425038,-42.8982893608918,0,0.545999999999822
"S3",100,1.5,3,0.3,547,0.670224675352109,3.22127732243246,0.176763004040199,-58.5567685659497,0,0.452000000000226
"S3",100,1.5,3,0.3,548,1.80367932633287,3.02623479107617,0.251045978274729,-66.260662614329,0,0.450999999999567
"S3",100,1.5,3,0.3,549,15.2976417926072,2.56450956803251,0.507274985166677,-66.6430793469164,0,0.61200000000008
"S3",100,1.5,3,0.3,550,9999.98432223633,2.74977085290628,0.43714917588105,-66.1027127983282,0,0.88799999999992
"S3",100,1.5,3,0.3,551,0.73501522578251,2.75854670313437,0.210915112720019,-70.2016132646398,0,0.478999999999814
"S3",100,1.5,3,0.3,552,6.06218560569875,2.61317759430787,0.517249162002737,-61.9012604763174,0,0.606999999999971
"S3",100,1.5,3,0.3,553,15.4140945694277,2.81018630774852,0.494783345559246,-58.396691156212,0,0.597000000000207
"S3",100,1.5,3,0.3,554,1.23485842955576,3.16041345159309,0.288893568889907,-53.6674598249801,0,0.461999999999989
"S3",100,1.5,3,0.3,555,9999.98293802601,2.75743718787432,0.637902654680195,-51.9181573218433,0,0.870000000000346
"S3",100,1.5,3,0.3,556,1.47206134268536,3.13540036585551,0.321675883940691,-53.4184977574128,0,0.467999999999847
"S3",100,1.5,3,0.3,557,0.589038113088423,3.18322760263487,0.131125165910298,-66.8956617100781,0,0.474999999999909
"S3",100,1.5,3,0.3,558,1.49215913176073,3.03855903188705,0.259084545461984,-62.9956061725504,0,0.452999999999975
"S3",100,1.5,3,0.3,559,1.79593091267768,3.40996936445434,0.292402584727484,-49.6211104159821,0,0.478000000000065
"S3",100,1.5,3,0.3,560,1.88821044403869,3.41061057361611,0.285675756229451,-50.2163005903687,0,0.478000000000065
"S3",100,1.5,3,0.3,561,2.25898664996596,3.11217469652189,0.296973334219067,-59.1932842768967,0,0.504999999999654
"S3",100,1.5,3,0.3,562,0.575846055960247,3.4643031589458,0.176199649347678,-48.8204828771177,0,0.492999999999938
"S3",100,1.5,3,0.3,563,0.704072767441984,3.19012380868154,0.194252420471647,-57.1177491198604,0,0.484999999999673
"S3",100,1.5,3,0.3,564,0.735079271150841,3.29505653775448,0.21287760068173,-52.5451369651722,0,0.480000000000018
"S3",100,1.5,3,0.3,565,9.83862618570393,2.5200195499417,0.551153917836017,-64.1797064480262,0,0.550000000000182
"S3",100,1.5,3,0.3,566,1.05626966957589,3.34779673282259,0.220669926118497,-54.0479699222875,0,0.445999999999913
"S3",100,1.5,3,0.3,567,1.41476546649587,3.16692082665614,0.343162668094341,-49.9046028406978,0,0.469000000000051
"S3",100,1.5,3,0.3,568,2.57094381149151,2.98409179888771,0.35505084559352,-59.2246081727801,0,0.478999999999814
"S3",100,1.5,3,0.3,569,0.699042203592808,3.4028372453088,0.218389539535665,-47.6500956816363,0,0.451000000000022
"S3",100,1.5,3,0.3,570,1.75908955362857,3.06328480261416,0.30289564982057,-58.3710634553977,0,0.510999999999967
"S3",100,1.5,3,0.3,571,9999.94048397839,2.91030074707054,0.539912140406337,-54.0641413544381,0,0.844000000000051
"S3",100,1.5,3,0.3,572,2.60426595292402,3.01658818731839,0.358622620652956,-57.6262508679379,0,0.477000000000317
"S3",100,1.5,3,0.3,573,1.44923565420016,3.8595929553476,0.255461486871542,-38.4569820833333,0,0.461999999999989
"S3",100,1.5,3,0.3,574,2.10183252431309,2.97471632604029,0.330154233421355,-59.8422386223307,0,0.449999999999818
"S3",100,1.5,3,0.3,575,2.25840320889065,2.84596380909169,0.354845650811265,-62.61191105144,0,0.524999999999636
"S3",100,1.5,3,0.3,576,0.617150514306848,3.4966848936958,0.161404329837372,-51.9877490537584,0,0.480000000000018
"S3",100,1.5,3,0.3,577,0.19067948953965,3.68331634460588,0.0648228440960246,-49.2241568244633,0,0.536000000000058
"S3",100,1.5,3,0.3,578,9999.9685533842,2.80895348606891,0.469922021621108,-61.5892346752285,0,0.891999999999825
"S3",100,1.5,3,0.3,579,3.00597088949505,3.46643065820234,0.354910559398749,-44.3818574336602,0,0.469000000000051
"S3",100,1.5,3,0.3,580,4.55402044306205,3.01410837690963,0.388909948419943,-57.1951812384886,0,0.556999999999789
"S3",100,1.5,3,0.3,581,1.44339844997604,3.0071937505505,0.297191063545643,-58.7444406841018,0,0.458000000000084
"S3",100,1.5,3,0.3,582,0.545988048753978,3.15396636746024,0.183639757231825,-55.6028665771446,0,0.503999999999905
"S3",100,1.5,3,0.3,583,0.783231249469066,3.40690868949474,0.228572353172769,-47.5921199157109,0,0.451999999999771
"S3",100,1.5,3,0.3,584,9999.95010389874,2.29037012664647,0.637780015153148,-69.5641110962817,0,0.871999999999844
"S3",100,1.5,3,0.3,585,0.787151010242008,3.14398734562503,0.197408233966462,-59.6306962887399,0,0.463000000000193
"S3",100,1.5,3,0.3,586,0.115363072656162,3.37857627522205,0.0450462346291216,-54.7048603343393,0,0.541000000000167
"S3",100,1.5,3,0.3,587,0.77970273567013,3.4072879114729,0.202315466306678,-51.7273533395544,0,0.498999999999796
"S3",100,1.5,3,0.3,588,0.463232666252084,3.58356882313763,0.118626923390013,-53.1317489050878,0,0.485999999999876
"S3",100,1.5,3,0.3,589,0.883763124987285,3.08539016310738,0.251568608039879,-56.2881232039387,0,0.445000000000164
"S3",100,1.5,3,0.3,590,3.198049189568,3.17990295215772,0.376279928336137,-51.2989306274463,0,0.51299999999992
"S3",100,1.5,3,0.3,591,1.11639971027434,2.65257251412986,0.289791403860684,-69.0954436732311,0,0.451999999999771
"S3",100,1.5,3,0.3,592,1.99667963120229,2.97626267581315,0.418219433522191,-52.0415773598048,0,0.469000000000051
"S3",100,1.5,3,0.3,593,2.51282506060154,3.32081683168702,0.310874907867743,-51.7390951666654,0,0.460000000000036
"S3",100,1.5,3,0.3,594,9999.32613206973,3.04893512912097,0.586118627721464,-45.4713005186779,0,0.940000000000055
"S3",100,1.5,3,0.3,595,0.785642867785505,3.11265996620161,0.208280405835561,-58.9811097285415,0,0.461999999999989
"S3",100,1.5,3,0.3,596,14.0507555497469,3.06103841746805,0.544982293320453,-45.9699467018882,0,0.590999999999894
"S3",100,1.5,3,0.3,597,5.57941829318884,2.70321132222649,0.409469089826596,-67.2604586070279,0,0.550999999999931
"S3",100,1.5,3,0.3,598,9999.91947794443,2.58648537826372,0.451877625502621,-71.7461103732313,0,0.954999999999927
"S3",100,1.5,3,0.3,599,9999.83714205037,2.66806317914407,0.437375561367445,-69.451182157179,0,0.930000000000291
"S3",100,1.5,3,0.3,600,4.31234126434804,2.9805705440654,0.414493783387509,-56.1798859805841,0,0.478000000000065
"S3",100,1.5,3,0.3,601,1.05591163248452,3.07547548268711,0.204504566521424,-65.6722857785132,0,0.452000000000226
"S3",100,1.5,3,0.3,602,0.463116028980553,3.45559481712643,0.123666506197153,-56.0218642648154,0,0.507000000000062
"S3",100,1.5,3,0.3,603,0.951146756394645,3.19408105507733,0.197318732005545,-61.1902479563037,0,0.454000000000178
"S3",100,1.5,3,0.3,604,1.00438837471829,3.07649348868064,0.216328741635609,-62.8269737362003,0,0.467000000000098
"S3",100,1.5,3,0.3,605,4.5366505523882,2.65486626156711,0.52191524826969,-59.2177385647386,0,0.507999999999811
"S3",100,1.5,3,0.3,606,9999.97938685554,2.67432437450143,0.453695308851567,-67.046830544159,0,0.956000000000131
"S3",100,1.5,3,0.3,607,0.473757158685305,3.34895928749474,0.171064869710596,-49.6114425707434,0,0.473999999999705
"S3",100,1.5,3,0.3,608,1.7779955552287,2.54134849436846,0.352750169830086,-71.6553718293584,0,0.455000000000382
"S3",100,1.5,3,0.3,609,553.290032058384,2.83179028739188,0.605467034400066,-51.0391026612705,0,0.826999999999771
"S3",100,1.5,3,0.3,610,1.36116233542126,3.24954316150964,0.259573093701439,-55.5536615228322,0,0.483999999999924
"S3",100,1.5,3,0.3,611,2.61935964915821,2.69542866911211,0.475170618600852,-57.9879203611139,0,0.469000000000051
"S3",100,1.5,3,0.3,612,0.482377172784741,2.99466434945313,0.175648536088518,-59.9841281329875,0,0.465999999999894
"S3",100,1.5,3,0.3,613,0.749761921036742,3.92793502825283,0.130996189762054,-47.9534629734398,0,0.480999999999767
"S3",100,1.5,3,0.3,614,1.2096364229399,2.99122885761195,0.257970133227117,-62.8117725628846,0,0.447999999999865
"S3",100,1.5,3,0.3,615,0.518744573379446,3.17975581624663,0.144952213144347,-61.1678119812368,0,0.574999999999818
"S3",100,1.5,3,0.3,616,0.378019337376073,3.74332556436353,0.093058209237512,-52.3477866077918,0,0.507999999999811
"S3",100,1.5,3,0.3,617,0.702723487561356,3.09629041444778,0.182084959232489,-62.3475609260802,0,0.574999999999818
"S3",100,1.5,3,0.3,618,9999.88752947833,2.46671165587875,0.624450239410692,-63.8595564699262,0,0.842000000000098
"S3",100,1.5,3,0.3,619,4.39525714320549,2.87439748522062,0.395065886468725,-61.4088066856212,0,0.51299999999992
"S3",100,1.5,3,0.3,620,2.4111772387124,2.96310999539901,0.340508416128679,-60.5892249318137,0,0.464999999999691
"S3",100,1.5,3,0.3,621,4.39903736738111,2.87940941840137,0.388807086319674,-62.1029018170919,0,0.51700000000028
"S3",100,1.5,3,0.3,622,0.538586522807832,3.31056476587507,0.172085711958512,-53.5947369155128,0,0.478000000000065
"S3",100,1.5,3,0.3,623,1.66131605566939,3.16189957023745,0.356635923224865,-49.556671939081,0,0.447000000000116
"S3",100,1.5,3,0.3,624,0.703456043573115,3.22595503487389,0.171273634307247,-60.8882267555194,0,0.45699999999988
"S3",100,1.5,3,0.3,625,0.598850104665904,3.21208459077489,0.179455927385263,-56.9980311772034,0,0.465999999999894
"S3",100,1.5,3,0.3,626,0.747684239452842,3.18365270194026,0.183579957277088,-60.1062715244825,0,0.458000000000084
"S3",100,1.5,3,0.3,627,0.519213640023404,4.01671003634183,0.137310352733568,-39.4486536640337,0,0.481000000000222
"S3",100,1.5,3,0.3,628,0.120026888912492,3.80788958265168,0.0376844952624636,-50.1897315142378,0,0.548000000000229
"S3",100,1.5,3,0.3,629,0.902794552674699,3.19455809276652,0.24184804318572,-54.1052180038967,0,0.436000000000149
"S3",100,1.5,3,0.3,630,0.33385032072229,3.43376808264059,0.122870917485631,-50.1500159160747,0,0.465000000000146
"S3",100,1.5,3,0.3,631,9.36444575016704,2.53453518448553,0.552010551622327,-63.3896002570039,0,0.557999999999993
"S3",100,1.5,3,0.3,632,0.593870273389802,3.29222848008576,0.188247280217553,-52.0668416497003,0,0.467999999999847
"S3",100,1.5,3,0.3,633,216.507702032883,2.62774990754327,0.483168434163232,-67.5431564050837,0,0.642999999999574
"S3",100,1.5,3,0.3,634,5.26508247975393,2.79631584521214,0.462697942770647,-59.3605687200506,0,0.474999999999909
"S3",100,1.5,3,0.3,635,2.33258691702183,2.7087942559555,0.321445348896888,-72.2013097208693,0,0.449000000000069
"S3",100,1.5,3,0.3,636,2.17701644613894,3.1980377082025,0.304478086121249,-56.0191323756278,0,0.453999999999724
"S3",100,1.5,3,0.3,637,1.399366324759,3.22912049381628,0.299245382423901,-51.7296860268153,0,0.447999999999865
"S3",100,1.5,3,0.3,638,1.34247076470635,3.23157051956393,0.220271508242992,-60.7276750441574,0,0.440000000000055
"S3",100,1.5,3,0.3,639,10.4302042567752,2.68755983016566,0.446139788045183,-66.46257690111,0,0.52599999999984
"S3",100,1.5,3,0.3,640,0.77606755819504,3.05576090444982,0.204908882866375,-61.6852117578563,0,0.47400000000016
"S3",100,1.5,3,0.3,641,0.989249324642705,3.02631992218945,0.245219274786428,-60.2707339487825,0,0.501999999999953
"S3",100,1.5,3,0.3,642,1.06416049424635,3.08404718485377,0.274380023580392,-55.8456281846686,0,0.451999999999771
"S3",100,1.5,3,0.3,643,0.913670354292028,2.83794134472482,0.210734784457227,-70.6399014463345,0,0.438000000000102
"S3",100,1.5,3,0.3,644,2.06797684436939,2.98873405696298,0.433558308262945,-50.7150226893596,0,0.466999999999643
"S3",100,1.5,3,0.3,645,1.05877537153898,2.94216998471671,0.242675094101445,-64.2742902372541,0,0.483000000000175
"S3",100,1.5,3,0.3,646,0.526072277210105,3.20670482645174,0.176815225427425,-54.5993358104052,0,0.486999999999625
"S3",100,1.5,3,0.3,647,9999.71570904223,2.89567168342155,0.607549862202558,-48.2590043444954,0,1.19799999999987
"S3",100,1.5,3,0.3,648,1.61116646143986,3.01452977571721,0.292402126717839,-61.1988693619691,0,0.410000000000309
"S3",100,1.5,3,0.3,649,2.67644912549576,3.07399352210129,0.346335722189228,-56.6584989574702,0,0.485000000000127
"S3",100,1.5,3,0.3,650,1.27802280898094,2.70855893236315,0.280727460601827,-70.8899639976411,0,0.473000000000411
"S3",100,1.5,3,0.3,651,0.613781935506399,3.1757648587824,0.17248399102401,-59.377739861401,0,0.498000000000047
"S3",100,1.5,3,0.3,652,0.176702748402402,3.38005326027936,0.0573108905587435,-59.1317952828911,0,0.558999999999742
"S3",100,1.5,3,0.3,653,1.13121290060351,3.17849834908848,0.324672410163769,-48.489842252761,0,0.466999999999643
"S3",100,1.5,3,0.3,654,1.37143578632546,2.79743484575201,0.384480706975832,-56.3412056422703,0,0.447999999999865
"S3",100,1.5,3,0.3,655,2.53910277156667,3.23528414809853,0.352116445602928,-51.2101662525844,0,0.452000000000226
"S3",100,1.5,3,0.3,656,1.78854345692525,2.98748786074887,0.316495079482292,-59.3367129719197,0,0.478000000000065
"S3",100,1.5,3,0.3,657,1.7865823453474,3.09851128610236,0.310467398896963,-57.53961460999,0,0.444999999999709
"S3",100,1.5,3,0.3,658,2.35349155978304,2.74539282821801,0.469638996211558,-56.7768242111216,0,0.434000000000196
"S3",100,1.5,3,0.3,659,9999.89976616158,2.52746167376543,0.631776549356609,-60.8225376270529,0,0.872999999999593
"S3",100,1.5,3,0.3,660,1.86216038192115,3.04605536808924,0.274568054021592,-62.76264252816,0,0.460000000000036
"S3",100,1.5,3,0.3,661,0.491153097846518,3.22374731924612,0.167550364535847,-54.794584956334,0,0.475000000000364
"S3",100,1.5,3,0.3,662,1.27917833953096,2.79148691642287,0.279571014002812,-67.5616656624941,0,0.453999999999724
"S3",100,1.5,3,0.3,663,0.50916625436766,3.2226678465856,0.178943933307984,-52.8895214813713,0,0.535000000000309
"S3",100,1.5,3,0.3,664,0.690285630700007,3.06663149945409,0.196104071452544,-61.3581833512887,0,0.474999999999909
"S3",100,1.5,3,0.3,665,2.42365141367908,2.71112520491491,0.349135003720865,-68.7582333812651,0,0.460000000000036
"S3",100,1.5,3,0.3,666,1.44695013052337,2.77824232705998,0.298340164027287,-67.0677274915048,0,0.495000000000346
"S3",100,1.5,3,0.3,667,2.07911034614391,3.57248308867261,0.288897447542862,-45.4649196397513,0,0.452999999999975
"S3",100,1.5,3,0.3,668,4.79784141382458,2.94564824123158,0.573067907787592,-46.2931470905331,0,0.5300000000002
"S3",100,1.5,3,0.3,669,1.6152547686863,3.0927561049125,0.246177971267391,-64.3561913707139,0,0.509000000000015
"S3",100,1.5,3,0.3,670,46.72042449429,2.53175384031462,0.578646468401675,-63.6191028979404,0,0.641000000000076
"S3",100,1.5,3,0.3,671,1.94000076826489,2.83895677320795,0.334190118283399,-63.7614390766109,0,0.490999999999985
"S3",100,1.5,3,0.3,672,1.33254744151307,2.86160832288023,0.299627634839774,-62.3741224282786,0,0.474999999999909
"S3",100,1.5,3,0.3,673,2.3311774889501,3.17160523213136,0.370826389118601,-50.5618899314967,0,0.467000000000098
"S3",100,1.5,3,0.3,674,0.23261941224626,3.10224349499251,0.0849448487237409,-63.2660925081778,0,0.509999999999764
"S3",100,1.5,3,0.3,675,9999.64364385159,2.40883720190643,0.623398795184142,-65.7344832466477,0,0.922000000000025
"S3",100,1.5,3,0.3,676,1.11422210426145,3.5138216008774,0.185555769217347,-54.9766333338522,0,0.505000000000109
"S3",100,1.5,3,0.3,677,0.0640049034038822,3.79253003731163,0.0195560984176789,-51.4973169491421,0,0.563000000000102
"S3",100,1.5,3,0.3,678,5.99222073227074,3.01419361154133,0.481250599814896,-50.8996348411174,0,0.488000000000284
"S3",100,1.5,3,0.3,679,3.81552367421784,2.90784864584419,0.427261599249329,-57.1545517752056,0,0.520999999999731
"S3",100,1.5,3,0.3,680,6.86055546301059,2.8076731368646,0.394934206990557,-64.6796725184934,0,0.545999999999822
"S3",100,1.5,3,0.3,681,1.72597795474651,2.68066355009082,0.307603643945426,-71.1797776908074,0,0.438000000000102
"S3",100,1.5,3,0.3,682,2.24380426480357,3.09951700163088,0.361851921233396,-53.2131601280574,0,0.442999999999756
"S3",100,1.5,3,0.3,683,27.9454562492153,2.66847840201124,0.532380535780047,-61.3389314552031,0,0.563999999999851
"S3",100,1.5,3,0.3,684,9999.91090096035,3.07876068802301,0.491444846313991,-50.7610904947894,0,0.804000000000087
"S3",100,1.5,3,0.3,685,1.57137089419842,2.78148597794261,0.307859960456172,-66.2526306965241,0,0.436999999999898
"S3",100,1.5,3,0.3,686,9999.98075541519,2.54129162281487,0.628261155403119,-61.1352891072885,0,0.882999999999811
"S3",100,1.5,3,0.3,687,2.72422691847494,2.79467699896122,0.369939496671641,-64.6015368437797,0,0.444999999999709
"S3",100,1.5,3,0.3,688,5.82443377716206,3.14018662391409,0.548234844978718,-42.868079246846,0,0.503999999999905
"S3",100,1.5,3,0.3,689,9999.98156389328,2.51732737410031,0.535617205126103,-67.6872347472878,0,0.907999999999902
"S3",100,1.5,3,0.3,690,1.66720661512685,2.84584637874733,0.26778779770785,-69.8041720531047,0,0.486000000000331
"S3",100,1.5,3,0.3,691,0.340784025457174,3.47194527521828,0.117904131353971,-50.9939154910125,0,0.501999999999953
"S3",100,1.5,3,0.3,692,0.203443588367508,3.69861253198983,0.0725244704517381,-46.4952111890229,0,0.529999999999745
"S3",100,1.5,3,0.3,693,1.88969454125909,3.31721587844057,0.337104783513616,-48.8699422296263,0,0.503999999999905
"S3",100,1.5,3,0.3,694,2.45002016669386,2.69416112006457,0.444548288306289,-60.3100455666373,0,0.523999999999887
"S3",100,1.5,3,0.3,695,0.868127910489357,2.88893714242633,0.244001253357703,-63.3591279607104,0,0.489000000000033
"S3",100,1.5,3,0.3,696,0.735734694356081,3.29339595318599,0.222380126920306,-51.0080324503447,0,0.525000000000091
"S3",100,1.5,3,0.3,697,0.232227442647759,3.40413391051406,0.0863437375717055,-52.9460733547226,0,0.56899999999996
"S3",100,1.5,3,0.3,698,0.52637763833573,3.97328620738104,0.184179117750803,-32.4572465692267,0,0.561999999999898
"S3",100,1.5,3,0.3,699,0.786258400886272,3.02049411708893,0.245632811119076,-57.5750446595192,0,0.447999999999865
"S3",100,1.5,3,0.3,700,0.749737988113484,3.02264159332194,0.1963134352901,-63.4463999525542,0,0.455999999999676
"S3",100,1.5,3,0.3,701,0.678071314700517,3.71958163278665,0.137620724746252,-51.6912094530184,0,0.48299999999972
"S3",100,1.5,3,0.3,702,0.622599977673557,3.35417439589453,0.149663699477693,-59.3222644919191,0,0.449999999999818
"S3",100,1.5,3,0.3,703,9999.94195390813,2.4622345412278,0.697496106134247,-59.3749106108052,0,0.965000000000146
"S3",100,1.5,3,0.3,704,0.220891244954748,3.82408638927867,0.0760835672791022,-44.6381437632509,0,0.546000000000276
"S3",100,1.5,3,0.3,705,0.455205211090822,2.95087233927924,0.138010999132623,-67.8354647059967,0,0.494999999999891
"S3",100,1.5,3,0.3,706,1.124517450192,3.67261682411032,0.360286437700276,-31.4789990020502,0,0.481999999999971
"S3",100,1.5,3,0.3,707,6.13077778407514,2.98754073196374,0.370957108933923,-60.4368611547231,0,0.514999999999873
"S3",100,1.5,3,0.3,708,0.145068754261633,4.20948071118675,0.0404352695420199,-41.7100206977091,0,0.56899999999996
"S3",100,1.5,3,0.3,709,0.770912031617596,2.89836299714668,0.187053218815815,-69.3041709952127,0,0.572000000000116
"S3",100,1.5,3,0.3,710,1.24765120962846,2.90161472652465,0.26562673398323,-65.3047901929362,0,0.463999999999942
"S3",100,1.5,3,0.3,711,0.339606370734196,3.12617354340696,0.120268424832604,-59.7491349284067,0,0.577999999999975
"S3",100,1.5,3,0.3,712,2.01657601656051,2.55600658022498,0.335661641235324,-74.2978928545383,0,0.492999999999938
"S3",100,1.5,3,0.3,713,1.65524161205664,3.04779688217646,0.275531382527721,-61.4170649195065,0,0.516000000000076
"S3",100,1.5,3,0.3,714,1.19607917647085,3.31829243640625,0.259064961109737,-51.6325940864967,0,0.512000000000171
"S3",100,1.5,3,0.3,715,8.73483833341938,2.56028697696098,0.492820041474391,-67.105897021913,0,0.572999999999865
"S3",100,1.5,3,0.3,716,1.00696802399375,3.51101051966053,0.18083863380884,-54.7260682651604,0,0.487999999999829
"S3",100,1.5,3,0.3,717,0.665496215669387,2.98175090857313,0.139709178253088,-74.1985260771112,0,0.496999999999844
"S3",100,1.5,3,0.3,718,1.67717738107651,2.79456240697558,0.327820717100263,-64.3645591787823,0,0.523000000000138
"S3",100,1.5,3,0.3,719,0.94007965095396,3.51472509999391,0.168372662673005,-56.2103728707159,0,0.600999999999658
"S3",100,1.5,3,0.3,720,2.02273562762842,2.98129681423499,0.361554569223923,-57.1351175015311,0,0.471000000000004
"S3",100,1.5,3,0.3,721,16.1859919372989,2.76953504248251,0.510321042908125,-58.6657744283998,0,0.614999999999782
"S3",100,1.5,3,0.3,722,0.277386692829932,3.37111999727721,0.0935414400254513,-55.1854221909169,0,0.490999999999985
"S3",100,1.5,3,0.3,723,9999.96176617856,2.50291259067524,0.696366822257547,-57.3312880308397,0,0.867999999999938
"S3",100,1.5,3,0.3,724,4.95426431732244,3.66268477235506,0.314421594896322,-43.4963419011075,0,0.505000000000109
"S3",100,1.5,3,0.3,725,14.6029622234592,3.0880715638938,0.408532021923886,-55.3079983803131,0,0.527000000000044
"S3",100,1.5,3,0.3,726,0.513414360053154,3.37685294549733,0.195050336315849,-46.1338383680645,0,0.466999999999643
"S3",100,1.5,3,0.3,727,2.6060320931658,2.95649377788567,0.488035044534919,-49.2926702506953,0,0.460000000000036
"S3",100,1.5,3,0.3,728,0.60904128278529,3.35849626703739,0.150268342468271,-57.9877963258603,0,0.460999999999785
"S3",100,1.5,3,0.3,729,12.206757404009,2.69564857751851,0.512896040067386,-61.0442664443605,0,0.53899999999976
"S3",100,1.5,3,0.3,730,1.20737994893775,2.98309733612302,0.316817823869142,-56.0229617531994,0,0.447000000000116
"S3",100,1.5,3,0.3,731,1.05947733182336,3.21133434706642,0.186632836036862,-63.8956995188847,0,0.506000000000313
"S3",100,1.5,3,0.3,732,9999.88639080007,3.03229085547216,0.54955933498604,-48.476916311597,0,0.840999999999894
"S3",100,1.5,3,0.3,733,1.22923707455611,3.00348693434385,0.247813872707383,-63.2664671427308,0,0.440999999999804
"S3",100,1.5,3,0.3,734,1.34032853342758,3.21576135280336,0.297382893717799,-52.0705105807281,0,0.471000000000004
"S3",100,1.5,3,0.3,735,0.187338344865867,3.51946829858347,0.0656835794778567,-52.9494139511935,0,0.570000000000164
"S3",100,1.5,3,0.3,736,2.44560853582788,2.76915246277959,0.366802405389493,-65.1565594226795,0,0.518000000000029
"S3",100,1.5,3,0.3,737,0.655731045436099,3.55113824174935,0.161331598893474,-51.6359848329506,0,0.516999999999825
"S3",100,1.5,3,0.3,738,1.96110844157124,2.87926837834463,0.386810052782399,-57.6933879234898,0,0.51299999999992
"S3",100,1.5,3,0.3,739,1.19385493814527,2.98271129019567,0.369132525075963,-51.0975120568175,0,0.539000000000215
"S3",100,1.5,3,0.3,740,0.442197374631548,3.38098259857116,0.142331813460953,-52.7741317834722,0,0.48700000000008
"S3",100,1.5,3,0.3,741,2.25304417699661,3.6095195139857,0.294291252089415,-44.2987521008946,0,0.545000000000073
"S3",100,1.5,3,0.3,742,1.14998445741423,3.16153230214352,0.236808655533466,-58.5882000691778,0,0.480000000000018
"S3",100,1.5,3,0.3,743,9999.35294769938,2.40857148108448,0.668425235373035,-62.5058087910211,0,0.958999999999833
"S3",100,1.5,3,0.3,744,102.380010543833,2.79953750820694,0.547202248320349,-55.4261523584747,0,0.965999999999894
"S3",100,1.5,3,0.3,745,9999.79801384655,2.54268059015035,0.642013595752512,-60.0244739459465,0,0.852000000000317
"S3",100,1.5,3,0.3,746,2.89945573909105,2.7895106388288,0.390144545341166,-63.4642052573835,0,0.469000000000051
"S3",100,1.5,3,0.3,747,20.1295928517331,2.37574330282841,0.644436461499443,-64.6321366690516,0,0.577999999999975
"S3",100,1.5,3,0.3,748,1.94316570229617,3.52128770752887,0.229604540390573,-53.0736216481301,0,0.458000000000084
"S3",100,1.5,3,0.3,749,9999.79453688217,2.88127005610922,0.671263090072578,-46.5097104755753,0,0.813999999999851
"S3",100,1.5,3,0.3,750,3.76485076389077,2.88170803366263,0.354639711883724,-64.5766375509865,0,0.474999999999909
"S3",100,1.5,3,0.3,751,1.23411469617724,2.90232349390099,0.29619377743766,-61.6619801875301,0,0.437999999999647
"S3",100,1.5,3,0.3,752,9999.89973228109,2.54963082039843,0.571832438180561,-63.8873332909872,0,0.913000000000011
"S3",100,1.5,3,0.3,753,2.16892967016421,2.86647952696556,0.374170862610168,-60.2442927315224,0,0.426000000000386
"S3",100,1.5,3,0.3,754,1.05516121038847,3.08439745613927,0.248858891468057,-58.6995725798138,0,0.44399999999996
"S3",100,1.5,3,0.3,755,1.94349126478242,3.44785100182409,0.294691604084479,-48.3193169975747,0,0.449999999999818
"S3",100,1.5,3,0.3,756,1.59701448322106,3.00292041883486,0.334951303978495,-56.9160527461049,0,0.452999999999975
"S3",100,1.5,3,0.3,757,1.86130361590206,3.09157961688109,0.330713859549439,-55.39149702579,0,0.461999999999989
"S3",100,1.5,3,0.3,758,0.329134264007488,3.26853737657008,0.0995193340362583,-61.1102589111466,0,0.576000000000022
"S3",100,1.5,3,0.3,759,0.13425905175228,3.45567866045047,0.0538810559139256,-51.3509040618444,0,0.570000000000164
"S3",100,1.5,3,0.3,760,0.869136045190222,3.39670379757902,0.147619941571356,-62.4987968862743,0,0.476999999999862
"S3",100,1.5,3,0.3,761,0.797860661787979,3.26138145662164,0.250020522825996,-49.6414014813701,0,0.481000000000222
"S3",100,1.5,3,0.3,762,9999.84271429459,2.78339866670206,0.444461500846334,-63.818964478435,0,0.916000000000167
"S3",100,1.5,3,0.3,763,5.08545609788198,2.80081879844629,0.468214313151618,-58.6592043470025,0,0.536999999999807
"S3",100,1.5,3,0.3,764,1.82168105465497,3.17322168313015,0.306848887147748,-55.2704563844031,0,0.438000000000102
"S3",100,1.5,3,0.3,765,0.664980859078885,3.39523572813901,0.155342558325082,-57.2620304905989,0,0.476000000000113
"S3",100,1.5,3,0.3,766,883.29579091898,2.37614856897483,0.58616712630733,-69.9393093799648,0,0.795999999999822
"S3",100,1.5,3,0.3,767,0.317474159639674,3.08041864646637,0.103432879880208,-64.3731974421746,0,0.514999999999873
"S3",100,1.5,3,0.3,768,0.748093177832163,3.06689072078247,0.22980501431945,-57.1931536905489,0,0.481999999999971
"S3",100,1.5,3,0.3,769,3.74881241846446,2.92801258973738,0.376518631614741,-60.8693407700902,0,0.523000000000138
"S3",100,1.5,3,0.3,770,1.35208183148717,3.17289826028405,0.275355941370723,-56.2418567659821,0,0.461999999999989
"S3",100,1.5,3,0.3,771,9999.902508124,2.85572444283095,0.571610620549656,-53.2521933901162,0,0.891999999999825
"S3",100,1.5,3,0.3,772,1.68382916986037,3.03976146328902,0.345546863170918,-54.6090972570449,0,0.452999999999975
"S3",100,1.5,3,0.3,773,0.610051326516753,3.14086063103794,0.152677454752789,-64.1077365487218,0,0.564000000000306
"S3",100,1.5,3,0.3,774,0.777401181597043,3.31611373376636,0.197000900727692,-55.3328082382611,0,0.449000000000069
"S3",100,1.5,3,0.3,775,9999.98982497375,2.4201698224243,0.650551673160822,-64.5107018770866,0,0.835999999999785
"S3",100,1.5,3,0.3,776,3.08466190910889,2.9164116283971,0.420990029802683,-56.2177302213004,0,0.461999999999989
"S3",100,1.5,3,0.3,777,9999.98368433935,2.9452883153027,0.46995748687188,-57.5538852359788,0,0.784999999999854
"S3",100,1.5,3,0.3,778,8.2557597803639,2.6387810043925,0.651176073981781,-53.6499387153905,0,0.507999999999811
"S3",100,1.5,3,0.3,779,3.69610447301562,2.48321586928459,0.510673642811735,-65.3993754587983,0,0.502000000000407
"S3",100,1.5,3,0.3,780,1.71416166021145,2.80552149600568,0.273892248525375,-70.634768795172,0,0.448999999999614
"S3",100,1.5,3,0.3,781,0.804965149965442,3.06696758631312,0.212221826325784,-61.3915306837313,0,0.442000000000007
"S3",100,1.5,3,0.3,782,9999.98224397394,2.77112854297522,0.462728647332573,-62.4151421782641,0,0.896999999999935
"S3",100,1.5,3,0.3,783,9999.97589896046,2.76576243947876,0.663910513290446,-51.0819317864337,0,0.790999999999713
"S3",100,1.5,3,0.3,784,1.37066391302501,3.14891986621025,0.253887560012559,-59.7226142344162,0,0.449000000000069
"S3",100,1.5,3,0.3,785,0.932930670952575,2.62813943718061,0.291021149453172,-66.4574595912934,0,0.423000000000229
"S3",100,1.5,3,0.3,786,0.532382256578295,3.50733539347801,0.159894056374707,-50.487351642442,0,0.488000000000284
"S3",100,1.5,3,0.3,787,1.90328212297277,3.05550994645932,0.349772066094638,-55.0592939845796,0,0.442999999999756
"S3",100,1.5,3,0.3,788,1.6671174344175,2.98610485172815,0.300898007501589,-60.5444210732267,0,0.461999999999989
"S3",100,1.5,3,0.3,789,8.94574338349379,2.96429453909258,0.416639506055227,-58.4847558318494,0,0.554999999999836
"S3",100,1.5,3,0.3,790,13.5066889515912,3.03276178714798,0.502554424812233,-49.9712320744606,0,0.571999999999662
"S3",100,1.5,3,0.3,791,0.0794480974527058,4.04395690898326,0.0293921952315332,-40.7158859468201,0,0.554000000000087
"S3",100,1.5,3,0.3,792,5.14130558719533,2.84481032934722,0.468987489746163,-57.1295208343405,0,0.490000000000236
"S3",100,1.5,3,0.3,793,0.266526161182841,3.22944180403736,0.0880007654532672,-61.0449657350141,0,0.498000000000047
"S3",100,1.5,3,0.3,794,0.672039785669548,3.27655114422866,0.154522550620024,-60.7087699476027,0,0.505000000000109
"S3",100,1.5,3,0.3,795,1.41912356897867,3.25264257462556,0.32402874368419,-48.4875539848536,0,0.45699999999988
"S3",100,1.5,3,0.3,796,4.1040139978528,2.77990938479257,0.476286825991327,-57.9953198181209,0,0.454999999999927
"S3",100,1.5,3,0.3,797,3.02809910061986,3.22020385696275,0.367519909648132,-50.665271613098,0,0.502999999999702
"S3",100,1.5,3,0.3,798,2.35714701683352,2.81762176950981,0.404911016980175,-59.0226852395338,0,0.430000000000291
"S3",100,1.5,3,0.3,799,1.04435130829186,3.12059046956819,0.257130894554437,-56.8826269792098,0,0.452999999999975
"S3",100,1.5,3,0.3,800,3.57593149348543,2.86832688115915,0.387977358191176,-61.768537241932,0,0.438000000000102
"S3",100,1.5,3,0.3,801,1.80215708681418,3.06352918214814,0.372798060600092,-52.2603810758586,0,0.433999999999742
"S3",100,1.5,3,0.3,802,1.22926552672677,3.17990705553727,0.350905770663096,-47.0870539345665,0,0.440000000000055
"S3",100,1.5,3,0.3,803,4.89850148485594,2.96970441695914,0.556636209436149,-46.8674151233909,0,0.47400000000016
"S3",100,1.5,3,0.3,804,10.6038772052075,2.91646269003275,0.47406355988684,-55.5286363172369,0,0.528999999999996
"S3",100,1.5,3,0.3,805,0.427980249206316,3.67338976836643,0.109617980349992,-51.7362728619321,0,0.453999999999724
"S3",100,1.5,3,0.3,806,0.687084965772722,3.476277876746,0.146971421663637,-56.7888206278937,0,0.460999999999785
"S3",100,1.5,3,0.3,807,0.441359666704576,3.18723742710173,0.109172782927754,-67.1842921240413,0,0.467000000000098
"S3",100,1.5,3,0.3,808,3.09363819891496,2.64254123485338,0.421462917196306,-66.216236517481,0,0.457000000000335
"S3",100,1.5,3,0.3,809,6.04974922841309,2.40509788493049,0.530573043798014,-69.0655346339538,0,0.491999999999734
"S3",100,1.5,3,0.3,810,30.5237974571597,2.87875040336466,0.393118412572106,-64.1231064953705,0,0.626999999999953
"S3",100,1.5,3,0.3,811,2.05697034949744,2.99011432963241,0.325377019905193,-59.8344256195616,0,0.464000000000397
"S3",100,1.5,3,0.3,812,9999.64333626095,2.43162605301427,0.603407631172406,-64.6766647593234,0,0.804999999999836
"S3",100,1.5,3,0.3,813,0.61152964251041,3.31277730420278,0.159122829823562,-57.7117641262915,0,0.47400000000016
"S3",100,1.5,3,0.3,814,2.48432750002831,2.50626309399869,0.41509805471204,-70.0701017884787,0,0.434000000000196
"S3",100,1.5,3,0.3,815,1.6123938374353,2.63999401691944,0.301663451916731,-72.7212779898105,0,0.456000000000131
"S3",100,1.5,3,0.3,816,0.825961898925368,2.95740637438989,0.221779863550636,-63.0239750968738,0,0.460000000000036
"S3",100,1.5,3,0.3,817,21.6984669461377,2.62418437327248,0.610584579564279,-57.1232099688365,0,0.682000000000244
"S3",100,1.5,3,0.3,818,2.33543033146596,2.68855881308818,0.347506212896419,-69.0520716749694,0,0.444000000000415
"S3",100,1.5,3,0.3,819,109.064803089233,2.39064281617315,0.7644663582559,-57.47875847895,0,0.768000000000029
"S3",100,1.5,3,0.3,820,9999.87582677771,2.78618223005472,0.549935853499355,-55.9535857413292,0,0.856000000000222
"S3",100,1.5,3,0.3,821,9999.97691274881,2.54112594798913,0.650060591647562,-59.3649568145858,0,0.83600000000024
"S3",100,1.5,3,0.3,822,0.25389852444137,3.21262839903788,0.119678307201906,-50.7548596259496,0,0.477999999999611
"S3",100,1.5,3,0.3,823,5.00176703119174,2.76173901938618,0.440579649738706,-61.8435186491824,0,0.576000000000022
"S3",100,1.5,3,0.3,824,9999.97345930238,2.471182440846,0.591620071055534,-65.4815225798881,0,0.831000000000131
"S3",100,1.5,3,0.3,825,1.19684616264414,3.10673672305708,0.246858464423001,-59.9742662933811,0,0.420000000000073
"S3",100,1.5,3,0.3,826,9.96422406536894,3.04089003798428,0.492160078943676,-49.5714357117622,0,0.579999999999927
"S3",100,1.5,3,0.3,827,6.86750397886539,3.16778886500386,0.497489870349468,-45.4383999047985,0,0.505000000000109
"S3",100,1.5,3,0.3,828,0.207603595081056,3.42047217294335,0.0692410412172993,-56.3755331690606,0,0.476999999999862
"S3",100,1.5,3,0.3,829,0.220001460387953,3.71758038372839,0.0687652385576531,-49.1482075447082,0,0.48700000000008
"S3",100,1.5,3,0.3,830,10.6569053504449,2.83872281089976,0.534967868088508,-54.2709033148713,0,0.523000000000138
"S3",100,1.5,3,0.3,831,51.6468113729703,2.52506794531846,0.580226181326699,-63.038766704427,0,0.773000000000138
"S3",100,1.5,3,0.3,832,2.55603902188574,3.46253486711546,0.353980181389937,-43.7462019818438,0,0.458000000000084
"S3",100,1.5,3,0.3,833,6.41127246566587,2.75353013217277,0.560534556890713,-54.3126817354417,0,0.492999999999938
"S3",100,1.5,3,0.3,834,40.6017956026805,2.84329837445843,0.426510019558437,-63.1353919391383,0,0.664999999999964
"S3",100,1.5,3,0.3,835,2.02136974096512,3.18317134824291,0.298992681387122,-55.4494208372068,0,0.48700000000008
"S3",100,1.5,3,0.3,836,0.711358031906185,2.98624266361924,0.205146150649428,-62.8335630391808,0,0.503000000000156
"S3",100,1.5,3,0.3,837,0.131413741230505,3.21886014990134,0.0572239197160865,-56.308370912202,0,0.532999999999902
"S3",100,1.5,3,0.3,838,1.69189886300713,2.89065141997514,0.339193449625712,-60.1859664633976,0,0.46100000000024
"S3",100,1.5,3,0.3,839,0.739912424496225,3.29878020825582,0.179352183394036,-58.1605406051826,0,0.456000000000131
"S3",100,1.5,3,0.3,840,3.57923301037494,2.61818801089101,0.421474515615887,-67.499047147863,0,0.473999999999705
"S3",100,1.5,3,0.3,841,1.09069625688015,3.19667684784983,0.21296033848415,-60.0330541664908,0,0.474999999999909
"S3",100,1.5,3,0.3,842,0.861882572450243,3.87710111314254,0.161191005199695,-45.7309970275354,0,0.446999999999662
"S3",100,1.5,3,0.3,843,1.16989704677712,3.290529601426,0.244567974069556,-53.5909484509232,0,0.440999999999804
"S3",100,1.5,3,0.3,844,0.892323224226279,3.16128813205106,0.208257106245282,-60.3166495002145,0,0.442000000000007
"S3",100,1.5,3,0.3,845,0.548540542825806,3.48232625820627,0.180838274781459,-48.4626585464568,0,0.475000000000364
"S3",100,1.5,3,0.3,846,1.2423271249734,3.06689340211126,0.297078829911001,-56.862398347507,0,0.463000000000193
"S3",100,1.5,3,0.3,847,9999.97431362279,2.90226679229676,0.502337153529979,-55.3666190319229,0,0.925000000000182
"S3",100,1.5,3,0.3,848,1.27189033935579,3.21156527527698,0.254756118200032,-56.2975918654333,0,0.494000000000142
"S3",100,1.5,3,0.3,849,0.735748396837266,3.23124396009699,0.168191852957371,-61.8223469062861,0,0.449999999999818
"S3",100,1.5,3,0.3,850,1.00990011426213,2.71041731859247,0.321091537495441,-62.1139566104158,0,0.423999999999978
"S3",100,1.5,3,0.3,851,0.995753545620219,2.97008222674836,0.228892524494517,-64.4183537505154,0,0.452999999999975
"S3",100,1.5,3,0.3,852,0.989374907488995,3.79101214451279,0.235624152297466,-39.6781532528894,0,0.456000000000131
"S3",100,1.5,3,0.3,853,1.50639931352911,2.88804087374636,0.419374019777688,-51.4580777410375,0,0.432999999999993
"S3",100,1.5,3,0.3,854,1.80936646645975,3.01847972840263,0.306507764719451,-60.156704719828,0,0.430999999999585
"S3",100,1.5,3,0.3,855,9999.99672113275,2.65327225548592,0.737067450627533,-51.2415910532938,0,0.848000000000411
"S3",100,1.5,3,0.3,856,1.37910848616046,3.04732799475189,0.311647255542818,-56.1284900656719,0,0.465999999999894
"S3",100,1.5,3,0.3,857,20.298860945429,2.76298900858416,0.561507539262505,-56.3861261630813,0,0.647000000000389
"S3",100,1.5,3,0.3,858,1.37432257685639,3.20025980983903,0.251507321008606,-58.5292556913776,0,0.447000000000116
"S3",100,1.5,3,0.3,859,4.5881855792674,2.52651337727779,0.471532132151957,-68.2708710333533,0,0.528000000000247
"S3",100,1.5,3,0.3,860,2.86784252077247,2.47672766258333,0.486770980162035,-65.7793772344088,0,0.434999999999945
"S3",100,1.5,3,0.3,861,2.0630265457765,3.15144530916774,0.360083231075355,-51.9221214032456,0,0.44399999999996
"S3",100,1.5,3,0.3,862,1.6298331190015,3.22825184602541,0.302712977288101,-52.1771860014958,0,0.451999999999771
"S3",100,1.5,3,0.3,863,9999.92684557156,2.55499298446128,0.682256577627068,-55.9401514095141,0,0.942000000000007
"S3",100,1.5,3,0.3,864,0.675418443874516,2.52152427940209,0.232305087608065,-72.2926789842197,0,0.44399999999996
"S3",100,1.5,3,0.3,865,5.287822466819,2.58586037544825,0.508054203535509,-62.9198314578259,0,0.525000000000091
"S3",100,1.5,3,0.3,866,1.13384376724589,3.36762954732838,0.192959189328321,-59.0485962650446,0,0.439000000000306
"S3",100,1.5,3,0.3,867,0.347400751529378,3.11753634749172,0.130793129469419,-58.066038305638,0,0.481000000000222
"S3",100,1.5,3,0.3,868,269.960618114091,2.48321741275704,0.604166335760746,-64.3294654669425,0,0.751000000000204
"S3",100,1.5,3,0.3,869,1.35790858820933,3.32259972042798,0.239361555312143,-55.1763429133661,0,0.463999999999942
"S3",100,1.5,3,0.3,870,1.40935433519473,3.28208160120715,0.24014445767515,-56.9645418001118,0,0.483999999999924
"S3",100,1.5,3,0.3,871,9999.95682717417,2.44453421579262,0.574515473137526,-68.1096896162022,0,0.878999999999905
"S3",100,1.5,3,0.3,872,0.382504489326542,3.43593331377274,0.117001934078028,-53.9401890269166,0,0.550000000000182
"S3",100,1.5,3,0.3,873,0.449431147399174,2.97463744382593,0.168030394796806,-60.1801138078678,0,0.534999999999854
"S3",100,1.5,3,0.3,874,0.709514542351552,3.07273803146141,0.212406894330565,-57.9847758806191,0,0.463000000000193
"S3",100,1.5,3,0.3,875,1.688580934426,3.29096063953494,0.228926670863807,-59.3674885329889,0,0.536999999999807
"S3",100,1.5,3,0.3,876,1.31485004260747,3.11854991968416,0.299493357290059,-54.3547850381636,0,0.442000000000007
"S3",100,1.5,3,0.3,877,0.593644405759259,3.30634331062377,0.184611693309231,-52.8987690470366,0,0.457000000000335
"S3",100,1.5,3,0.3,878,2.92929962715141,2.67879879691135,0.5249922048876,-55.7268890530136,0,0.552000000000135
"S3",100,1.5,3,0.3,879,9999.97864640004,2.63123794073668,0.555282816001966,-62.6410384441431,0,0.862999999999829
"S3",100,1.5,3,0.3,880,6.26917594965698,2.7419659739431,0.481828956974205,-59.8209246238323,0,0.61600000000044
"S3",100,1.5,3,0.3,881,2.41837379553617,2.73374451186555,0.414557979617945,-61.2923209446922,0,0.490999999999985
"S3",100,1.5,3,0.3,882,2.09573977651458,2.84516860121891,0.330711456237067,-64.5907566198127,0,0.54300000000012
"S3",100,1.5,3,0.3,883,1.01560531152956,3.58198063831401,0.271638931818376,-41.5685715028865,0,0.502999999999702
"S3",100,1.5,3,0.3,884,2.52860486719741,2.66583895847641,0.379362290920072,-67.1786620746703,0,0.503000000000156
"S3",100,1.5,3,0.3,885,1.14202551578639,2.93934874187491,0.287133769864379,-59.3403528406688,0,0.490999999999985
"S3",100,1.5,3,0.3,886,1.53803005084839,2.85963070783786,0.35529136756172,-58.555962516657,0,0.485999999999876
"S3",100,1.5,3,0.3,887,4.70913657161026,3.34055394180823,0.469510255273051,-41.2062580387723,0,0.523999999999887
"S3",100,1.5,3,0.3,888,0.807727202309382,3.15030260387284,0.193736372952802,-62.4123208560809,0,0.463000000000193
"S3",100,1.5,3,0.3,889,1.3245921277011,3.40030224777811,0.240457124799932,-53.149704636281,0,0.462999999999738
"S3",100,1.5,3,0.3,890,2.6063919479333,2.75699325534425,0.370223997920094,-65.6928283632143,0,0.471000000000004
"S3",100,1.5,3,0.3,891,9999.89278514117,2.63860592110662,0.565057436552617,-59.7106479591077,0,0.944999999999709
"S3",100,1.5,3,0.3,892,9999.94511886521,2.30927791934402,0.725929739277019,-63.2608076511036,0,0.843000000000302
"S3",100,1.5,3,0.3,893,1.71318594855338,2.83092065259128,0.289122246197742,-68.1081259182741,0,0.467000000000098
"S3",100,1.5,3,0.3,894,1.19608240407758,3.23077332325625,0.237578712260193,-57.2936060088379,0,0.444999999999709
"S3",100,1.5,3,0.3,895,0.829991346031409,2.75215638815519,0.318758233460498,-57.3290625543474,0,0.509000000000015
"S3",100,1.5,3,0.3,896,0.645694300378057,3.11740561377466,0.19852069428201,-57.2614911656042,0,0.459000000000287
"S3",100,1.5,3,0.3,897,0.644662433031477,2.99667368348285,0.208938911580301,-59.0278361436499,0,0.479000000000269
"S3",100,1.5,3,0.3,898,3.00614264055926,3.4553036007357,0.457389303126604,-37.1221043807984,0,0.489000000000033
"S3",100,1.5,3,0.3,899,2.27085801577964,2.69338162523933,0.393059488328986,-64.7073699255681,0,0.427999999999884
"S3",100,1.5,3,0.3,900,83.0108543118778,2.85554832703384,0.591915745837643,-50.7660499271224,0,0.713000000000193
"S3",100,1.5,3,0.3,901,1.66553742040765,3.05356110661217,0.266355540873189,-62.8312892478902,0,0.419999999999618
"S3",100,1.5,3,0.3,902,2.37777781461181,2.57297488326516,0.388593717778967,-69.6293723942348,0,0.458000000000084
"S3",100,1.5,3,0.3,903,0.699935801300532,3.02318229355859,0.225334301118445,-58.0277192476669,0,0.522999999999683
"S3",100,1.5,3,0.3,904,0.442691290050357,3.63693818999528,0.119722440725466,-50.84459835935,0,0.519000000000233
"S3",100,1.5,3,0.3,905,3.53145330546603,2.62181631605874,0.416538969768007,-67.8383684782586,0,0.547000000000025
"S3",100,1.5,3,0.3,906,1.09628731342482,3.22095696983549,0.200813638937296,-61.9571030338322,0,0.45699999999988
"S3",100,1.5,3,0.3,907,1.22095569554011,2.96681980515714,0.250368395452986,-64.7501225719143,0,0.447000000000116
"S3",100,1.5,3,0.3,908,0.727165349492758,2.94736344191752,0.20646406540128,-63.4165001748911,0,0.478000000000065
"S3",100,1.5,3,0.3,909,9999.98359303355,2.6949955747348,0.810718898122247,-45.7697669008851,0,0.831000000000131
"S3",100,1.5,3,0.3,910,0.22203930581342,3.79338236758872,0.0583948113724341,-52.6899940111735,0,0.514000000000124
"S3",100,1.5,3,0.3,911,0.560115332031994,3.45948755651899,0.128751457062331,-58.7334078326642,0,0.458999999999833
"S3",100,1.5,3,0.3,912,0.661723380908619,3.13579720320829,0.182493129755759,-60.4019135345609,0,0.465999999999894
"S3",100,1.5,3,0.3,913,3.45186802746836,2.83013810950064,0.509401846895301,-53.3660861349705,0,0.528999999999996
"S3",100,1.5,3,0.3,914,5.83527752024899,2.6014642689258,0.620227171986208,-55.2846544617194,0,0.461999999999989
"S3",100,1.5,3,0.3,915,3.49973335333691,2.81933700298736,0.385060883881781,-63.0031311080853,0,0.442999999999756
"S3",100,1.5,3,0.3,916,0.875258752647807,3.56799739222048,0.202493389862352,-48.5200606733959,0,0.476999999999862
"S3",100,1.5,3,0.3,917,3.82831045820655,2.93537888074305,0.446292266752907,-55.0952174971986,0,0.454999999999927
"S3",100,1.5,3,0.3,918,9999.89988636772,2.79144740499256,0.684541571892715,-49.1205934007432,0,0.789000000000215
"S3",100,1.5,3,0.3,919,11.4139599982673,2.86484825717081,0.603095752862988,-49.3255317576697,0,0.532999999999902
"S3",100,1.5,3,0.3,920,84.7623754269784,2.7252059259245,0.55341361394229,-57.7716568640954,0,0.722000000000207
"S3",100,1.5,3,0.3,921,2.40006228369096,2.92760489191803,0.263727273696705,-70.3384339213058,0,0.455000000000382
"S3",100,1.5,3,0.3,922,7.00665615988499,2.57694277171437,0.540669191277434,-62.1059485455747,0,0.490999999999985
"S3",100,1.5,3,0.3,923,9999.88493681151,2.73628959680905,0.512719344889717,-61.1632033248311,0,0.981000000000222
"S3",100,1.5,3,0.3,924,9.53477691357454,3.06621855214444,0.503323406075676,-49.0398708685159,0,0.593000000000302
"S3",100,1.5,3,0.3,925,0.924115826090422,3.25305874318997,0.211871421525644,-56.6846670477336,0,0.467999999999847
"S3",100,1.5,3,0.3,926,9999.98866913193,2.36823907784639,0.702370267398883,-62.3113673785276,0,0.889000000000124
"S3",100,1.5,3,0.3,927,4.9574628967387,2.80166648926424,0.471979985566432,-58.4797392383095,0,0.542999999999665
"S3",100,1.5,3,0.3,928,0.285663142205802,3.1110799981299,0.0888322603901441,-65.7703289349215,0,0.528999999999996
"S3",100,1.5,3,0.3,929,0.787637055783452,3.53949014165989,0.18653833822684,-50.2416839550657,0,0.493999999999687
"S3",100,1.5,3,0.3,930,1.02124334993911,2.67265982612876,0.363048668462348,-58.4960800067853,0,0.490000000000236
"S3",100,1.5,3,0.3,931,9999.9744498233,2.36225440951925,0.684071001424849,-63.5426552896287,0,0.865999999999985
"S3",100,1.5,3,0.3,932,9.31533865828688,2.60736224383444,0.532607485817031,-62.4200202115224,0,0.565000000000055
"S3",100,1.5,3,0.3,933,9999.99183109712,2.24902468856957,0.711622973785582,-66.336288020607,0,0.957000000000335
"S3",100,1.5,3,0.3,934,9999.87962884611,2.848747549835,0.593384728987791,-52.2011247928314,0,0.886999999999716
"S3",100,1.5,3,0.3,935,1.43784414254719,3.04534292147066,0.269452452950562,-61.3407107505403,0,0.4699999999998
"S3",100,1.5,3,0.3,936,0.270707548888505,3.56084950514952,0.0833241301236895,-52.6917022515532,0,0.501999999999953
"S3",100,1.5,3,0.3,937,5.38772479532982,2.80167420023628,0.451802505992335,-60.179494701254,0,0.501000000000204
"S3",100,1.5,3,0.3,938,0.459117864918076,3.24620909556055,0.166387095651665,-53.032822152481,0,0.485000000000127
"S3",100,1.5,3,0.3,939,0.747877092991708,3.30211486535267,0.192485807966719,-55.8601771239276,0,0.486000000000331
"S3",100,1.5,3,0.3,940,3.21978363449582,3.13544304099108,0.366419795161016,-54.420284451636,0,0.472999999999956
"S3",100,1.5,3,0.3,941,3.16510990665308,2.98673440120934,0.341617577404066,-61.0848544825643,0,0.465999999999894
"S3",100,1.5,3,0.3,942,1.23736388225051,2.86737961399139,0.318201010014916,-59.8329916640228,0,0.452999999999975
"S3",100,1.5,3,0.3,943,1.67106148852159,3.04594695430116,0.355467727923857,-53.2753778515228,0,0.43100000000004
"S3",100,1.5,3,0.3,944,2.0387549140154,3.05659273372405,0.370208310654692,-52.8897029864289,0,0.451000000000022
"S3",100,1.5,3,0.3,945,9.93188361536988,2.83111957284105,0.48789926952761,-57.5009145171093,0,0.608999999999924
"S3",100,1.5,3,0.3,946,9999.96894185023,2.84780684277334,0.569026558132853,-53.3617549172854,0,0.81899999999996
"S3",100,1.5,3,0.3,947,7.58160437405517,2.90988571258504,0.375989220316026,-63.5159604588782,0,0.523000000000138
"S3",100,1.5,3,0.3,948,2.08454931520563,3.42139988595889,0.335669459364491,-45.4853555642432,0,0.461999999999989
"S3",100,1.5,3,0.3,949,1.66025122435169,2.9231626757123,0.355944620327496,-57.3570503788553,0,0.436999999999898
"S3",100,1.5,3,0.3,950,1.10649513041974,3.73466172228911,0.201049755903173,-46.8952829880204,0,0.460000000000036
"S3",100,1.5,3,0.3,951,3.15424091964179,2.8358706794276,0.459644604409574,-56.4567050371462,0,0.523000000000138
"S3",100,1.5,3,0.3,952,3.51364383361353,2.58913641350318,0.4896317851951,-62.8720652587286,0,0.488000000000284
"S3",100,1.5,3,0.3,953,9999.84199834733,2.83316596443839,0.519584367944694,-57.3384113197801,0,0.827999999999975
"S3",100,1.5,3,0.3,954,1.17271477462812,2.99445012639787,0.273813608531605,-59.7766691471149,0,0.422999999999774
"S3",100,1.5,3,0.3,955,1.22720740563421,2.81044829151617,0.357217798078698,-57.1182297004565,0,0.427999999999884
"S3",100,1.5,3,0.3,956,9999.98763265609,2.88801977914126,0.534471901157134,-54.0105500618833,0,0.809999999999945
"S3",100,1.5,3,0.3,957,1.64581258606592,3.29422202125434,0.299614133379414,-51.4687078143019,0,0.436999999999898
"S3",100,1.5,3,0.3,958,1.57829938627864,3.09510535294072,0.299836948831861,-56.9826703535155,0,0.423000000000229
"S3",100,1.5,3,0.3,959,0.323160973529156,3.26849186560993,0.115070908109473,-56.4525512043036,0,0.480999999999767
"S3",100,1.5,3,0.3,960,1.14113734345007,3.57668680960516,0.231994301744109,-47.0349217152658,0,0.510999999999967
"S3",100,1.5,3,0.3,961,9999.99521780264,2.50397082918553,0.571289669265221,-65.5366652990262,0,0.836999999999989
"S3",100,1.5,3,0.3,962,0.656204641084017,3.14049248446646,0.16937782187941,-61.6645619843822,0,0.449000000000069
"S3",100,1.5,3,0.3,963,0.275926498192306,3.29373329295979,0.111448129253376,-52.8199400262665,0,0.549999999999727
"S3",100,1.5,3,0.3,964,9999.91360476488,2.50739084857201,0.592619191304037,-64.3861056451821,0,0.911000000000058
"S3",100,1.5,3,0.3,965,2.56563234283809,2.70629681599514,0.460655065207685,-58.9991148995383,0,0.500999999999749
"S3",100,1.5,3,0.3,966,9999.92267182621,2.82382422553261,0.614204563771446,-51.58478906648,0,0.802000000000135
"S3",100,1.5,3,0.3,967,9999.55113199054,2.5817221823952,0.535595521787811,-65.3491590048014,0,0.854000000000269
"S3",100,1.5,3,0.3,968,9999.92332912713,2.91659556574051,0.416970776772213,-62.5399125224861,0,0.888000000000375
"S3",100,1.5,3,0.3,969,0.61708211626508,3.1571010821866,0.189182736110839,-57.9154909201253,0,0.561999999999898
"S3",100,1.5,3,0.3,970,0.644418408492145,3.70436235328739,0.159071445617503,-47.6365004304085,0,0.530999999999949
"S3",100,1.5,3,0.3,971,1.80453101354561,2.81968368509456,0.341198323875808,-63.2047743075694,0,0.490999999999985
"S3",100,1.5,3,0.3,972,1.266398395584,3.37659262090052,0.234691424235838,-53.9499708636904,0,0.485999999999876
"S3",100,1.5,3,0.3,973,2.36263552867693,2.83916849595841,0.320774019628444,-67.1452897227992,0,0.436999999999898
"S3",100,1.5,3,0.3,974,2.14064195315032,3.10180828710695,0.298663710276583,-58.87916250614,0,0.4699999999998
"S3",100,1.5,3,0.3,975,7.44348128434918,2.96303644451942,0.368615526725098,-62.1493250125496,0,0.556999999999789
"S3",100,1.5,3,0.3,976,0.8720065685938,3.01478912648612,0.163187657453408,-72.8447458968169,0,0.48299999999972
"S3",100,1.5,3,0.3,977,0.26666330755661,3.3466901421974,0.1076086628947,-52.3691423619965,0,0.52599999999984
"S3",100,1.5,3,0.3,978,0.768648954549988,3.03493116121316,0.207204768122654,-62.4190508723307,0,0.462999999999738
"S3",100,1.5,3,0.3,979,1.18105952190839,2.89754138787881,0.293567835855249,-60.4692700681558,0,0.498000000000047
"S3",100,1.5,3,0.3,980,0.761522509652986,3.37561420713962,0.259674344494339,-44.6016000040382,0,0.463999999999942
"S3",100,1.5,3,0.3,981,1.74823986108031,2.94819797567231,0.391714390379933,-53.7594591739775,0,0.454999999999927
"S3",100,1.5,3,0.3,982,2.05467259615066,2.81757379269048,0.322019433947478,-66.5240323406611,0,0.480000000000018
"S3",100,1.5,3,0.3,983,0.161111473073741,3.23153771954836,0.0572268876895007,-61.2514253952742,0,0.576000000000022
"S3",100,1.5,3,0.3,984,9998.60513734292,2.65578264089612,0.703446350579911,-51.9577139741809,0,0.954999999999927
"S3",100,1.5,3,0.3,985,1.22353226735287,2.84444534590543,0.261542420335491,-67.2899652201727,0,0.463999999999942
"S3",100,1.5,3,0.3,986,1.23537000097121,3.04931916074782,0.272370415765219,-59.3248777901479,0,0.530999999999949
"S3",100,1.5,3,0.3,987,2.5138433221887,3.10358398011818,0.273656609569923,-63.1181420360449,0,0.45699999999988
"S3",100,1.5,3,0.3,988,5.0212668830179,2.57323578460229,0.445702153228548,-68.6853308041051,0,0.534000000000106
"S3",100,1.5,3,0.3,989,15.9585105022627,2.62663592049977,0.705544635170682,-50.9885765993399,0,0.63799999999992
"S3",100,1.5,3,0.3,990,9998.7450898065,2.41033154418917,0.548185421066801,-70.9686173794316,0,0.940000000000055
"S3",100,1.5,3,0.3,991,0.185888176679856,3.42681158274181,0.0593261312826193,-57.6025081126617,0,0.512000000000171
"S3",100,1.5,3,0.3,992,2.14863633438055,3.09932576111481,0.375739779594285,-52.1416443939847,0,0.467000000000098
"S3",100,1.5,3,0.3,993,0.607695938134655,3.51528772252387,0.121071921541893,-58.9412723381769,0,0.479000000000269
"S3",100,1.5,3,0.3,994,9999.96806715527,2.83611060346975,0.583510231943804,-53.7667986412113,0,0.838000000000193
"S3",100,1.5,3,0.3,995,0.513625441832109,3.01322954320886,0.142037768701606,-66.9902984952478,0,0.470000000000255
"S3",100,1.5,3,0.3,996,9995.46396793195,2.37997723009955,0.707428278267143,-60.5586636319784,0,0.590000000000146
"S3",100,1.5,3,0.3,997,1.60555207528768,2.90366774111436,0.335798517732726,-59.4106054981094,0,0.505999999999858
"S3",100,1.5,3,0.3,998,6.71329115976327,2.58733708787596,0.533503445411187,-62.2717199776766,0,0.507000000000062
"S3",100,1.5,3,0.3,999,9999.96104535144,2.72995092419597,0.504450727676129,-62.7105956286194,0,0.831000000000131
"S3",100,1.5,3,0.3,1000,2.86350632576385,2.81414604638446,0.433028724999199,-58.4759983487721,0,0.529999999999745
