"scenario","n","alpha_true","beta_true","lambda_true","replication","alpha_hat","beta_hat","lambda_hat","logLik","convergence","seconds"
"S3",1000,1.5,3,0.3,1,1.00074426036113,3.14531097055207,0.237049705016306,-582.951878508871,0,1.75
"S3",1000,1.5,3,0.3,2,1.57720252433704,2.95747811183177,0.288425957611874,-629.204773880951,0,1.489
"S3",1000,1.5,3,0.3,3,3.06490353591382,2.88597330518927,0.415506438901024,-576.810747195324,0,1.285
"S3",1000,1.5,3,0.3,4,2.10098991655964,3.04002677784628,0.362281216409185,-548.047476559229,0,1.291
"S3",1000,1.5,3,0.3,5,0.800835955402175,3.11361752097311,0.210453234558464,-595.337983149471,0,1.186
"S3",1000,1.5,3,0.3,6,2.37966080221004,2.97233763825731,0.335592666578436,-605.939765873304,0,1.321
"S3",1000,1.5,3,0.3,7,0.681342878159831,3.11769196875822,0.183738036250866,-608.164249680315,0,1.274
"S3",1000,1.5,3,0.3,8,2.1090458634006,2.78635215006479,0.37225180586697,-624.696564961498,0,1.216
"S3",1000,1.5,3,0.3,9,1.08927840994544,3.06706183715487,0.26820489144373,-571.972972574756,0,1.141
"S3",1000,1.5,3,0.3,10,1.20810562794709,3.03582677261385,0.264197869877402,-604.915523112735,0,1.155
"S3",1000,1.5,3,0.3,11,1.09823896379323,3.14533115365117,0.246735422799969,-580.121640976651,0,1.191
"S3",1000,1.5,3,0.3,12,1.63410353565133,2.95206236968262,0.304656075855233,-616.972974199385,0,1.213
"S3",1000,1.5,3,0.3,13,1.21974206671985,3.15460832861289,0.277138580716476,-550.829464720939,0,1.28
"S3",1000,1.5,3,0.3,14,0.799742389470778,3.17751496314622,0.213517156743843,-569.278800530207,0,1.243
"S3",1000,1.5,3,0.3,15,2.58966701259726,3.02826774632068,0.347827016834498,-578.560995436207,0,1.308
"S3",1000,1.5,3,0.3,16,1.66381209435337,2.85710292204561,0.338713393259512,-611.440616898708,0,1.219
"S3",1000,1.5,3,0.3,17,1.69137498724352,3.0110300961921,0.306556161713643,-597.627009079062,0,1.236
"S3",1000,1.5,3,0.3,18,3.06546243847563,2.78547750842288,0.433737925865377,-594.756067889834,0,1.221
"S3",1000,1.5,3,0.3,19,1.97057759429396,3.0532817725495,0.337574850690036,-564.74391499342,0,1.212
"S3",1000,1.5,3,0.3,20,2.98819390985218,2.92677260634557,0.392156182752995,-582.622331528694,0,1.237
"S3",1000,1.5,3,0.3,21,1.57368730795575,3.07556134253717,0.2857591694391,-592.041768478486,0,1.17
"S3",1000,1.5,3,0.3,22,1.4262239122971,3.01295412124711,0.314989429229089,-569.99866656726,0,1.208
"S3",1000,1.5,3,0.3,23,1.0640428266111,3.14122798053633,0.232279064330797,-595.411886051542,0,1.23
"S3",1000,1.5,3,0.3,24,1.51539596156585,3.079651180527,0.292817405510556,-579.483701976925,0,1.189
"S3",1000,1.5,3,0.3,25,3.77323177653609,2.92477061349583,0.424568147792277,-563.644943794631,0,1.446
"S3",1000,1.5,3,0.3,26,0.822295994098286,3.06034555926184,0.206503900708963,-620.763314574535,0,1.439
"S3",1000,1.5,3,0.3,27,0.74463778910114,3.33492519778417,0.182898067364718,-559.921310701579,0,1.188
"S3",1000,1.5,3,0.3,28,1.20241640880035,3.11574702714802,0.255548271595465,-583.952271571146,0,1.186
"S3",1000,1.5,3,0.3,29,1.08640197468417,3.10903057119577,0.256281195790703,-577.588974660636,0,1.24299999999999
"S3",1000,1.5,3,0.3,30,1.94446667317425,2.83910750060032,0.359107377201659,-613.819090347741,0,1.215
"S3",1000,1.5,3,0.3,31,1.40728216687161,2.98746594871826,0.304166683919251,-589.379148118292,0,1.15799999999999
"S3",1000,1.5,3,0.3,32,1.47722907491642,3.10716252915738,0.297926824070097,-561.876399506242,0,1.207
"S3",1000,1.5,3,0.3,33,1.60239454073144,3.01761818891163,0.293939140505498,-605.914368821978,0,1.246
"S3",1000,1.5,3,0.3,34,1.88133777139751,3.00233470424167,0.320281874635695,-593.632426078449,0,1.362
"S3",1000,1.5,3,0.3,35,1.86762651653387,3.05429645272178,0.311118019392202,-583.243512068174,0,1.209
"S3",1000,1.5,3,0.3,36,1.02610407131613,3.02195654113101,0.25819619091986,-594.47306779273,0,1.198
"S3",1000,1.5,3,0.3,37,3.11617544519491,2.70240028878705,0.442900889777282,-618.657111015701,0,1.305
"S3",1000,1.5,3,0.3,38,1.24640992846378,3.00048013822816,0.279533902116809,-598.444763298788,0,1.211
"S3",1000,1.5,3,0.3,39,1.50680832170883,2.93515612252957,0.300966370958314,-617.116764998159,0,1.264
"S3",1000,1.5,3,0.3,40,1.39344363943448,3.03061339735064,0.286626828877908,-594.403431415839,0,1.234
"S3",1000,1.5,3,0.3,41,1.30861564671713,3.1317318692761,0.270054129534652,-574.28680398527,0,1.225
"S3",1000,1.5,3,0.3,42,1.12134626661756,2.95077434211168,0.268862122275232,-615.828175868442,0,1.23099999999999
"S3",1000,1.5,3,0.3,43,1.30896455605488,2.94317320181486,0.289430833524221,-612.397185147604,0,1.223
"S3",1000,1.5,3,0.3,44,2.52535206554289,2.86973601534903,0.377707087248165,-601.74176400518,0,1.375
"S3",1000,1.5,3,0.3,45,2.89413797750773,2.73078186267046,0.397680942451072,-642.949321976744,0,1.416
"S3",1000,1.5,3,0.3,46,2.30270758972808,3.00295389907664,0.355337657365018,-575.357066661113,0,1.29
"S3",1000,1.5,3,0.3,47,1.48585185231899,2.94012054800554,0.306481044032204,-607.723478423163,0,1.248
"S3",1000,1.5,3,0.3,48,1.85282768198981,2.95341508543457,0.344775063846549,-583.12134589996,0,1.347
"S3",1000,1.5,3,0.3,49,1.79486250773718,3.01352682725184,0.331958543835819,-573.627036711841,0,1.228
"S3",1000,1.5,3,0.3,50,2.04152268007854,3.01258635496446,0.316042216698193,-603.34597540901,0,1.26900000000001
"S3",1000,1.5,3,0.3,51,1.73798353696322,2.95628294358639,0.317102063376516,-607.356026212829,0,1.188
"S3",1000,1.5,3,0.3,52,1.96133872151164,2.8569722896461,0.341228924917992,-624.628323755189,0,1.297
"S3",1000,1.5,3,0.3,53,1.53581246235755,3.0237000085795,0.29607735799997,-594.065352921601,0,1.18299999999999
"S3",1000,1.5,3,0.3,54,0.849755543667386,3.17502490101116,0.20541035511327,-589.814715444424,0,1.235
"S3",1000,1.5,3,0.3,55,1.58862294826443,2.8968574350388,0.329896101767027,-603.083060003166,0,1.264
"S3",1000,1.5,3,0.3,56,2.88882834046303,2.86557304260071,0.388958008888747,-600.423756237978,0,1.38
"S3",1000,1.5,3,0.3,57,1.34373193354667,2.99016609230218,0.289655742977641,-599.48282600456,0,1.217
"S3",1000,1.5,3,0.3,58,3.38979972820033,2.79290240773854,0.416517342420918,-612.577898445146,0,1.31
"S3",1000,1.5,3,0.3,59,0.894368820661098,3.08867383229269,0.21356762757859,-615.878713650586,0,1.25500000000001
"S3",1000,1.5,3,0.3,60,1.2875203062622,3.17922889165705,0.286655076371052,-537.538621070468,0,1.188
"S3",1000,1.5,3,0.3,61,2.8806775106254,2.73021099706868,0.410876035562426,-630.399307446227,0,1.241
"S3",1000,1.5,3,0.3,62,0.799208689728712,3.28612203453113,0.206905259089767,-546.742920968867,0,1.28100000000001
"S3",1000,1.5,3,0.3,63,1.05904812524564,3.13729134131216,0.253753003310615,-568.772530626154,0,1.282
"S3",1000,1.5,3,0.3,64,1.07472586098813,3.06087282892975,0.265030866911617,-577.628022951187,0,1.18899999999999
"S3",1000,1.5,3,0.3,65,1.47244834445531,2.98702942391209,0.30304859746629,-594.691019978722,0,1.23399999999999
"S3",1000,1.5,3,0.3,66,18.5916375406469,2.62983342552142,0.538471813209086,-619.047053283663,0,1.50500000000001
"S3",1000,1.5,3,0.3,67,2.24838061086343,2.81101855421865,0.38115552920503,-613.003624232414,0,1.343
"S3",1000,1.5,3,0.3,68,2.11317183016232,2.89644049666871,0.337366336748847,-621.39041058183,0,1.136
"S3",1000,1.5,3,0.3,69,1.63131940284514,3.04473291941896,0.311850215409896,-576.473204538088,0,1.16
"S3",1000,1.5,3,0.3,70,1.99430848003986,2.96424861460957,0.33355835850234,-600.771939375856,0,1.22
"S3",1000,1.5,3,0.3,71,2.31188570127754,2.81708663319166,0.377790642621474,-615.27030962618,0,1.322
"S3",1000,1.5,3,0.3,72,1.75851286691175,2.97585697363201,0.300857247610002,-619.757536536869,0,1.208
"S3",1000,1.5,3,0.3,73,1.78410411680495,3.03679108707729,0.315137135517124,-585.231823735376,0,1.279
"S3",1000,1.5,3,0.3,74,1.62390779646248,3.05983539314088,0.298598850606927,-584.379400308849,0,1.254
"S3",1000,1.5,3,0.3,75,2.55418306594375,2.88910956556874,0.358207975704423,-615.736337048119,0,1.14
"S3",1000,1.5,3,0.3,76,1.13946321043003,3.01707908635258,0.259253676749038,-608.163384797094,0,1.208
"S3",1000,1.5,3,0.3,77,0.832541177462322,3.19569080537441,0.224975329114127,-554.964271886263,0,1.18600000000001
"S3",1000,1.5,3,0.3,78,2.26170169785685,2.95938473491329,0.358237193190276,-583.374251279009,0,1.218
"S3",1000,1.5,3,0.3,79,1.55724763286708,2.88830049755585,0.316316252351386,-618.920989217665,0,1.261
"S3",1000,1.5,3,0.3,80,1.85566725311489,2.96458962527348,0.349659158769618,-576.121295731583,0,1.23699999999999
"S3",1000,1.5,3,0.3,81,2.15407528723056,2.9327300948485,0.364484324168442,-583.399760906917,0,1.339
"S3",1000,1.5,3,0.3,82,1.84102169209739,2.87707833108525,0.330942975640379,-624.79527835295,0,1.325
"S3",1000,1.5,3,0.3,83,1.07365899897022,3.0559692825205,0.251307503630833,-595.433050894153,0,1.26299999999999
"S3",1000,1.5,3,0.3,84,1.03596944146092,3.17432307446033,0.248701617177245,-558.391097293621,0,1.18300000000001
"S3",1000,1.5,3,0.3,85,2.01457971454542,2.92412704916164,0.354642742464787,-590.485218260238,0,1.35899999999999
"S3",1000,1.5,3,0.3,86,1.36637353271393,2.94557073024904,0.279574446028559,-629.004082661006,0,1.16800000000001
"S3",1000,1.5,3,0.3,87,1.25122479533608,2.99948685034938,0.261723029721661,-619.911565001967,0,1.29600000000001
"S3",1000,1.5,3,0.3,88,5.4465046248981,2.63689199703756,0.458684104904126,-654.816050862861,0,1.346
"S3",1000,1.5,3,0.3,89,1.35925349871175,2.89132672508232,0.289523550245543,-634.353332390403,0,1.276
"S3",1000,1.5,3,0.3,90,2.47177676228086,2.89419264350074,0.36930917212103,-599.455878595569,0,1.378
"S3",1000,1.5,3,0.3,91,1.16495359168708,2.94215971996372,0.27463020688771,-616.682460136954,0,1.292
"S3",1000,1.5,3,0.3,92,1.9857039441595,3.02268587438629,0.348380201555908,-563.927261985781,0,1.229
"S3",1000,1.5,3,0.3,93,1.64008352165335,2.9510233354968,0.302773832295539,-619.65159036564,0,1.167
"S3",1000,1.5,3,0.3,94,1.47347965976395,3.10834131311722,0.278138985098677,-583.462270670037,0,1.155
"S3",1000,1.5,3,0.3,95,1.12576045059555,3.13748741729872,0.259787760525895,-566.897714167306,0,1.20899999999999
"S3",1000,1.5,3,0.3,96,4.49447328118263,2.68595078601683,0.471101481226539,-617.528983397178,0,1.371
"S3",1000,1.5,3,0.3,97,0.739514093694192,3.12429316350462,0.206323821433066,-584.842645160479,0,1.482
"S3",1000,1.5,3,0.3,98,1.39962927938302,3.02198606554048,0.287514305129707,-596.611006488204,0,1.262
"S3",1000,1.5,3,0.3,99,2.50160990215067,2.95604061875397,0.350430349589348,-600.902602044687,0,1.355
"S3",1000,1.5,3,0.3,100,0.782123159433889,3.25349188402011,0.192232118277418,-573.090927754375,0,1.17
"S3",1000,1.5,3,0.3,101,2.15123308696869,2.90204801524832,0.358679280280467,-601.772344942608,0,1.107
"S3",1000,1.5,3,0.3,102,1.5993035786764,3.00530380467734,0.296636959645033,-604.592889552678,0,1.12299999999999
"S3",1000,1.5,3,0.3,103,1.77815926984582,2.92582378642155,0.340801640281027,-590.475711636457,0,1.19200000000001
"S3",1000,1.5,3,0.3,104,2.24839903743149,2.88245454786366,0.365748217055092,-602.254479149301,0,1.393
"S3",1000,1.5,3,0.3,105,1.05421388110611,3.05503988674148,0.249597011520624,-599.780821580182,0,1.22299999999998
"S3",1000,1.5,3,0.3,106,3.43599790616222,2.7742787143139,0.437078976802214,-601.546207440821,0,1.25
"S3",1000,1.5,3,0.3,107,12.048103546367,2.61171593106588,0.56302006973826,-603.819942948799,0,1.49099999999999
"S3",1000,1.5,3,0.3,108,2.71374935417742,2.85923494938118,0.404048586944169,-588.740277087328,0,1.28300000000002
"S3",1000,1.5,3,0.3,109,1.93199617347926,2.99077557265713,0.329495950053278,-590.671055421182,0,1.249
"S3",1000,1.5,3,0.3,110,2.24431357751563,2.91365215240198,0.354358119214902,-602.620731334762,0,1.245
"S3",1000,1.5,3,0.3,111,1.64691244312593,3.02799136973058,0.311739378059113,-581.627330925348,0,1.238
"S3",1000,1.5,3,0.3,112,1.86814858294306,2.93132221766705,0.325153524089636,-612.79277208452,0,1.32900000000001
"S3",1000,1.5,3,0.3,113,1.0288393815744,3.0765247382731,0.258631363726632,-577.312804362251,0,1.215
"S3",1000,1.5,3,0.3,114,0.6972650098439,3.07527329808328,0.196505909819158,-606.324118660125,0,1.226
"S3",1000,1.5,3,0.3,115,2.49541317322004,2.84919853058435,0.352258995595442,-634.165621740645,0,1.28700000000001
"S3",1000,1.5,3,0.3,116,0.835177882879806,3.0667257514527,0.219394326961939,-602.521665470434,0,1.26900000000001
"S3",1000,1.5,3,0.3,117,1.20682941280543,2.93868711177959,0.270968976556769,-626.242081074921,0,1.339
"S3",1000,1.5,3,0.3,118,1.14263859516845,3.03922909389635,0.265779793421347,-593.419287807094,0,1.316
"S3",1000,1.5,3,0.3,119,1.49589799760011,2.99581521489937,0.296523154984855,-601.615545401981,0,1.34799999999998
"S3",1000,1.5,3,0.3,120,0.975077041282573,3.20190332721997,0.220243373270905,-580.299536020866,0,1.374
"S3",1000,1.5,3,0.3,121,2.23881615202711,2.92758209596243,0.372142155198108,-579.517180665922,0,1.27000000000001
"S3",1000,1.5,3,0.3,122,1.55190221073372,2.99499787951504,0.322067590642376,-577.030109314023,0,1.197
"S3",1000,1.5,3,0.3,123,1.6218769664285,2.96862287713682,0.309820267567394,-604.758620633841,0,1.20499999999998
"S3",1000,1.5,3,0.3,124,1.27390543096514,3.03498513831686,0.272516153451143,-598.966478562339,0,1.16900000000001
"S3",1000,1.5,3,0.3,125,1.0203753476983,3.0432591127374,0.225912193442688,-629.017794737739,0,1.22399999999999
"S3",1000,1.5,3,0.3,126,1.04612441440743,3.13334221814436,0.236615891306707,-587.275344019211,0,1.18899999999999
"S3",1000,1.5,3,0.3,127,2.04573400831127,2.88302256370518,0.361663649464965,-600.06669394785,0,1.273
"S3",1000,1.5,3,0.3,128,0.799693287598555,3.20655972111447,0.220696618026975,-549.296632051057,0,1.214
"S3",1000,1.5,3,0.3,129,2.51142021912249,2.95934877712824,0.373095158484369,-579.365775555656,0,1.25099999999998
"S3",1000,1.5,3,0.3,130,1.37091867135921,2.95408912451179,0.296082828173541,-605.855162178101,0,1.19
"S3",1000,1.5,3,0.3,131,2.14671465104953,2.92779856068557,0.371801244917602,-579.017666639719,0,1.25800000000001
"S3",1000,1.5,3,0.3,132,0.786596719607153,3.16967809928254,0.197827023184855,-595.320554136816,0,1.303
"S3",1000,1.5,3,0.3,133,1.42968164335647,2.91902337917321,0.31204640015788,-602.704359457964,0,1.26599999999999
"S3",1000,1.5,3,0.3,134,1.73557394081557,2.84521760418365,0.331570603301185,-626.15222372349,0,1.30600000000001
"S3",1000,1.5,3,0.3,135,3.5959193705396,2.91237076484872,0.44239674861926,-553.1913324645,0,1.34900000000002
"S3",1000,1.5,3,0.3,136,1.13064254270783,3.00682629841639,0.279069462290371,-586.128084919536,0,1.30099999999999
"S3",1000,1.5,3,0.3,137,0.756487686349563,3.13442254428736,0.197709688169865,-599.354949225961,0,1.346
"S3",1000,1.5,3,0.3,138,1.49777884386955,2.94057392984035,0.30571408002802,-610.650649069349,0,1.35199999999998
"S3",1000,1.5,3,0.3,139,0.76702626231275,3.18681154796915,0.198799464142543,-583.719484291228,0,1.30600000000001
"S3",1000,1.5,3,0.3,140,3.36282456864217,2.91553537060585,0.435054528559317,-555.261116591676,0,1.375
"S3",1000,1.5,3,0.3,141,1.12364944958315,3.04553572064914,0.239371454013658,-623.388852909292,0,1.32299999999998
"S3",1000,1.5,3,0.3,142,1.82259030035969,2.96633132384436,0.331252129463159,-593.303163617661,0,1.18000000000001
"S3",1000,1.5,3,0.3,143,1.33265529781352,3.09483663556747,0.287940706504526,-564.556299398648,0,1.24099999999999
"S3",1000,1.5,3,0.3,144,0.822006271733321,3.11754381781243,0.208216344904585,-601.003859456531,0,1.30000000000001
"S3",1000,1.5,3,0.3,145,1.11445795651792,3.0462192683187,0.258482984389814,-596.788669386239,0,1.244
"S3",1000,1.5,3,0.3,146,1.62094774704493,3.111596393402,0.304072794481724,-561.851015712978,0,1.30600000000001
"S3",1000,1.5,3,0.3,147,1.86036234081894,2.9680821524636,0.32813383225891,-595.350828620068,0,1.215
"S3",1000,1.5,3,0.3,148,1.70246669025755,3.02577882032007,0.302201890342824,-595.986585329775,0,1.30700000000002
"S3",1000,1.5,3,0.3,149,0.932448249257568,3.17170950229179,0.227219776424018,-575.922451769381,0,1.27599999999998
"S3",1000,1.5,3,0.3,150,2.22851861962747,2.88630449520095,0.353165759849517,-614.630712468066,0,1.29300000000001
"S3",1000,1.5,3,0.3,151,1.40549541481246,2.90194858179608,0.302645544126586,-617.967782230394,0,1.25800000000001
"S3",1000,1.5,3,0.3,152,4.2397149706365,2.79758766095876,0.434393944269956,-607.366158520189,0,1.29399999999998
"S3",1000,1.5,3,0.3,153,1.7444191400155,2.78010457399738,0.341513468258188,-641.443498356375,0,1.262
"S3",1000,1.5,3,0.3,154,1.00972189987192,3.08222468233868,0.250243477920102,-581.379840982426,0,1.20500000000001
"S3",1000,1.5,3,0.3,155,0.852416868880306,3.27269443643462,0.197375080026535,-574.513107771014,0,1.25099999999998
"S3",1000,1.5,3,0.3,156,1.4196391662052,3.00970650419823,0.292528750094741,-593.627727635253,0,1.251
"S3",1000,1.5,3,0.3,157,1.31357646996699,3.00763637637271,0.280147532107501,-603.296525326852,0,1.23099999999999
"S3",1000,1.5,3,0.3,158,1.99595156527498,2.99450818964619,0.347688974053979,-571.560340185462,0,1.285
"S3",1000,1.5,3,0.3,159,0.978374331699479,3.19549382609138,0.22771122283539,-573.693244435059,0,1.29400000000001
"S3",1000,1.5,3,0.3,160,1.39428047028111,2.95885137149209,0.289684835151423,-613.633234430535,0,1.191
"S3",1000,1.5,3,0.3,161,2.1761496298945,2.79276231394696,0.367059495332103,-629.76215447257,0,1.26399999999998
"S3",1000,1.5,3,0.3,162,1.17336756064922,3.11782294438098,0.247757271168605,-593.18274892622,0,1.25800000000001
"S3",1000,1.5,3,0.3,163,1.06140321204751,3.19200416942537,0.251080235826843,-554.469754525116,0,1.18199999999999
"S3",1000,1.5,3,0.3,164,1.50274066445512,2.99090966168755,0.323138795221926,-575.098303982529,0,1.18299999999999
"S3",1000,1.5,3,0.3,165,1.16232146062064,3.05646154562499,0.253897907929208,-603.99475175345,0,1.18799999999999
"S3",1000,1.5,3,0.3,166,1.34673735350473,2.94369998910942,0.296565552713284,-605.369829245058,0,1.21200000000002
"S3",1000,1.5,3,0.3,167,1.67696939190372,3.12339711797625,0.295070242135603,-574.333015020725,0,1.21299999999999
"S3",1000,1.5,3,0.3,168,2.22198949087448,2.78881892474181,0.346985506093008,-655.997501986561,0,1.38799999999998
"S3",1000,1.5,3,0.3,169,1.93765232639435,2.93221809372761,0.336718167397996,-602.135875295227,0,1.35400000000001
"S3",1000,1.5,3,0.3,170,1.13747789023299,3.07246842393679,0.252520828711424,-597.024266342096,0,1.351
"S3",1000,1.5,3,0.3,171,2.02531700795019,3.0834868370908,0.328941270177617,-565.258158378613,0,1.22299999999998
"S3",1000,1.5,3,0.3,172,1.57132395918522,2.9996669723093,0.339352351956042,-559.028119555822,0,1.178
"S3",1000,1.5,3,0.3,173,2.56816578634924,2.91886555330913,0.386469578317537,-577.98152812191,0,1.19499999999999
"S3",1000,1.5,3,0.3,174,2.63204310093535,2.92004623280398,0.356766401567224,-610.32889497652,0,1.32400000000001
"S3",1000,1.5,3,0.3,175,1.58947004287897,3.0252053635669,0.309527071178821,-582.57551278685,0,1.27600000000001
"S3",1000,1.5,3,0.3,176,0.479271289254356,3.32599602215091,0.144335753325075,-558.912135052404,0,1.35300000000001
"S3",1000,1.5,3,0.3,177,1.43717955296872,2.93190491110417,0.284567018216683,-632.211352915323,0,1.15800000000002
"S3",1000,1.5,3,0.3,178,1.80201686644533,2.92088411365789,0.327571307256196,-611.811996278391,0,1.16399999999999
"S3",1000,1.5,3,0.3,179,0.808217052874057,3.20878073985389,0.20568071484607,-576.365018986804,0,1.24799999999999
"S3",1000,1.5,3,0.3,180,1.60814802301781,3.00326582506561,0.297409554979329,-604.405707902217,0,1.167
"S3",1000,1.5,3,0.3,181,1.44394518032242,3.14714088131612,0.296176820357664,-550.338158943958,0,1.14700000000002
"S3",1000,1.5,3,0.3,182,0.861645002550113,3.12847636576818,0.219718253101134,-588.087033500839,0,1.29600000000002
"S3",1000,1.5,3,0.3,183,1.60163820925924,3.00055455722279,0.326607780637258,-574.417992983615,0,1.22499999999999
"S3",1000,1.5,3,0.3,184,1.41286951229534,2.96130200281708,0.297551295403022,-607.480004016548,0,1.38299999999998
"S3",1000,1.5,3,0.3,185,2.53043738648548,2.83850709064079,0.392108785355383,-603.891805578414,0,1.33199999999999
"S3",1000,1.5,3,0.3,186,1.49626397364114,3.01053654498057,0.293915999930589,-597.688492608154,0,1.23600000000002
"S3",1000,1.5,3,0.3,187,1.68728483633924,3.12082524487845,0.319273325290698,-548.687305695203,0,1.40600000000001
"S3",1000,1.5,3,0.3,188,1.26862462438837,3.03974258057736,0.265209638463249,-604.726713170199,0,1.261
"S3",1000,1.5,3,0.3,189,1.87915986903881,2.87026303464397,0.348564182385742,-607.472883865341,0,1.179
"S3",1000,1.5,3,0.3,190,4.37419381873215,2.7607929212138,0.444095504759246,-609.592282068457,0,1.26599999999999
"S3",1000,1.5,3,0.3,191,1.82553479812374,2.92010282215357,0.344916237421104,-596.751427819997,0,1.19299999999998
"S3",1000,1.5,3,0.3,192,1.96115751780782,2.87490635787746,0.354972158777845,-603.103149407363,0,1.25200000000001
"S3",1000,1.5,3,0.3,193,1.2596192524873,3.02522905033929,0.260415498065352,-613.447582530013,0,1.273
"S3",1000,1.5,3,0.3,194,6.2492095247852,2.63213485167453,0.476583231869253,-646.516134897676,0,1.441
"S3",1000,1.5,3,0.3,195,0.971553564368116,3.06246921945287,0.240655705607439,-596.554679063695,0,1.202
"S3",1000,1.5,3,0.3,196,1.02118116940111,3.03007393332497,0.241730836113067,-607.798217592341,0,1.33000000000001
"S3",1000,1.5,3,0.3,197,1.59640036370199,2.98860289602611,0.306177135198618,-600.136803121391,0,1.19899999999998
"S3",1000,1.5,3,0.3,198,2.55688503597287,2.8725771831922,0.413262952437385,-571.860172178232,0,1.37400000000002
"S3",1000,1.5,3,0.3,199,1.70245706371542,2.88688119950996,0.325967207908204,-618.497130499795,0,1.23999999999998
"S3",1000,1.5,3,0.3,200,1.00715488287705,3.16906139531169,0.244724800887753,-562.067287158028,0,1.221
"S3",1000,1.5,3,0.3,201,1.41512232326704,3.00821266720451,0.282477722945128,-609.155914260274,0,1.25200000000001
"S3",1000,1.5,3,0.3,202,1.20839291371996,3.13323028475109,0.272377304812286,-559.742037177063,0,1.31800000000001
"S3",1000,1.5,3,0.3,203,1.11321287534646,3.07258588521641,0.247278030281428,-602.723026296908,0,1.137
"S3",1000,1.5,3,0.3,204,9999.95780644979,2.56651505848682,0.6020213182948,-604.85806178701,0,2.30500000000001
"S3",1000,1.5,3,0.3,205,2.05256658797403,2.99324657410687,0.354961333963479,-568.591051279631,0,1.214
"S3",1000,1.5,3,0.3,206,2.08833210880802,2.94318300464524,0.333278025659613,-609.393146335267,0,1.22699999999998
"S3",1000,1.5,3,0.3,207,0.867625096549177,3.18686348549762,0.222276084992271,-566.865867576092,0,1.23500000000001
"S3",1000,1.5,3,0.3,208,0.706906878154259,3.24156618191336,0.184963911942884,-574.722405819585,0,1.26800000000003
"S3",1000,1.5,3,0.3,209,2.25883275288694,2.88463944241357,0.368373330472467,-600.202176609674,0,1.209
"S3",1000,1.5,3,0.3,210,0.909391029516571,3.06001417002802,0.23774361029337,-591.253734357439,0,1.28499999999997
"S3",1000,1.5,3,0.3,211,0.751520124602419,3.08991822224163,0.197620885580808,-612.593802438026,0,1.26599999999996
"S3",1000,1.5,3,0.3,212,1.6843370963966,3.12392843667215,0.301817202955017,-560.340129949964,0,1.24399999999997
"S3",1000,1.5,3,0.3,213,3.99915603299022,2.74315817465104,0.461022765506841,-602.395387284158,0,1.53099999999995
"S3",1000,1.5,3,0.3,214,2.14664845415266,2.91739341121652,0.330192337127448,-625.543723939066,0,1.22499999999997
"S3",1000,1.5,3,0.3,215,2.06886191198449,2.96260619284682,0.314095522922109,-620.005359084027,0,1.38900000000001
"S3",1000,1.5,3,0.3,216,1.02562359096281,3.03863736582277,0.244961289326723,-605.014246235948,0,1.19400000000002
"S3",1000,1.5,3,0.3,217,1.09925375454576,3.03250128927495,0.252060592063853,-607.910434402717,0,1.21100000000001
"S3",1000,1.5,3,0.3,218,1.24981147577322,3.05569032877738,0.264584941286203,-601.348280268507,0,1.25
"S3",1000,1.5,3,0.3,219,0.769734576488851,3.20824166615553,0.203753787717321,-570.341839533573,0,1.28900000000004
"S3",1000,1.5,3,0.3,220,1.10138129274692,3.05872118070317,0.275705527770019,-569.911176886535,0,1.24400000000003
"S3",1000,1.5,3,0.3,221,1.45844287792938,2.97345148187891,0.294662017002062,-608.187254311304,0,1.27799999999996
"S3",1000,1.5,3,0.3,222,1.08063817019645,3.06109662417376,0.239883611615179,-612.308402358501,0,1.18399999999997
"S3",1000,1.5,3,0.3,223,1.20851086817583,3.20502327275606,0.272306320949782,-541.60158507991,0,1.358
"S3",1000,1.5,3,0.3,224,1.48960183446486,2.94954521460653,0.315499590580674,-595.425840370354,0,1.18000000000001
"S3",1000,1.5,3,0.3,225,1.03929210656642,3.19367642839149,0.249375624302014,-553.010473802968,0,1.233
"S3",1000,1.5,3,0.3,226,0.901318726116896,3.08670400952935,0.215947252520308,-612.138744734516,0,1.14500000000004
"S3",1000,1.5,3,0.3,227,3.18131195982222,2.83938656054943,0.42738641286984,-583.155918956424,0,1.20299999999997
"S3",1000,1.5,3,0.3,228,1.27323285661715,3.01419278812661,0.272184672154679,-605.108838534694,0,1.11799999999999
"S3",1000,1.5,3,0.3,229,2.66514635255029,2.89259942815107,0.399495164045129,-581.373885951928,0,1.351
"S3",1000,1.5,3,0.3,230,1.1217450911683,2.93477805558606,0.263851615506284,-628.646646728876,0,1.31600000000003
"S3",1000,1.5,3,0.3,231,1.66504501100418,2.92337671505802,0.300462001745407,-631.701647094546,0,1.25100000000003
"S3",1000,1.5,3,0.3,232,1.68462673105811,2.98707799406733,0.300584565149924,-610.954697641359,0,1.23700000000002
"S3",1000,1.5,3,0.3,233,1.12800442310504,3.1459625846665,0.265436915499535,-557.750313547506,0,1.17099999999999
"S3",1000,1.5,3,0.3,234,1.63575482960334,2.97880578274332,0.316968081259736,-593.925205818993,0,1.35500000000002
"S3",1000,1.5,3,0.3,235,1.09108296594646,3.00342979074875,0.27543002829924,-585.936691320367,0,1.31400000000002
"S3",1000,1.5,3,0.3,236,0.960532210720099,3.08579442241938,0.214286050792147,-624.76668101343,0,1.22500000000002
"S3",1000,1.5,3,0.3,237,1.37618603649756,3.0557446101432,0.288176942525302,-582.863534278526,0,1.19299999999998
"S3",1000,1.5,3,0.3,238,1.16679316117948,3.05148299725773,0.262420739077136,-597.565622394301,0,1.33300000000003
"S3",1000,1.5,3,0.3,239,3.55891720339552,2.8845284625351,0.405064729444342,-593.770439280672,0,1.447
"S3",1000,1.5,3,0.3,240,2.00669779306958,2.9144848700523,0.352953689239309,-593.349002007079,0,1.37299999999999
"S3",1000,1.5,3,0.3,241,1.97375205429425,2.9466090522046,0.331269768259692,-605.850996411685,0,1.20300000000003
"S3",1000,1.5,3,0.3,242,1.41416960163672,2.92640770437503,0.284897984461105,-629.383699406192,0,1.20600000000002
"S3",1000,1.5,3,0.3,243,3.80816417774091,2.94494258246787,0.395897963014877,-583.14729828611,0,1.38
"S3",1000,1.5,3,0.3,244,3.28755665120585,2.88542497405303,0.383445484686211,-609.776877536666,0,1.30800000000005
"S3",1000,1.5,3,0.3,245,1.77052374764345,3.00983527505452,0.339188905868087,-569.934228211054,0,1.14299999999997
"S3",1000,1.5,3,0.3,246,1.1667561422482,3.06312711792495,0.2488155496054,-609.89327366849,0,1.166
"S3",1000,1.5,3,0.3,247,1.3378398556996,3.02717282622555,0.304203288181724,-569.242631279756,0,1.21000000000004
"S3",1000,1.5,3,0.3,248,1.23975467831347,2.88576483772619,0.295350788119019,-617.070372332265,0,1.32499999999999
"S3",1000,1.5,3,0.3,249,1.17606570768223,3.04152556944698,0.262689919138638,-599.188384126757,0,1.20400000000001
"S3",1000,1.5,3,0.3,250,4.24330654952791,2.77211412132286,0.441793392999206,-609.719525149521,0,1.29399999999998
"S3",1000,1.5,3,0.3,251,2.23118105168102,2.87974557143631,0.364966139128897,-603.780395027317,0,1.279
"S3",1000,1.5,3,0.3,252,2.30998565318492,2.99312019572952,0.355237856634783,-579.102963700098,0,1.28399999999999
"S3",1000,1.5,3,0.3,253,2.29969891995956,2.89366234877774,0.352723844882237,-615.604709741847,0,1.32100000000003
"S3",1000,1.5,3,0.3,254,1.2146552306657,3.10111519025181,0.27800400890838,-564.53656470456,0,1.30000000000001
"S3",1000,1.5,3,0.3,255,2.31082475275154,2.93403400030864,0.361839254640874,-590.303131975294,0,1.23199999999997
"S3",1000,1.5,3,0.3,256,1.47876884769235,2.8728623128972,0.302826362762141,-635.817357037678,0,1.20300000000003
"S3",1000,1.5,3,0.3,257,3.67038763184868,2.75107932835309,0.459928644103543,-595.703513539024,0,1.30000000000001
"S3",1000,1.5,3,0.3,258,2.25177662605361,2.87991207645682,0.350301343888835,-618.757890212894,0,1.29799999999994
"S3",1000,1.5,3,0.3,259,2.48492228940663,2.92036161234236,0.361933268286536,-602.547404308115,0,1.17199999999997
"S3",1000,1.5,3,0.3,260,4.76261548875283,2.79734277947878,0.479349272727839,-573.387121708751,0,1.42200000000003
"S3",1000,1.5,3,0.3,261,1.05945468947712,3.09885286433774,0.256047818378782,-577.343419527081,0,1.274
"S3",1000,1.5,3,0.3,262,1.27789884915252,3.01286824266238,0.266260465370909,-613.644444181714,0,1.23500000000001
"S3",1000,1.5,3,0.3,263,1.18849053721119,3.04797674912926,0.267502342012728,-590.208836261544,0,1.142
"S3",1000,1.5,3,0.3,264,0.602914544146622,3.12642231362885,0.166192363020294,-620.874419711854,0,1.22000000000003
"S3",1000,1.5,3,0.3,265,5.33525202987263,2.69244221762331,0.521551298353982,-583.822495936144,0,1.416
"S3",1000,1.5,3,0.3,266,1.79777349472814,3.0274523822299,0.336308177776484,-566.59277742802,0,1.28200000000004
"S3",1000,1.5,3,0.3,267,1.06817159258213,3.0415384844016,0.257032570016879,-592.393982751517,0,1.27600000000001
"S3",1000,1.5,3,0.3,268,1.41250758186962,2.9942293535937,0.295979505340058,-593.845988443358,0,1.23100000000005
"S3",1000,1.5,3,0.3,269,2.09480556479384,2.92724838908865,0.339139014030744,-608.04484847274,0,1.20999999999998
"S3",1000,1.5,3,0.3,270,1.2232524463617,3.0649143219831,0.258144895463237,-602.585685025744,0,1.32900000000001
"S3",1000,1.5,3,0.3,271,1.65892040324915,2.90832640077914,0.338325070105157,-596.146509585759,0,1.25299999999999
"S3",1000,1.5,3,0.3,272,1.47238672297037,2.95775408026396,0.317542371544495,-589.354131663651,0,1.291
"S3",1000,1.5,3,0.3,273,1.06788882882707,3.04678108504476,0.263561570298731,-586.830034606933,0,1.15699999999998
"S3",1000,1.5,3,0.3,274,1.25321300438593,3.06999144915799,0.265092651859146,-594.056918031654,0,1.255
"S3",1000,1.5,3,0.3,275,1.94555503752834,2.93198142003453,0.323233096768808,-615.792919449612,0,1.24700000000001
"S3",1000,1.5,3,0.3,276,1.2512303877135,3.10352736036786,0.264685054193783,-586.837416517539,0,1.33600000000001
"S3",1000,1.5,3,0.3,277,0.857095271769423,3.12524152646687,0.207891591649484,-606.311384726844,0,1.274
"S3",1000,1.5,3,0.3,278,2.07099208951989,2.94270260980847,0.35385586067188,-585.896802039747,0,1.36500000000001
"S3",1000,1.5,3,0.3,279,1.58100862356755,2.92945449130598,0.303160054030141,-622.600952558266,0,1.23299999999995
"S3",1000,1.5,3,0.3,280,1.49827610244806,2.98644903665922,0.307747207664252,-590.99236647871,0,1.13799999999998
"S3",1000,1.5,3,0.3,281,1.61659000231705,2.93530344838973,0.300152704855084,-625.478958269362,0,1.24599999999998
"S3",1000,1.5,3,0.3,282,1.42178139263654,3.02080362221225,0.320244809431731,-563.84415305058,0,1.09100000000001
"S3",1000,1.5,3,0.3,283,1.40588384848206,3.09831604076428,0.262441759604514,-601.2988814731,0,1.17700000000002
"S3",1000,1.5,3,0.3,284,1.57249514347342,3.13111163621877,0.296863922917011,-560.859955774083,0,1.17599999999999
"S3",1000,1.5,3,0.3,285,1.15688561804685,2.91156648682897,0.28479472539158,-610.96281107524,0,1.21899999999999
"S3",1000,1.5,3,0.3,286,0.949179937878345,3.10958929518578,0.240195112664974,-580.991197207756,0,1.28399999999999
"S3",1000,1.5,3,0.3,287,1.28246882779202,3.02851588352153,0.279683509460989,-595.311505937826,0,1.23000000000002
"S3",1000,1.5,3,0.3,288,0.889943189893181,3.15389650635671,0.242766092245906,-549.571865722278,0,1.33500000000004
"S3",1000,1.5,3,0.3,289,1.43703711147223,3.0991790259547,0.284785230770177,-576.194422912237,0,1.12899999999996
"S3",1000,1.5,3,0.3,290,1.16796620535723,3.01858291365783,0.268959607175385,-600.796258869235,0,1.30399999999997
"S3",1000,1.5,3,0.3,291,1.30595434602983,3.01030191137036,0.287705210201886,-589.741690809435,0,1.28800000000001
"S3",1000,1.5,3,0.3,292,2.05148548267653,2.92982580206462,0.347234252060107,-594.938753578009,0,1.21899999999999
"S3",1000,1.5,3,0.3,293,2.78364090290365,2.96981859435936,0.394922824163148,-562.091381139834,0,1.16400000000004
"S3",1000,1.5,3,0.3,294,0.778544540383509,3.20325215121943,0.200430220359492,-579.076730607829,0,1.14800000000002
"S3",1000,1.5,3,0.3,295,1.32839106419913,3.012532139912,0.279360656841239,-601.7133408103,0,1.32100000000003
"S3",1000,1.5,3,0.3,296,1.14514075850046,3.02075740544069,0.244596001311126,-626.856243410439,0,1.27300000000002
"S3",1000,1.5,3,0.3,297,0.953583375557481,3.04659613456773,0.238663601897988,-600.168782150992,0,1.23200000000003
"S3",1000,1.5,3,0.3,298,1.23433104174164,3.19063626136999,0.280494665774831,-534.00744742167,0,1.21199999999999
"S3",1000,1.5,3,0.3,299,1.23936320688183,3.14766445696586,0.270055294353938,-561.291866492787,0,1.245
"S3",1000,1.5,3,0.3,300,2.11657970751187,2.84009469873377,0.348672514679394,-629.896809655676,0,1.32800000000003
"S3",1000,1.5,3,0.3,301,1.26189838359884,3.12096348852292,0.268259970707351,-574.524797431354,0,1.21699999999998
"S3",1000,1.5,3,0.3,302,2.88527876863748,2.78019424324172,0.385549279078385,-636.374316499319,0,1.31400000000002
"S3",1000,1.5,3,0.3,303,1.50878725156685,3.03424232005512,0.294272670237763,-590.204824947094,0,1.18700000000001
"S3",1000,1.5,3,0.3,304,2.17583840536828,2.98069061352061,0.342395780679766,-589.542703697797,0,1.161
"S3",1000,1.5,3,0.3,305,1.35250157471611,3.09722456202858,0.285027854805928,-569.354374548878,0,1.20400000000001
"S3",1000,1.5,3,0.3,306,2.29470976875184,2.97662135169171,0.350955838552647,-587.731897389113,0,1.26499999999999
"S3",1000,1.5,3,0.3,307,6.56406919623625,2.74830918482548,0.471669245153897,-609.136723573269,0,1.411
"S3",1000,1.5,3,0.3,308,3.17224875205716,2.94479500542656,0.39941139371527,-571.502883078318,0,1.26800000000003
"S3",1000,1.5,3,0.3,309,1.02781703019671,3.18723510676347,0.236031979249222,-570.63700477361,0,1.21999999999997
"S3",1000,1.5,3,0.3,310,1.77180435122205,3.0042663857275,0.318557839868727,-587.411480308356,0,1.36799999999999
"S3",1000,1.5,3,0.3,311,1.68874584490383,3.00618207669955,0.326327101717699,-577.38002744728,0,1.26399999999995
"S3",1000,1.5,3,0.3,312,0.943158463810529,3.11862773845926,0.21179386526838,-618.691784703863,0,1.21100000000001
"S3",1000,1.5,3,0.3,313,2.43890268743575,2.8486216212888,0.374393330520304,-612.916720785015,0,1.221
"S3",1000,1.5,3,0.3,314,2.05868633223983,2.96634201498623,0.337350579790821,-595.551216611541,0,1.29300000000001
"S3",1000,1.5,3,0.3,315,2.91874054984704,2.88859192253052,0.390002727832724,-595.691393560985,0,1.30700000000002
"S3",1000,1.5,3,0.3,316,0.943234471206215,3.14706452922926,0.239964293895963,-567.086279649763,0,1.29200000000003
"S3",1000,1.5,3,0.3,317,2.09220757728424,3.01063370146838,0.326171873317886,-596.03982707331,0,1.35899999999998
"S3",1000,1.5,3,0.3,318,1.42483806646875,2.97596967479255,0.296117647990477,-604.26641255358,0,1.21600000000001
"S3",1000,1.5,3,0.3,319,1.80783072469774,2.87302572988404,0.337167622519994,-617.836105290991,0,1.29200000000003
"S3",1000,1.5,3,0.3,320,1.4474283608092,3.06817067031012,0.285671291541076,-588.21163973166,0,1.17399999999998
"S3",1000,1.5,3,0.3,321,1.80500413092782,2.96359496541575,0.326270359120206,-597.023304054149,0,1.19300000000004
"S3",1000,1.5,3,0.3,322,1.21674046152882,2.95840981274447,0.28278853148849,-604.083891406831,0,1.23199999999997
"S3",1000,1.5,3,0.3,323,3.18006319766073,2.70654894389956,0.448584286227933,-614.102467632209,0,1.35499999999996
"S3",1000,1.5,3,0.3,324,1.1886130854874,3.0892714796068,0.251101519179947,-599.184030957746,0,1.26499999999999
"S3",1000,1.5,3,0.3,325,1.11811649567609,3.33159763125894,0.245294786358734,-523.637970365547,0,1.28899999999999
"S3",1000,1.5,3,0.3,326,1.25751301025019,3.0749781372261,0.303515256918803,-550.751373975026,0,1.19
"S3",1000,1.5,3,0.3,327,2.5317062110264,3.00859177760609,0.352627898169358,-579.25154767213,0,1.27000000000004
"S3",1000,1.5,3,0.3,328,2.03174871510658,3.0001106366737,0.345641157386573,-575.595045159392,0,1.274
"S3",1000,1.5,3,0.3,329,1.25324778084873,2.88234111941099,0.283532292750413,-634.262659757429,0,1.24900000000002
"S3",1000,1.5,3,0.3,330,2.09322363142617,3.09696887764001,0.328495615492937,-563.054912933947,0,1.15200000000004
"S3",1000,1.5,3,0.3,331,2.14178957800008,2.92703274442394,0.357159295518742,-591.171788370447,0,1.40299999999996
"S3",1000,1.5,3,0.3,332,1.47881735874741,3.01728044591088,0.287749390790312,-603.877403466818,0,1.185
"S3",1000,1.5,3,0.3,333,1.54896722902434,3.12250259413274,0.301585334643595,-559.929854379421,0,1.28100000000001
"S3",1000,1.5,3,0.3,334,0.960036157503242,3.20671528892701,0.229962080016001,-563.741554120845,0,1.662
"S3",1000,1.5,3,0.3,335,2.11918851546198,2.94614861068477,0.344706759051759,-597.647115473639,0,1.383
"S3",1000,1.5,3,0.3,336,0.866151621876502,3.19440079346617,0.215887354180518,-573.055769553249,0,1.313
"S3",1000,1.5,3,0.3,337,1.39425948915262,3.00211750538335,0.285079132259078,-604.734842784022,0,1.249
"S3",1000,1.5,3,0.3,338,0.97765478267929,3.22823888561767,0.221735626186795,-571.968446857005,0,1.213
"S3",1000,1.5,3,0.3,339,1.09647884120945,3.02941957895422,0.246300810294176,-614.12585605838,0,1.264
"S3",1000,1.5,3,0.3,340,1.60118921850194,3.01573536322408,0.316213758380007,-578.853797291379,0,1.247
"S3",1000,1.5,3,0.3,341,1.14966695688634,3.06352454452121,0.245571071895383,-611.790148990464,0,1.159
"S3",1000,1.5,3,0.3,342,3.67947640469741,2.74029334073894,0.429114852274588,-621.892292343919,0,1.384
"S3",1000,1.5,3,0.3,343,1.35824351365126,3.05361721800033,0.280503200682411,-592.338780498068,0,1.272
"S3",1000,1.5,3,0.3,344,1.40540963077692,3.0183244613711,0.279116117531407,-605.493501415814,0,1.327
"S3",1000,1.5,3,0.3,345,1.47314912130865,2.94196928343832,0.304982788543222,-607.960002754721,0,1.184
"S3",1000,1.5,3,0.3,346,3.21799205344785,2.86533984886613,0.404263040623245,-597.954018627011,0,1.324
"S3",1000,1.5,3,0.3,347,1.27621661318496,3.08119220943265,0.27545535948634,-580.234318700101,0,1.207
"S3",1000,1.5,3,0.3,348,4.75466454125757,2.85882744144292,0.441276654360426,-581.754845174187,0,1.496
"S3",1000,1.5,3,0.3,349,1.822310245226,2.94731771647981,0.354387986739691,-576.964442081806,0,1.146
"S3",1000,1.5,3,0.3,350,1.23995181985378,2.96247048801871,0.272698735151856,-617.980402630529,0,1.213
"S3",1000,1.5,3,0.3,351,1.62233930573887,2.94327362143657,0.309779767222289,-610.259187401337,0,1.226
"S3",1000,1.5,3,0.3,352,1.24852462585945,3.0757524120188,0.270386098033304,-583.082191513911,0,1.227
"S3",1000,1.5,3,0.3,353,1.35147246229957,2.95795150394788,0.284778087008117,-615.863343384472,0,1.176
"S3",1000,1.5,3,0.3,354,2.07703016890787,3.07386960695265,0.323979172255128,-574.326887227371,0,1.298
"S3",1000,1.5,3,0.3,355,1.7426222988453,2.95576960866011,0.317167929280189,-605.697154906698,0,1.206
"S3",1000,1.5,3,0.3,356,4.38637132483491,2.92321977115797,0.418117325162045,-578.071487749614,0,1.272
"S3",1000,1.5,3,0.3,357,1.7686789081927,2.94300853907593,0.34139623443724,-586.967427867142,0,1.311
"S3",1000,1.5,3,0.3,358,1.69284697184592,2.95456968556678,0.321595332747821,-599.804527669349,0,1.351
"S3",1000,1.5,3,0.3,359,1.83847602842031,2.98001813298647,0.323392774900038,-598.220139474228,0,1.26000000000001
"S3",1000,1.5,3,0.3,360,1.21282521108693,3.02480182795124,0.276115059540573,-590.256961117413,0,1.173
"S3",1000,1.5,3,0.3,361,2.04603605211001,2.87540988088654,0.35521769207147,-606.625536607041,0,1.168
"S3",1000,1.5,3,0.3,362,1.40040393454631,3.08213319915156,0.279005331551614,-587.197411693136,0,1.347
"S3",1000,1.5,3,0.3,363,1.17819059867114,3.16118400300424,0.25277786516811,-569.360270820182,0,1.178
"S3",1000,1.5,3,0.3,364,1.53098104154005,2.96171061782913,0.300319032589904,-607.954849428756,0,1.248
"S3",1000,1.5,3,0.3,365,2.40109862018567,2.74976853625016,0.414774214286842,-607.534336350814,0,1.314
"S3",1000,1.5,3,0.3,366,1.7691140280428,2.95550224296901,0.327428069139466,-596.619151353511,0,1.268
"S3",1000,1.5,3,0.3,367,2.00557463715257,2.94935628201045,0.352335712880151,-587.005932409672,0,1.306
"S3",1000,1.5,3,0.3,368,1.47525934113159,3.06162445816849,0.297892797815837,-578.254632978745,0,1.358
"S3",1000,1.5,3,0.3,369,3.23037024571129,2.92044710547481,0.391850728662946,-588.309776331059,0,1.283
"S3",1000,1.5,3,0.3,370,1.34715390427527,3.0482382537789,0.280569361242985,-589.245324695275,0,1.24
"S3",1000,1.5,3,0.3,371,1.51236649292393,3.17201968118698,0.29601509796091,-547.724491960484,0,1.235
"S3",1000,1.5,3,0.3,372,1.13213213444388,3.13679336580453,0.252997953662098,-574.988966168713,0,1.27500000000001
"S3",1000,1.5,3,0.3,373,1.39956385580924,3.16879931216014,0.253312314494295,-590.79768773903,0,1.248
"S3",1000,1.5,3,0.3,374,1.55109761150837,3.01669518020367,0.304472949594239,-588.047073298563,0,1.287
"S3",1000,1.5,3,0.3,375,1.46074485762955,3.04746392084909,0.288181462432772,-593.035422303913,0,1.214
"S3",1000,1.5,3,0.3,376,1.99369709251292,2.90336405348141,0.344434797183259,-607.670318279552,0,1.403
"S3",1000,1.5,3,0.3,377,2.0701273692601,2.84987251845008,0.337692318578389,-636.211646986886,0,1.35
"S3",1000,1.5,3,0.3,378,6.2778335415101,2.76314139927482,0.46037639551707,-608.814170479871,0,1.396
"S3",1000,1.5,3,0.3,379,2.10307926085801,2.89453661301263,0.358946552079561,-599.745475530943,0,1.313
"S3",1000,1.5,3,0.3,380,1.89460965068318,3.02191687496016,0.329645339883789,-578.561109728337,0,1.205
"S3",1000,1.5,3,0.3,381,1.07511328366132,3.0947711951263,0.271168975587208,-558.544276074641,0,1.27500000000001
"S3",1000,1.5,3,0.3,382,1.14635160929384,3.05723990710402,0.262568325318742,-590.429802409895,0,1.273
"S3",1000,1.5,3,0.3,383,0.989755330175577,3.16450831891334,0.235947326636027,-573.262353880097,0,1.25
"S3",1000,1.5,3,0.3,384,2.2044437216285,2.8706670855396,0.357823595575918,-612.713121484973,0,1.197
"S3",1000,1.5,3,0.3,385,2.28077574746378,2.90775625897107,0.364451034589583,-596.803930325626,0,1.20400000000001
"S3",1000,1.5,3,0.3,386,0.86759013399585,3.10399854089694,0.221673739651028,-592.994976834455,0,1.24900000000001
"S3",1000,1.5,3,0.3,387,1.32991061885946,3.03322397354019,0.273103002450779,-600.024768636329,0,1.20699999999999
"S3",1000,1.5,3,0.3,388,1.03087146401258,2.98738760195011,0.259711313645636,-601.052451303453,0,1.283
"S3",1000,1.5,3,0.3,389,1.66367546841219,2.91650264469237,0.318383563564674,-614.556979193725,0,1.20100000000001
"S3",1000,1.5,3,0.3,390,1.00490821494804,3.01079657104462,0.237371768032719,-621.235271780848,0,1.27
"S3",1000,1.5,3,0.3,391,2.56143282328463,2.89778657681232,0.380840074480023,-593.010619990168,0,1.35900000000001
"S3",1000,1.5,3,0.3,392,1.23992676914682,3.09172298239988,0.286128152876653,-561.79506536164,0,1.20200000000001
"S3",1000,1.5,3,0.3,393,0.726651089123736,3.23489271781073,0.20825003584448,-546.246751000637,0,1.28100000000001
"S3",1000,1.5,3,0.3,394,0.965861325129262,3.03746039992424,0.248302655315737,-594.50157001714,0,1.262
"S3",1000,1.5,3,0.3,395,2.53218870441451,2.92842514379159,0.380868536288882,-584.336259213201,0,1.334
"S3",1000,1.5,3,0.3,396,1.17269867319692,3.021063757236,0.273919486646451,-591.58095351096,0,1.181
"S3",1000,1.5,3,0.3,397,1.36890649497707,3.1142867690351,0.291672207307607,-560.040391968484,0,1.15900000000001
"S3",1000,1.5,3,0.3,398,1.041177996673,3.09733310180364,0.247912453006698,-584.429466081715,0,1.208
"S3",1000,1.5,3,0.3,399,1.30733468002098,3.04506367273784,0.283710448815134,-585.379704187217,0,1.18299999999999
"S3",1000,1.5,3,0.3,400,1.69112312668,2.97986463305034,0.31501297732237,-598.784569220109,0,1.22
"S3",1000,1.5,3,0.3,401,1.05866271593946,2.97106565779584,0.257158652299652,-614.948977006211,0,1.25099999999999
"S3",1000,1.5,3,0.3,402,0.871881812092132,3.21663997590663,0.211905247942085,-574.056744448503,0,1.238
"S3",1000,1.5,3,0.3,403,1.42912708008717,2.93647513416897,0.307567756068601,-604.012751669843,0,1.306
"S3",1000,1.5,3,0.3,404,1.31085483842493,3.10890705573926,0.256858831570509,-597.670568992032,0,1.19199999999999
"S3",1000,1.5,3,0.3,405,1.14030914614812,3.04756921970611,0.272964855972061,-577.355186765728,0,1.352
"S3",1000,1.5,3,0.3,406,1.39604960895645,3.14568781911872,0.266899019258171,-579.182005317823,0,1.27799999999999
"S3",1000,1.5,3,0.3,407,0.984532086705519,3.06123897828389,0.244682351454917,-594.186187607058,0,1.28
"S3",1000,1.5,3,0.3,408,1.47038896660865,2.93669119360773,0.308669016029841,-604.273889872309,0,1.26300000000001
"S3",1000,1.5,3,0.3,409,1.78065387946341,3.0054489945642,0.32145647937466,-588.104236770647,0,1.226
"S3",1000,1.5,3,0.3,410,1.92069132143325,2.93870693158216,0.344527046541985,-595.063051921052,0,1.187
"S3",1000,1.5,3,0.3,411,1.14064400453167,3.14881133929782,0.260430707697946,-563.813547678415,0,1.17299999999999
"S3",1000,1.5,3,0.3,412,0.909775882391724,3.23862586546808,0.207651065221589,-578.184974276352,0,1.179
"S3",1000,1.5,3,0.3,413,2.64623294798919,2.92657475656807,0.373387798176812,-589.559614722192,0,1.29299999999999
"S3",1000,1.5,3,0.3,414,1.11717759339012,2.8132705046367,0.271323372279462,-657.747258067716,0,1.239
"S3",1000,1.5,3,0.3,415,1.15987278488482,3.00548684279794,0.248432777182192,-628.664585461156,0,1.14899999999999
"S3",1000,1.5,3,0.3,416,1.19100576072745,2.96033790133772,0.269071084961399,-617.209306432305,0,1.163
"S3",1000,1.5,3,0.3,417,1.02384302222914,3.20859011695913,0.239423671426987,-557.044832657464,0,1.18600000000001
"S3",1000,1.5,3,0.3,418,1.12313807131564,3.22533143435762,0.235491588522177,-569.794786175086,0,1.17099999999999
"S3",1000,1.5,3,0.3,419,1.46770509490749,2.97437186935643,0.304806056104406,-597.692724239854,0,1.253
"S3",1000,1.5,3,0.3,420,0.852047212161437,3.12955572226335,0.220922433418867,-583.655892125988,0,1.19600000000001
"S3",1000,1.5,3,0.3,421,1.92153970860799,3.08901899735426,0.318065940875065,-568.60669206573,0,1.236
"S3",1000,1.5,3,0.3,422,1.37926571481806,3.14004216914568,0.281655451198592,-563.306562924977,0,1.29199999999999
"S3",1000,1.5,3,0.3,423,3.86819592215398,2.76272572018131,0.436965469507355,-610.922662482033,0,1.255
"S3",1000,1.5,3,0.3,424,1.49908587798267,3.03578551975629,0.307135634987403,-574.338103981757,0,1.218
"S3",1000,1.5,3,0.3,425,1.68589879092399,2.91086452957146,0.304095505358887,-634.264053418622,0,1.19499999999999
"S3",1000,1.5,3,0.3,426,0.894935066173639,3.09828670824999,0.212253937658054,-615.831199078993,0,1.22799999999999
"S3",1000,1.5,3,0.3,427,1.75179106618134,3.03275769387623,0.315898311480902,-583.099657769882,0,1.16800000000001
"S3",1000,1.5,3,0.3,428,1.18832742973853,3.04229313565086,0.283217407675028,-575.892554108861,0,1.29300000000001
"S3",1000,1.5,3,0.3,429,1.98833189763775,2.82696687122776,0.345864383934985,-630.581385738968,0,1.24000000000001
"S3",1000,1.5,3,0.3,430,0.654970191887269,3.30379155592522,0.180383946938123,-552.444121641589,0,1.214
"S3",1000,1.5,3,0.3,431,1.4936525561149,3.11281769564012,0.288630902752558,-572.494336735291,0,1.355
"S3",1000,1.5,3,0.3,432,0.873700335369154,3.06177484857011,0.227856062324847,-599.663446696263,0,1.22800000000001
"S3",1000,1.5,3,0.3,433,1.19695125158655,3.150546977736,0.262562783371565,-566.388870857241,0,1.255
"S3",1000,1.5,3,0.3,434,1.70218112375053,2.97927363225341,0.310182944862533,-602.500025253346,0,1.23399999999999
"S3",1000,1.5,3,0.3,435,1.49314862050968,2.98278415703918,0.306515929514289,-596.999718680531,0,1.20699999999999
"S3",1000,1.5,3,0.3,436,1.07630364730767,2.96320606221966,0.262246345526958,-612.139670908663,0,1.31299999999999
"S3",1000,1.5,3,0.3,437,0.9563214312764,3.07779957525041,0.249132065977336,-579.369417800576,0,1.226
"S3",1000,1.5,3,0.3,438,1.4978639213894,2.97221294984212,0.313172317592424,-590.000505224679,0,1.29400000000001
"S3",1000,1.5,3,0.3,439,1.63540989053661,2.88261961731394,0.323046551937975,-619.171090897381,0,1.21299999999999
"S3",1000,1.5,3,0.3,440,0.90341179737901,3.21014302091028,0.237761623222142,-545.791797503637,0,1.179
"S3",1000,1.5,3,0.3,441,1.82204613277708,2.94189628306592,0.308082495360296,-625.128170574359,0,1.25
"S3",1000,1.5,3,0.3,442,2.73972635887244,2.83035160825706,0.408136841853223,-594.145442427775,0,1.30699999999999
"S3",1000,1.5,3,0.3,443,1.62979961324649,3.02019929482305,0.312036700116819,-585.245054607505,0,1.31800000000001
"S3",1000,1.5,3,0.3,444,1.48558091255747,3.01360218424724,0.302959549929233,-588.058337147534,0,1.19499999999999
"S3",1000,1.5,3,0.3,445,0.946797284717753,3.10193355812164,0.220622087658591,-610.417088636539,0,1.18199999999999
"S3",1000,1.5,3,0.3,446,1.87319844821212,2.96816076442533,0.335859783913428,-586.512334112753,0,1.23600000000002
"S3",1000,1.5,3,0.3,447,1.05661641072406,3.14054767616768,0.255032131869882,-562.45616374924,0,1.244
"S3",1000,1.5,3,0.3,448,1.23132041859767,3.13066026940194,0.241634293878534,-603.8168656986,0,1.26700000000002
"S3",1000,1.5,3,0.3,449,0.949920235438637,2.94152787338225,0.239455673010991,-635.909562586251,0,1.25200000000001
"S3",1000,1.5,3,0.3,450,1.03744056528692,3.02920256141303,0.261715685077491,-585.84421331171,0,1.16900000000001
"S3",1000,1.5,3,0.3,451,5.31614988793525,2.72342065622561,0.469903977048154,-613.710063188243,0,1.358
"S3",1000,1.5,3,0.3,452,1.49198073832167,3.02968884213794,0.32047561306863,-562.925057033186,0,1.27600000000001
"S3",1000,1.5,3,0.3,453,1.25393514711762,3.04427394885034,0.272434218001348,-593.94253414999,0,1.102
"S3",1000,1.5,3,0.3,454,1.1292221691281,3.05760558182172,0.266414909307088,-584.708797926905,0,1.24799999999999
"S3",1000,1.5,3,0.3,455,3.3025872746325,2.75172421302679,0.417442097475651,-626.736767304763,0,1.351
"S3",1000,1.5,3,0.3,456,0.967006542997429,3.10039558760114,0.227120893740974,-602.825034705351,0,1.178
"S3",1000,1.5,3,0.3,457,0.944487155213872,3.20001334936433,0.229716525127641,-563.509916293193,0,1.268
"S3",1000,1.5,3,0.3,458,1.37628033372855,3.03423935071483,0.283331266444212,-593.271898915868,0,1.14699999999999
"S3",1000,1.5,3,0.3,459,1.07537276487961,3.22273920627454,0.250961654927623,-545.600018981678,0,1.202
"S3",1000,1.5,3,0.3,460,1.0993091534909,3.04601150513761,0.274102114119922,-572.68032603886,0,1.25199999999998
"S3",1000,1.5,3,0.3,461,1.16929920698174,3.22575541126569,0.271203896741149,-530.356554444655,0,1.24100000000001
"S3",1000,1.5,3,0.3,462,2.87222675036163,2.82513448762493,0.396465583616029,-610.803046505642,0,1.239
"S3",1000,1.5,3,0.3,463,3.58386306813876,2.79772356141658,0.404381964673189,-624.764121171126,0,1.29100000000003
"S3",1000,1.5,3,0.3,464,11.4512108420093,2.67117756120513,0.569025830043445,-578.606562533636,0,1.495
"S3",1000,1.5,3,0.3,465,1.3298657260754,3.04716435208442,0.255660323444871,-622.434915627665,0,1.15200000000002
"S3",1000,1.5,3,0.3,466,2.17849672517887,2.91403736626884,0.360790396436292,-595.867952507473,0,1.22500000000002
"S3",1000,1.5,3,0.3,467,1.97215356974107,2.91935065658555,0.348926948046115,-596.030978667364,0,1.16200000000001
"S3",1000,1.5,3,0.3,468,0.99138198468879,3.17589237923944,0.235315742058197,-566.869784136055,0,1.19200000000001
"S3",1000,1.5,3,0.3,469,5.27640763515506,2.79909776886109,0.439834249229937,-609.114164514342,0,1.47899999999998
"S3",1000,1.5,3,0.3,470,1.02264025346581,3.1662639556396,0.251604200863497,-555.877432604177,0,1.32400000000001
"S3",1000,1.5,3,0.3,471,0.739015788295692,3.15463499941711,0.212397185314342,-567.896640622482,0,1.28699999999998
"S3",1000,1.5,3,0.3,472,1.15752986178657,2.97471241389149,0.279100994138408,-598.6499172006,0,1.34800000000001
"S3",1000,1.5,3,0.3,473,1.46643813491197,2.92773873544964,0.294839765217814,-623.660283538074,0,1.29100000000003
"S3",1000,1.5,3,0.3,474,0.77029062908978,3.20942873712927,0.192055316022385,-589.432994779345,0,1.24900000000002
"S3",1000,1.5,3,0.3,475,1.3198454338501,3.15178388697335,0.255990818362231,-584.835685569717,0,1.26400000000001
"S3",1000,1.5,3,0.3,476,3.21835926498841,2.80484932057032,0.442231802535844,-585.634423252361,0,1.19900000000001
"S3",1000,1.5,3,0.3,477,1.19224413579424,3.15183446157682,0.268057594366102,-557.056562227427,0,1.21100000000001
"S3",1000,1.5,3,0.3,478,1.41483066820784,3.02407803755663,0.293905962818692,-588.375665340733,0,1.24199999999999
"S3",1000,1.5,3,0.3,479,1.76055138671867,2.86820837213567,0.364868046676179,-590.286205800729,0,1.22200000000001
"S3",1000,1.5,3,0.3,480,4.13862241607651,2.79452126035892,0.44447712950008,-596.028105166844,0,1.595
"S3",1000,1.5,3,0.3,481,1.37262200244423,3.01465839997482,0.279115281558518,-605.119333435422,0,1.21599999999998
"S3",1000,1.5,3,0.3,482,4.83530816948137,2.81861530934501,0.43854609104016,-601.99519119054,0,1.27199999999999
"S3",1000,1.5,3,0.3,483,1.45095185093646,3.09870791063548,0.293204792427846,-567.842074575714,0,1.24900000000002
"S3",1000,1.5,3,0.3,484,1.14018370692105,3.12089883221582,0.244305605139124,-592.054516946148,0,1.36000000000001
"S3",1000,1.5,3,0.3,485,1.58490215385878,2.82508818738749,0.31520076177655,-643.005114313494,0,1.36099999999999
"S3",1000,1.5,3,0.3,486,1.48855361695238,3.03305892692218,0.306344364122914,-575.786818378823,0,1.30500000000001
"S3",1000,1.5,3,0.3,487,1.18586262781875,2.97684699651891,0.279009478235959,-598.831685506093,0,1.37
"S3",1000,1.5,3,0.3,488,1.72345861398918,2.96494410923779,0.312857481407362,-606.35960931763,0,1.209
"S3",1000,1.5,3,0.3,489,2.10694652181725,2.83619558237207,0.350875281003699,-627.594541702635,0,1.28599999999997
"S3",1000,1.5,3,0.3,490,1.22149493422558,3.01519463037221,0.273142428958256,-597.925640139687,0,1.28500000000003
"S3",1000,1.5,3,0.3,491,1.34279870980907,2.88768448153992,0.283658789828475,-640.66769137438,0,1.22400000000002
"S3",1000,1.5,3,0.3,492,1.06711084301783,3.07104661157209,0.270036270781252,-567.278535340482,0,1.26999999999998
"S3",1000,1.5,3,0.3,493,1.1663745125781,3.08132391645788,0.257191748986724,-595.050947513604,0,1.30600000000001
"S3",1000,1.5,3,0.3,494,2.64036917745884,2.77553606820565,0.388397448659373,-632.484243218669,0,1.245
"S3",1000,1.5,3,0.3,495,3.37573171598271,2.8767865695344,0.402990281987842,-593.652662543333,0,1.214
"S3",1000,1.5,3,0.3,496,0.993533946692935,3.11411844505495,0.234802820636064,-590.706103017862,0,1.25800000000001
"S3",1000,1.5,3,0.3,497,3.01067265099987,2.86493044209001,0.407615113898551,-589.709487743255,0,1.279
"S3",1000,1.5,3,0.3,498,1.34843984737246,3.06852295041331,0.289308857665501,-574.628337750705,0,1.20400000000001
"S3",1000,1.5,3,0.3,499,0.862552712534942,3.18159035206644,0.228883010599646,-561.737272799105,0,1.19499999999999
"S3",1000,1.5,3,0.3,500,0.878899365285726,3.22399916200746,0.221722669503194,-560.784686404207,0,1.19299999999998
"S3",1000,1.5,3,0.3,501,0.903606173279178,3.11570468823763,0.211827799493639,-611.315837818568,0,1.44300000000001
"S3",1000,1.5,3,0.3,502,5.06650556552857,2.88896569892248,0.41623564684214,-593.898436935934,0,1.422
"S3",1000,1.5,3,0.3,503,1.5172660257014,2.97703892766995,0.303098211735374,-602.535432139646,0,1.29399999999998
"S3",1000,1.5,3,0.3,504,0.905422537402783,3.25832094029639,0.214321485878735,-559.995508077972,0,1.26300000000001
"S3",1000,1.5,3,0.3,505,1.34626990026906,3.06067273962991,0.271353447815198,-599.17730093105,0,1.208
"S3",1000,1.5,3,0.3,506,1.07398406682828,3.13969116495417,0.249726319369223,-575.763108969117,0,1.17099999999999
"S3",1000,1.5,3,0.3,507,2.24214178990565,3.01988223421027,0.335745180082684,-583.458534074566,0,1.291
"S3",1000,1.5,3,0.3,508,0.817916781152755,3.0522947211455,0.21657210134617,-605.512845285506,0,1.40600000000001
"S3",1000,1.5,3,0.3,509,0.569165122876247,3.20676869475736,0.173397723084074,-571.114887751444,0,1.297
"S3",1000,1.5,3,0.3,510,1.78875078903088,2.94628518155211,0.314196894167567,-613.073484833635,0,1.18700000000001
"S3",1000,1.5,3,0.3,511,0.725922990769467,3.1965645742242,0.189550617495602,-587.9809787318,0,1.19499999999999
"S3",1000,1.5,3,0.3,512,1.20886237977156,3.12097192042803,0.267296936242573,-570.142844390109,0,1.19900000000001
"S3",1000,1.5,3,0.3,513,1.08326178640556,3.14642123382079,0.259300733287599,-561.918642595413,0,1.23899999999998
"S3",1000,1.5,3,0.3,514,1.49100840013385,2.89458896827185,0.296838139521729,-634.738813307104,0,1.18299999999999
"S3",1000,1.5,3,0.3,515,0.827075995555264,3.21285186035394,0.200539596988529,-583.763071996204,0,1.17800000000003
"S3",1000,1.5,3,0.3,516,2.36035990946222,2.87908946850328,0.35504239617331,-617.081148807625,0,1.196
"S3",1000,1.5,3,0.3,517,0.774126254522808,3.15219101324057,0.205812682482468,-585.254352362015,0,1.393
"S3",1000,1.5,3,0.3,518,0.895295175889625,3.12311641689475,0.223207592304094,-591.341915440733,0,1.26400000000001
"S3",1000,1.5,3,0.3,519,1.50944353014948,3.04567045789797,0.292476065699008,-592.220906506358,0,1.33500000000001
"S3",1000,1.5,3,0.3,520,2.0662456917615,2.85703059920428,0.364199229523862,-607.864258116078,0,1.26499999999999
"S3",1000,1.5,3,0.3,521,3.20872072599695,2.74193751801369,0.409721740904739,-635.040127297633,0,1.41199999999998
"S3",1000,1.5,3,0.3,522,2.89868272003116,2.82955945602933,0.401613153594558,-605.352889138032,0,1.36800000000002
"S3",1000,1.5,3,0.3,523,1.41976875430683,2.973867824481,0.302178004792481,-596.279553503405,0,1.22499999999999
"S3",1000,1.5,3,0.3,524,2.58069469971912,2.88373617842067,0.387366925531551,-590.41699835577,0,1.28399999999999
"S3",1000,1.5,3,0.3,525,1.17513243043648,2.90126960013502,0.266563834966919,-641.456608954392,0,1.30500000000001
"S3",1000,1.5,3,0.3,526,6.65912266611169,2.75301482921415,0.473365091808646,-603.268664257572,0,1.583
"S3",1000,1.5,3,0.3,527,1.4473834328088,3.04423124701284,0.282945477008913,-597.000948327221,0,1.221
"S3",1000,1.5,3,0.3,528,1.34727807037623,2.99978804986199,0.277131840583185,-611.845369323531,0,1.18600000000001
"S3",1000,1.5,3,0.3,529,1.35037480273993,3.06550136630814,0.272848124318995,-594.797628873858,0,1.20599999999999
"S3",1000,1.5,3,0.3,530,3.7343275827614,2.75234489602259,0.445372891605158,-606.794671511196,0,1.28800000000001
"S3",1000,1.5,3,0.3,531,1.47034215514443,2.99878782940201,0.305439435407108,-587.617429817256,0,1.29600000000002
"S3",1000,1.5,3,0.3,532,6.68818705427215,2.75416420411332,0.478725976927358,-597.373320856304,0,1.52200000000002
"S3",1000,1.5,3,0.3,533,2.27159655856535,2.88953016746634,0.364612514056163,-601.844208037432,0,1.429
"S3",1000,1.5,3,0.3,534,2.46207062261671,2.95874131408014,0.365663935816,-582.870464755502,0,1.345
"S3",1000,1.5,3,0.3,535,15.8585671850075,2.59275862131516,0.603843418179433,-585.096336726251,0,1.71000000000004
"S3",1000,1.5,3,0.3,536,1.97752431812584,3.01770903540492,0.33289124027632,-579.689485561126,0,1.22000000000003
"S3",1000,1.5,3,0.3,537,1.4416065781037,2.955243210474,0.279007320890368,-632.336824297219,0,1.24200000000002
"S3",1000,1.5,3,0.3,538,1.20763310958942,3.0427561397278,0.271008791432827,-594.114768147267,0,1.20299999999997
"S3",1000,1.5,3,0.3,539,3.64454709823445,2.91169102105061,0.407965755589012,-582.368425678622,0,1.31
"S3",1000,1.5,3,0.3,540,1.44973994658523,2.99844675755483,0.287440335288664,-607.354046252719,0,1.27699999999999
"S3",1000,1.5,3,0.3,541,1.92536599796395,2.87312317515717,0.362193416148869,-596.69981828339,0,1.25100000000003
"S3",1000,1.5,3,0.3,542,1.95640848378465,2.98925360314768,0.314886210476017,-607.114562295214,0,1.22700000000003
"S3",1000,1.5,3,0.3,543,2.43213724768876,2.77541726121539,0.366165514315111,-647.004581005958,0,1.23500000000001
"S3",1000,1.5,3,0.3,544,1.31686285203238,3.06035273712503,0.281142152270678,-584.101198588982,0,1.20800000000003
"S3",1000,1.5,3,0.3,545,0.733492227036428,3.14438819549942,0.203993275495135,-580.950995310476,0,1.27300000000002
"S3",1000,1.5,3,0.3,546,0.822634634312391,3.11130064893605,0.21706011286015,-590.31330617888,0,1.30399999999997
"S3",1000,1.5,3,0.3,547,1.15936197851252,3.12081184295548,0.259916538117322,-575.62588127911,0,1.21600000000001
"S3",1000,1.5,3,0.3,548,1.15672741198086,3.11467214656374,0.261283268444386,-577.226866082761,0,1.27499999999998
"S3",1000,1.5,3,0.3,549,4.83532514128185,2.79195747935808,0.487063153907828,-573.183936348524,0,1.53100000000001
"S3",1000,1.5,3,0.3,550,2.59586177127741,2.89901495463893,0.398567799677254,-576.132895386279,0,1.31599999999997
"S3",1000,1.5,3,0.3,551,1.69498003619762,2.88929271819355,0.33443005286027,-610.667296899152,0,1.24299999999999
"S3",1000,1.5,3,0.3,552,1.46737273178802,2.91313789136072,0.308273362239658,-613.134152455041,0,1.24400000000003
"S3",1000,1.5,3,0.3,553,1.08695264042395,3.14517968631441,0.257910354962632,-565.045698928595,0,1.20499999999998
"S3",1000,1.5,3,0.3,554,3.96793871552222,2.72297259148186,0.442560624006766,-623.267014356393,0,1.35199999999998
"S3",1000,1.5,3,0.3,555,1.78353888206339,2.93717782002196,0.305932834770616,-626.768428025058,0,1.27699999999999
"S3",1000,1.5,3,0.3,556,0.613811980830752,3.30577876800743,0.167382335694146,-561.825793604197,0,1.33699999999999
"S3",1000,1.5,3,0.3,557,1.25000471714916,3.05821577591646,0.272073430693608,-591.055354711166,0,1.25
"S3",1000,1.5,3,0.3,558,2.36051702210664,3.00773114150696,0.371484074952619,-559.438359465394,0,1.23099999999999
"S3",1000,1.5,3,0.3,559,1.56578608733554,3.11356183100946,0.297462929683942,-562.019602116531,0,1.31100000000004
"S3",1000,1.5,3,0.3,560,1.29395281842271,3.09531481624064,0.263935792867202,-590.542054712072,0,1.16800000000001
"S3",1000,1.5,3,0.3,561,0.958294445444292,3.07783752361535,0.230175053059749,-605.595942033414,0,1.20400000000001
"S3",1000,1.5,3,0.3,562,0.70494106211994,3.2712257827037,0.190544047287243,-556.454377155193,0,1.26099999999997
"S3",1000,1.5,3,0.3,563,24.9063052258124,2.62674421635302,0.550851512212495,-612.747058942088,0,1.82399999999996
"S3",1000,1.5,3,0.3,564,2.61333328932943,2.73755559778312,0.426668227462967,-608.826807148942,0,1.24599999999998
"S3",1000,1.5,3,0.3,565,0.787910305100109,3.22229309679243,0.200270548652075,-572.879463132253,0,1.255
"S3",1000,1.5,3,0.3,566,1.39205867879291,3.11891304037286,0.277922148479527,-575.470141700044,0,1.32799999999997
"S3",1000,1.5,3,0.3,567,2.91771816525584,2.82389745379111,0.415694638962707,-595.899891896329,0,1.28299999999996
"S3",1000,1.5,3,0.3,568,1.51061734543191,3.10055939934803,0.272515139289057,-594.163943442463,0,1.27199999999999
"S3",1000,1.5,3,0.3,569,0.695906417115012,3.08521965294719,0.202932915964524,-588.965709957592,0,1.21499999999997
"S3",1000,1.5,3,0.3,570,1.14400244903061,3.0330638922847,0.262183174939055,-601.446936340308,0,1.303
"S3",1000,1.5,3,0.3,571,1.40672285360518,3.01242284079154,0.282185414916883,-606.768895487585,0,1.33100000000002
"S3",1000,1.5,3,0.3,572,1.82224499491435,2.87633544701662,0.316571478252631,-638.314858054226,0,1.42000000000002
"S3",1000,1.5,3,0.3,573,2.24134498170119,2.98924296919569,0.353855964941798,-578.035523839788,0,1.17900000000003
"S3",1000,1.5,3,0.3,574,0.956382110971344,3.22057798764461,0.217973502475683,-575.118485306663,0,1.20499999999998
"S3",1000,1.5,3,0.3,575,1.56696131640576,2.96145761307929,0.320445099513214,-588.353217157873,0,1.22399999999999
"S3",1000,1.5,3,0.3,576,1.18186706839695,3.02164895792039,0.254347128258863,-619.517132938038,0,1.23899999999998
"S3",1000,1.5,3,0.3,577,0.900400508473253,3.07550208560424,0.230097560247905,-596.027727207863,0,1.31199999999995
"S3",1000,1.5,3,0.3,578,2.55186895739192,3.01005815308962,0.372405914361173,-562.383508568867,0,1.21199999999999
"S3",1000,1.5,3,0.3,579,0.919960533975608,3.0945673244234,0.202015066380131,-635.055218409355,0,1.209
"S3",1000,1.5,3,0.3,580,1.41972852870282,2.94040878735842,0.304700704984527,-605.647345755256,0,1.22000000000003
"S3",1000,1.5,3,0.3,581,2.45356077206878,2.80553747758095,0.393169432206653,-612.278853778229,0,1.32299999999998
"S3",1000,1.5,3,0.3,582,2.24697617809144,2.88836067812841,0.365544512468559,-598.97652860401,0,1.30500000000001
"S3",1000,1.5,3,0.3,583,0.902342259260364,3.14381641741927,0.214676351353246,-594.740627992679,0,1.19099999999997
"S3",1000,1.5,3,0.3,584,1.27441064716246,3.01510794381374,0.284983015326683,-590.097070428701,0,1.25500000000005
"S3",1000,1.5,3,0.3,585,1.44963848703295,2.99621304545667,0.311165174333913,-580.050149623675,0,1.19200000000001
"S3",1000,1.5,3,0.3,586,2.54743500202521,2.90244982933414,0.389195274955488,-583.964120518952,0,1.26400000000001
"S3",1000,1.5,3,0.3,587,3.69853478379692,2.78682441108452,0.420244675038299,-618.4046023112,0,1.45299999999997
"S3",1000,1.5,3,0.3,588,1.48919969562055,3.01707580970597,0.287850352363987,-602.710350824054,0,1.18199999999996
"S3",1000,1.5,3,0.3,589,5.374658964256,2.88210345142509,0.455149272832086,-569.715930025713,0,1.49899999999997
"S3",1000,1.5,3,0.3,590,1.72820829017284,2.90763410734019,0.327241534869192,-607.405886922323,0,1.26499999999999
"S3",1000,1.5,3,0.3,591,1.80343573744583,3.03574352169188,0.324939422657478,-576.040358452657,0,1.28699999999998
"S3",1000,1.5,3,0.3,592,3.00368775969128,3.0288485610676,0.358737146026752,-575.525681484871,0,1.185
"S3",1000,1.5,3,0.3,593,1.81743293397808,3.02488055518864,0.347539671914219,-555.040255161769,0,1.185
"S3",1000,1.5,3,0.3,594,0.824858245835104,3.2857089911037,0.206708634577387,-550.340733702507,0,1.36499999999995
"S3",1000,1.5,3,0.3,595,2.43922715785198,2.91745980598183,0.366660571177963,-594.535839738236,0,1.33199999999999
"S3",1000,1.5,3,0.3,596,1.25937357536081,3.16911579133512,0.268698653157295,-560.509395797114,0,1.28800000000001
"S3",1000,1.5,3,0.3,597,0.900819581390369,3.13419887873869,0.21154814849281,-605.124120232334,0,1.17000000000002
"S3",1000,1.5,3,0.3,598,1.01612795299818,3.12963009899683,0.23832202831193,-584.741910962686,0,1.26500000000004
"S3",1000,1.5,3,0.3,599,1.00489513211713,3.05826949427397,0.239458846102953,-603.453426146639,0,1.32900000000001
"S3",1000,1.5,3,0.3,600,1.1186157452746,2.98139273591831,0.264493273115905,-607.830657099475,0,1.34700000000004
"S3",1000,1.5,3,0.3,601,21.4433197311843,2.64769281888294,0.552182678451655,-603.187172990214,0,1.67200000000003
"S3",1000,1.5,3,0.3,602,0.759772548627708,3.19814477613146,0.201123314677296,-574.993116210536,0,1.31200000000001
"S3",1000,1.5,3,0.3,603,2.14172668900719,2.98707564024539,0.336742914382242,-592.208194733231,0,1.21500000000003
"S3",1000,1.5,3,0.3,604,1.14454229121351,3.13423435956721,0.263398231739,-566.147148903939,0,1.16499999999996
"S3",1000,1.5,3,0.3,605,1.11475917898236,3.12556267950367,0.255756548370328,-574.853918202503,0,1.209
"S3",1000,1.5,3,0.3,606,2.44143791253119,2.91385096856674,0.38046099683005,-584.014302922202,0,1.197
"S3",1000,1.5,3,0.3,607,2.01426397403585,2.91887077322892,0.343535841089153,-604.154548596757,0,1.28800000000001
"S3",1000,1.5,3,0.3,608,0.901968923903335,3.19854051413003,0.237432034147176,-550.520115842974,0,1.24600000000004
"S3",1000,1.5,3,0.3,609,1.12244949020412,3.15755881214044,0.255380464269463,-565.80654433864,0,1.39499999999998
"S3",1000,1.5,3,0.3,610,1.30032026143057,3.02261645739022,0.274597550367332,-603.749964606144,0,1.34999999999997
"S3",1000,1.5,3,0.3,611,3.00375531637409,2.81958239806901,0.414355053950744,-598.210401158847,0,1.17699999999996
"S3",1000,1.5,3,0.3,612,0.806919059376864,3.06981484420921,0.208379122924972,-610.081359015094,0,1.214
"S3",1000,1.5,3,0.3,613,1.57144255462728,3.04198749887394,0.307017426997187,-580.739865889848,0,1.14600000000002
"S3",1000,1.5,3,0.3,614,1.20014059672232,3.15259454108877,0.262083649332751,-567.005149693014,0,1.21499999999997
"S3",1000,1.5,3,0.3,615,1.44550776749188,2.99226616969337,0.303252104733365,-591.055207779711,0,1.14699999999999
"S3",1000,1.5,3,0.3,616,2.21921402675755,3.03121960128079,0.343539068899286,-571.493012278065,0,1.20400000000001
"S3",1000,1.5,3,0.3,617,2.52189427421951,2.91398211043392,0.358220585524774,-607.713081537118,0,1.16399999999999
"S3",1000,1.5,3,0.3,618,1.81629834470546,3.05309251525449,0.31625053692373,-577.9438660803,0,1.19499999999999
"S3",1000,1.5,3,0.3,619,0.929967534945618,3.15629640127071,0.210173034348011,-602.578588255273,0,1.31099999999998
"S3",1000,1.5,3,0.3,620,2.41472491941897,2.92633678577944,0.369714561238843,-590.378908897613,0,1.23899999999998
"S3",1000,1.5,3,0.3,621,1.90277470557989,2.89488697582635,0.349596903569832,-602.167401454519,0,1.28299999999996
"S3",1000,1.5,3,0.3,622,1.32575568866963,3.0219325816899,0.287068927543442,-591.038668206589,0,1.18000000000001
"S3",1000,1.5,3,0.3,623,1.20137664765843,3.09967385179944,0.265873166632215,-580.807170051069,0,1.238
"S3",1000,1.5,3,0.3,624,1.65053805490939,2.97617074741058,0.303818992769082,-609.855201390723,0,1.32999999999998
"S3",1000,1.5,3,0.3,625,0.913440700319737,3.18377710776598,0.218441613317141,-579.305877287817,0,1.19499999999999
"S3",1000,1.5,3,0.3,626,2.04278741782051,2.95868305157566,0.342003841199283,-591.936702390903,0,1.18299999999999
"S3",1000,1.5,3,0.3,627,1.03813091328975,3.0268430413391,0.267597342000085,-582.073101902025,0,1.22399999999999
"S3",1000,1.5,3,0.3,628,2.87020970637738,2.86763592290657,0.402338535290472,-589.45807798173,0,1.34200000000004
"S3",1000,1.5,3,0.3,629,0.797476799299847,3.20168144335697,0.211717147303189,-565.706659724813,0,1.31399999999996
"S3",1000,1.5,3,0.3,630,1.49259119917148,3.02401817091475,0.273823497928478,-617.507028893975,0,1.25199999999995
"S3",1000,1.5,3,0.3,631,1.72639387221882,3.00750799296214,0.314478755420209,-588.376427956524,0,1.23099999999999
"S3",1000,1.5,3,0.3,632,2.67938050254454,2.99925805380446,0.377457084946962,-565.450361770396,0,1.28400000000005
"S3",1000,1.5,3,0.3,633,5.49577018808011,2.6711976188001,0.470254464560844,-633.524793443548,0,1.42099999999999
"S3",1000,1.5,3,0.3,634,1.20300546482105,3.05465299178001,0.267432610988285,-593.361063863861,0,1.33800000000002
"S3",1000,1.5,3,0.3,635,1.94759062597685,2.96087837737435,0.329145286353747,-603.120875243391,0,1.173
"S3",1000,1.5,3,0.3,636,0.806965278356285,3.15539510125494,0.205565495977284,-592.407744248887,0,1.37600000000003
"S3",1000,1.5,3,0.3,637,1.79831419370608,3.07825775471315,0.334783460751404,-549.588089014586,0,1.16800000000001
"S3",1000,1.5,3,0.3,638,0.688052615335489,3.21185944093968,0.191846509929638,-569.104537764437,0,1.36000000000001
"S3",1000,1.5,3,0.3,639,2.24077874850754,3.0820008650265,0.311557881080305,-589.816272855993,0,1.24900000000002
"S3",1000,1.5,3,0.3,640,2.10649420727511,3.04306530529709,0.337349694957538,-570.471913983263,0,1.33800000000002
"S3",1000,1.5,3,0.3,641,1.05109061298438,3.15194713340519,0.257951932210432,-554.321805863462,0,1.19299999999998
"S3",1000,1.5,3,0.3,642,1.75861325958859,2.9490172646519,0.321683382230783,-605.186389211769,0,1.25700000000001
"S3",1000,1.5,3,0.3,643,1.7746373104274,2.92990213586162,0.340103852447539,-592.901845104133,0,1.22700000000003
"S3",1000,1.5,3,0.3,644,0.962380717022285,3.0619874588309,0.244679195331294,-588.993094910115,0,1.22499999999997
"S3",1000,1.5,3,0.3,645,1.34090503613045,3.08658596239518,0.297589509759737,-560.259884713204,0,1.17599999999999
"S3",1000,1.5,3,0.3,646,1.4527711373221,2.99625886765911,0.297671213624735,-597.55654207002,0,1.21100000000001
"S3",1000,1.5,3,0.3,647,1.30441659318633,3.05327765842859,0.275969948234004,-592.168505943521,0,1.18700000000001
"S3",1000,1.5,3,0.3,648,1.03158829257619,3.23217838725854,0.233422135628224,-559.644090306526,0,1.22499999999997
"S3",1000,1.5,3,0.3,649,2.19310590432985,2.88862207938768,0.383634707427796,-581.076011698084,0,1.19599999999997
"S3",1000,1.5,3,0.3,650,1.65072005829421,2.9967380260408,0.307692139869552,-598.950946850726,0,1.23699999999997
"S3",1000,1.5,3,0.3,651,2.2970540556743,2.99803977655895,0.343106586723627,-586.33550006036,0,1.20599999999996
"S3",1000,1.5,3,0.3,652,1.21232698935003,3.0283389516289,0.261599094728306,-609.605430517407,0,1.28800000000001
"S3",1000,1.5,3,0.3,653,2.45947534960333,2.84466626003516,0.36681621925587,-620.112863015732,0,1.25800000000004
"S3",1000,1.5,3,0.3,654,0.94434978264927,3.21246204626259,0.238115687238974,-549.586160189577,0,1.21100000000001
"S3",1000,1.5,3,0.3,655,1.02837826203542,3.16231928602507,0.245381838291787,-565.466473494813,0,1.178
"S3",1000,1.5,3,0.3,656,0.843728446249081,3.08305824216665,0.219854212644345,-598.02286652874,0,1.286
"S3",1000,1.5,3,0.3,657,1.66980705819729,3.04506178795914,0.3015935582495,-588.645088705573,0,1.245
"S3",1000,1.5,3,0.3,658,1.28602540912438,3.1199266364633,0.268651576960216,-578.140863963947,0,1.18400000000003
"S3",1000,1.5,3,0.3,659,2.18552800907259,2.88474127108361,0.365576124202051,-598.383811998497,0,1.29599999999999
"S3",1000,1.5,3,0.3,660,2.40449922810677,2.81809248898336,0.413275810978197,-585.614751643648,0,1.32100000000003
"S3",1000,1.5,3,0.3,661,1.75202518786245,2.91836815898448,0.327788288320473,-609.377182277638,0,1.16000000000003
"S3",1000,1.5,3,0.3,662,0.748229368441055,3.14741957506979,0.190682565622072,-603.522425868795,0,1.30099999999999
"S3",1000,1.5,3,0.3,663,1.25989634533002,2.99432886182387,0.295172088943466,-584.111034184861,0,1.19300000000004
"S3",1000,1.5,3,0.3,664,1.51172732526326,3.07875957294575,0.30046331135023,-567.757526846941,0,1.21199999999999
"S3",1000,1.5,3,0.3,665,4.51143206384164,2.94131097729627,0.410285222625321,-577.973756083016,0,1.39699999999999
"S3",1000,1.5,3,0.3,666,1.05855667449501,3.0168045493705,0.260667111586123,-594.937744319277,0,1.36899999999997
"S3",1000,1.5,3,0.3,667,0.730323172217772,3.04678253785761,0.207025334297338,-602.68558767564,0,1.26500000000004
"S3",1000,1.5,3,0.3,668,2.86626494366139,2.93840031344913,0.391770594693943,-575.778711531313,0,1.756
"S3",1000,1.5,3,0.3,669,1.41744185085951,2.98770370884173,0.298232736835944,-596.755153516906,0,1.464
"S3",1000,1.5,3,0.3,670,1.43632041308285,3.15333038794941,0.286318631596003,-555.767436686856,0,1.271
"S3",1000,1.5,3,0.3,671,0.800836849961821,3.12178513187326,0.204744655515919,-600.216812052676,0,1.264
"S3",1000,1.5,3,0.3,672,0.68860560533734,3.17151651254014,0.190961701809858,-584.189367381754,0,1.241
"S3",1000,1.5,3,0.3,673,1.34392135446017,3.05501647172161,0.269684092248807,-601.938436280202,0,1.198
"S3",1000,1.5,3,0.3,674,1.94895072294867,3.05424078586512,0.335462328204973,-564.486388545062,0,1.256
"S3",1000,1.5,3,0.3,675,0.862599229538563,3.19938846180889,0.209297973422985,-582.926263708474,0,1.165
"S3",1000,1.5,3,0.3,676,2.0303521521913,3.01557329373194,0.341811348026229,-575.118488224296,0,1.402
"S3",1000,1.5,3,0.3,677,2.63472291255032,2.73914185793325,0.415742473063163,-619.051034931303,0,1.21
"S3",1000,1.5,3,0.3,678,1.29846476737962,3.11705383693033,0.276706235985002,-571.044763579175,0,1.165
"S3",1000,1.5,3,0.3,679,2.28821892397773,2.92109393528712,0.361689764206915,-595.772465665901,0,1.344
"S3",1000,1.5,3,0.3,680,1.50493505192639,3.09080067449322,0.279224514926674,-590.357163543188,0,1.174
"S3",1000,1.5,3,0.3,681,0.96416110403502,3.0539252279188,0.246488716288972,-590.188540325221,0,1.165
"S3",1000,1.5,3,0.3,682,1.11711870326409,3.04209320191747,0.265231375513921,-590.478033331924,0,1.157
"S3",1000,1.5,3,0.3,683,1.72974791255066,2.90161727696528,0.347342153541682,-593.401197652471,0,1.186
"S3",1000,1.5,3,0.3,684,0.88738340878705,3.21225511199136,0.21252908248277,-575.211990015103,0,1.17
"S3",1000,1.5,3,0.3,685,0.908523684324503,3.12950338669958,0.221501566958182,-592.704204820358,0,1.23
"S3",1000,1.5,3,0.3,686,2.02897497237158,2.89563325013469,0.367859907199454,-590.597076475948,0,1.26
"S3",1000,1.5,3,0.3,687,0.913806512907705,2.94150154536054,0.231105581232535,-638.959723474844,0,1.248
"S3",1000,1.5,3,0.3,688,1.38128676236788,3.08685565528183,0.281799001233762,-578.309752921993,0,1.267
"S3",1000,1.5,3,0.3,689,2.01443794450167,2.99538727890472,0.341070057025611,-580.29634774032,0,1.253
"S3",1000,1.5,3,0.3,690,2.24661881609504,2.98844029978318,0.345739333949883,-587.599580011784,0,1.185
"S3",1000,1.5,3,0.3,691,2.23548251699925,2.77568002558439,0.365668322405979,-641.194454351648,0,1.251
"S3",1000,1.5,3,0.3,692,1.16275299624131,3.125800210718,0.24174761482798,-598.485571095214,0,1.36
"S3",1000,1.5,3,0.3,693,3.12592997295222,2.79340353311121,0.417951368380018,-608.804466788753,0,1.445
"S3",1000,1.5,3,0.3,694,1.105533917155,3.1443396797022,0.243867144418638,-580.49934324999,0,1.177
"S3",1000,1.5,3,0.3,695,1.36436640445985,3.01067685354875,0.27544428349264,-611.594629836128,0,1.096
"S3",1000,1.5,3,0.3,696,2.89753983650739,2.91716502380284,0.412078122210186,-566.787266043856,0,1.227
"S3",1000,1.5,3,0.3,697,1.41430265679753,2.98593161033531,0.299901383109732,-593.963635274904,0,1.282
"S3",1000,1.5,3,0.3,698,1.83941725371932,2.89339200106241,0.312813643522419,-638.048051535765,0,1.193
"S3",1000,1.5,3,0.3,699,1.1653438344642,2.9295244122469,0.273572533610215,-620.850525140901,0,1.261
"S3",1000,1.5,3,0.3,700,1.71652431525588,2.95406775529947,0.312401832006286,-611.250502318316,0,1.201
"S3",1000,1.5,3,0.3,701,3.52272335454391,2.89017979870694,0.42477005365442,-575.585504870847,0,1.365
"S3",1000,1.5,3,0.3,702,1.43639896685754,2.97776330695988,0.290694212580132,-609.495104717773,0,1.245
"S3",1000,1.5,3,0.3,703,1.56482868603693,2.92175716408971,0.307230927672459,-618.090800820886,0,1.176
"S3",1000,1.5,3,0.3,704,1.03725454828505,3.08676998227859,0.245266991138804,-587.393625866395,0,1.259
"S3",1000,1.5,3,0.3,705,1.79323316015809,2.91534268297245,0.319704569581603,-621.017879090311,0,1.11
"S3",1000,1.5,3,0.3,706,9998.33762957402,2.57452567636339,0.61799011441339,-592.537273887752,0,2.611
"S3",1000,1.5,3,0.3,707,0.967118120629803,3.0774183577185,0.240066053964629,-591.807221373361,0,1.266
"S3",1000,1.5,3,0.3,708,2.6458106623924,2.88449129346366,0.385531257162017,-594.801335146861,0,1.278
"S3",1000,1.5,3,0.3,709,1.02942440935646,3.09747484184683,0.239908639890569,-590.6210427033,0,1.211
"S3",1000,1.5,3,0.3,710,0.964488230230177,3.2296974754389,0.231908221904545,-553.363508397671,0,1.326
"S3",1000,1.5,3,0.3,711,0.727942115186121,3.1334983867958,0.188841252986162,-608.600134182389,0,1.227
"S3",1000,1.5,3,0.3,712,1.07123857355042,3.00868742555244,0.249535366542751,-614.601983235606,0,1.134
"S3",1000,1.5,3,0.3,713,1.32614060116614,3.08251992470146,0.268894020599925,-594.139383238396,0,1.135
"S3",1000,1.5,3,0.3,714,1.5244727820217,2.92673507125372,0.33041663634027,-590.454981842581,0,1.17700000000001
"S3",1000,1.5,3,0.3,715,2.14684963259899,2.90632508153738,0.357071417575955,-598.414499262181,0,1.302
"S3",1000,1.5,3,0.3,716,2.03049545525132,2.87860076854554,0.347953503039246,-613.260724305209,0,1.151
"S3",1000,1.5,3,0.3,717,1.35574154538693,3.02267979584098,0.288754427167181,-594.300722825693,0,1.14599999999999
"S3",1000,1.5,3,0.3,718,1.43964655224985,2.95208773318832,0.28790900020561,-621.286824412364,0,1.137
"S3",1000,1.5,3,0.3,719,2.13246376526578,2.96769493184318,0.33942528016647,-596.095977406012,0,1.223
"S3",1000,1.5,3,0.3,720,1.8036432666301,3.01791617722233,0.298956610149506,-609.199207340831,0,1.226
"S3",1000,1.5,3,0.3,721,2.78688073043975,2.83962737637074,0.380637093577141,-619.099964249947,0,1.291
"S3",1000,1.5,3,0.3,722,1.88400137093007,2.89696584069994,0.327387411353662,-622.058664620401,0,1.21900000000001
"S3",1000,1.5,3,0.3,723,1.84591072843367,3.0841864440902,0.304037580335756,-582.610413506551,0,1.31800000000001
"S3",1000,1.5,3,0.3,724,2.00094202829932,3.03772202461326,0.344331088943487,-562.604895262457,0,1.42099999999999
"S3",1000,1.5,3,0.3,725,2.1684308543472,2.83598918010768,0.347553739692863,-635.082064278756,0,1.23699999999999
"S3",1000,1.5,3,0.3,726,1.13817545414227,2.9470175713679,0.248087643203226,-646.326063423243,0,1.19799999999999
"S3",1000,1.5,3,0.3,727,2.57513938190289,2.87647195049139,0.357652394058037,-624.988177105452,0,1.178
"S3",1000,1.5,3,0.3,728,1.51053300775857,2.99528669107697,0.301256919384492,-596.075301623706,0,1.217
"S3",1000,1.5,3,0.3,729,1.48927120174573,2.94018349614174,0.295060489299995,-623.896431687862,0,1.31999999999999
"S3",1000,1.5,3,0.3,730,2.98983889047733,2.9744832414284,0.374996544475712,-580.063427321777,0,1.253
"S3",1000,1.5,3,0.3,731,1.1076612503539,3.25353223826102,0.25275039631723,-537.522564850547,0,1.178
"S3",1000,1.5,3,0.3,732,1.62916529480978,2.84852440916171,0.319563817647241,-631.908390166056,0,1.3
"S3",1000,1.5,3,0.3,733,1.48615387526134,2.90167217106013,0.303736914527525,-624.655076906058,0,1.23399999999999
"S3",1000,1.5,3,0.3,734,1.3929720771092,3.06186551305031,0.274503659483064,-597.767801248831,0,1.22
"S3",1000,1.5,3,0.3,735,3.64303321845751,2.67503609206086,0.453843067485435,-627.862098810564,0,1.211
"S3",1000,1.5,3,0.3,736,0.956400427685676,3.10442340565345,0.243523121673177,-577.013034350243,0,1.18599999999999
"S3",1000,1.5,3,0.3,737,1.90974657129448,2.8105688177716,0.352586986535394,-625.615262867783,0,1.319
"S3",1000,1.5,3,0.3,738,1.93436877193617,3.08109721355107,0.31726726678163,-574.734126332163,0,1.227
"S3",1000,1.5,3,0.3,739,0.859550005793595,3.13794716419661,0.2316204685455,-566.300762739572,0,1.378
"S3",1000,1.5,3,0.3,740,1.35690219247246,3.04009417202189,0.297510229269021,-575.535488818245,0,1.32599999999999
"S3",1000,1.5,3,0.3,741,1.29510880662423,3.00139477906833,0.277944299760246,-602.745135689754,0,1.224
"S3",1000,1.5,3,0.3,742,4.10143746607909,2.76591885416924,0.445405215164792,-606.69259491208,0,1.25
"S3",1000,1.5,3,0.3,743,1.54117607697679,2.93709213246557,0.31736607514801,-599.038417146562,0,1.28
"S3",1000,1.5,3,0.3,744,1.11035913651884,3.01418654840024,0.268643705038214,-592.593808359921,0,1.17
"S3",1000,1.5,3,0.3,745,1.37671770887745,3.02120943236314,0.283919422496434,-596.293226476692,0,1.208
"S3",1000,1.5,3,0.3,746,1.46085702444176,3.01713244187965,0.320030328994723,-565.361529550158,0,1.217
"S3",1000,1.5,3,0.3,747,0.741239870695208,3.28937408751539,0.185228389317074,-566.943214181332,0,1.312
"S3",1000,1.5,3,0.3,748,1.60178394543951,2.96898487187346,0.3016111674377,-611.232668414818,0,1.31700000000001
"S3",1000,1.5,3,0.3,749,2.6408159534571,2.84212158568303,0.376573855555866,-617.560414546899,0,1.242
"S3",1000,1.5,3,0.3,750,1.44725802632889,2.94224622540974,0.298627323390168,-612.482474384523,0,1.276
"S3",1000,1.5,3,0.3,751,1.8067732970074,2.9048924142628,0.320124032658009,-622.645902378082,0,1.242
"S3",1000,1.5,3,0.3,752,1.85290460189886,2.93156136949735,0.318813071337842,-619.091739019014,0,1.211
"S3",1000,1.5,3,0.3,753,2.1939073983782,3.02195365229983,0.337756841061262,-577.136734386781,0,1.489
"S3",1000,1.5,3,0.3,754,1.3412032197197,2.98689603077621,0.268666337375973,-625.071402149757,0,1.235
"S3",1000,1.5,3,0.3,755,1.17714499255361,3.09740904848984,0.268343021035248,-573.550949764898,0,1.259
"S3",1000,1.5,3,0.3,756,1.31595423019877,3.09655663251916,0.286342994620546,-567.794263342908,0,1.166
"S3",1000,1.5,3,0.3,757,1.93238092625468,2.87405506171539,0.323030967031678,-635.851160789533,0,1.315
"S3",1000,1.5,3,0.3,758,0.768993694094942,3.06916558674388,0.228268040415679,-576.882703185592,0,1.336
"S3",1000,1.5,3,0.3,759,2.11068862593698,2.78486370530665,0.361596038682162,-634.779760376825,0,1.34100000000001
"S3",1000,1.5,3,0.3,760,2.14442924033851,2.8730516928892,0.353940405345012,-615.023372626051,0,1.176
"S3",1000,1.5,3,0.3,761,1.30499223619058,2.99332283790182,0.283953021690363,-599.835619782207,0,1.209
"S3",1000,1.5,3,0.3,762,0.60345843206503,3.28819221950587,0.16133434953359,-577.743501839608,0,1.25700000000001
"S3",1000,1.5,3,0.3,763,2.78499283682933,2.80610979622604,0.396107125505599,-614.070008443631,0,1.232
"S3",1000,1.5,3,0.3,764,2.24430550177628,2.86205799239611,0.354589293264369,-619.109036602391,0,1.381
"S3",1000,1.5,3,0.3,765,1.16279548294469,3.1184919811959,0.247187753635818,-593.606066713172,0,1.31699999999999
"S3",1000,1.5,3,0.3,766,0.985928997907606,3.07026705285425,0.234886486714705,-604.538033083018,0,1.274
"S3",1000,1.5,3,0.3,767,0.614307820186707,3.31350960851541,0.169125812888816,-555.814363082279,0,1.321
"S3",1000,1.5,3,0.3,768,1.28608571105755,3.04933060571758,0.270783426685194,-595.340993840741,0,1.131
"S3",1000,1.5,3,0.3,769,2.81992604550796,2.88990004863787,0.373224086993197,-610.570578229932,0,1.24000000000001
"S3",1000,1.5,3,0.3,770,2.18502014466963,2.89660755614748,0.33932538369526,-625.007179402513,0,1.32900000000001
"S3",1000,1.5,3,0.3,771,5.14429466975135,2.7891477313779,0.477106905095526,-584.982788771213,0,1.398
"S3",1000,1.5,3,0.3,772,6.86243469899622,2.77552362056239,0.500125736691307,-577.324023835345,0,1.358
"S3",1000,1.5,3,0.3,773,2.27456825813196,2.88883693147059,0.343190895672188,-623.695298063171,0,1.185
"S3",1000,1.5,3,0.3,774,0.839745865358347,3.26872472525269,0.207417306246269,-558.715829221752,0,1.322
"S3",1000,1.5,3,0.3,775,2.83189243043498,2.89192751890631,0.378553313804635,-602.170095880451,0,1.18200000000002
"S3",1000,1.5,3,0.3,776,1.80601487819247,2.77876834916432,0.360744581423454,-622.971986966053,0,1.376
"S3",1000,1.5,3,0.3,777,1.25338271082835,3.07433588734751,0.263752396135951,-594.699512073776,0,1.244
"S3",1000,1.5,3,0.3,778,1.88816583952245,2.87995476943458,0.348779304831687,-604.901297126804,0,1.25200000000001
"S3",1000,1.5,3,0.3,779,0.965042022508892,3.107523809847,0.236751972707793,-588.306610914663,0,1.16899999999998
"S3",1000,1.5,3,0.3,780,2.09588729764169,2.86999147292623,0.364304172234025,-602.765654959614,0,1.22300000000001
"S3",1000,1.5,3,0.3,781,1.02480932389156,3.11238215052144,0.246155207617175,-579.208598779505,0,1.21099999999998
"S3",1000,1.5,3,0.3,782,3.10057075889042,2.79624517492399,0.414138579009638,-608.601424261324,0,1.244
"S3",1000,1.5,3,0.3,783,1.25101230438925,3.02641880524796,0.264834374118183,-608.150768843831,0,1.15700000000001
"S3",1000,1.5,3,0.3,784,1.28602519987162,3.05276119684396,0.27683100881718,-588.006238816525,0,1.30099999999999
"S3",1000,1.5,3,0.3,785,1.31533119563827,2.86568429735118,0.287881911875123,-638.759554240172,0,1.304
"S3",1000,1.5,3,0.3,786,1.32911757623322,3.15037090387871,0.278940438170124,-560.32271175763,0,1.28
"S3",1000,1.5,3,0.3,787,1.21241744267242,3.10382994716991,0.260008630723901,-587.521376954714,0,1.18000000000001
"S3",1000,1.5,3,0.3,788,3.50066174146481,2.76189674459722,0.43656318949862,-608.306299444183,0,1.33500000000001
"S3",1000,1.5,3,0.3,789,0.785055486764265,3.09760654494048,0.212091850766974,-591.889427180291,0,1.24199999999999
"S3",1000,1.5,3,0.3,790,1.0023708897661,3.17334076926852,0.243712107257745,-560.393059628202,0,1.25999999999999
"S3",1000,1.5,3,0.3,791,1.3773029584788,2.98872726942674,0.282723517157626,-611.101641778355,0,1.26300000000001
"S3",1000,1.5,3,0.3,792,22.0417636194216,2.65177039092313,0.563398445539156,-594.5751666912,0,1.57300000000001
"S3",1000,1.5,3,0.3,793,2.54971467351837,2.936105866973,0.342205064544581,-616.364476786267,0,1.196
"S3",1000,1.5,3,0.3,794,2.72766347565568,2.91462073289939,0.379659937755101,-591.682473665163,0,1.178
"S3",1000,1.5,3,0.3,795,1.33385837537074,3.05584400717493,0.261254091509017,-610.861861253511,0,1.268
"S3",1000,1.5,3,0.3,796,3.87564297206425,2.83516830764375,0.446629076421317,-580.674713437095,0,1.30099999999999
"S3",1000,1.5,3,0.3,797,1.78509127018794,2.88564086382724,0.32936793672053,-620.08979118434,0,1.262
"S3",1000,1.5,3,0.3,798,0.966569889273795,3.05143813134753,0.228580137097167,-613.747916036295,0,1.28900000000002
"S3",1000,1.5,3,0.3,799,1.03534387242004,3.12546647454105,0.253893591711879,-568.788915596476,0,1.297
"S3",1000,1.5,3,0.3,800,1.89702812693045,2.88416130679786,0.319100883128733,-637.088073331285,0,1.20000000000002
"S3",1000,1.5,3,0.3,801,1.73620432774782,2.88931493411557,0.335330568516052,-607.422658624203,0,1.12700000000001
"S3",1000,1.5,3,0.3,802,1.33803548717566,3.02385360116121,0.282376997255215,-595.993557556356,0,1.23500000000001
"S3",1000,1.5,3,0.3,803,1.43672069776398,3.02379363869299,0.268569059189543,-618.265264272322,0,1.309
"S3",1000,1.5,3,0.3,804,1.37649949441381,3.00140225623497,0.307536776817962,-576.915588742546,0,1.197
"S3",1000,1.5,3,0.3,805,1.01333150042094,3.10474672210259,0.249270606688232,-578.512907947922,0,1.22800000000001
"S3",1000,1.5,3,0.3,806,3.74431875037855,2.71588209469437,0.440404917410268,-626.607719264434,0,1.39599999999999
"S3",1000,1.5,3,0.3,807,3.87606448333402,2.8124173459888,0.434637162108406,-595.254625989603,0,1.27700000000002
"S3",1000,1.5,3,0.3,808,0.943252534643084,3.14008445992343,0.222145009147761,-591.879472352892,0,1.25899999999999
"S3",1000,1.5,3,0.3,809,3.15257613947256,3.00597027762385,0.404864294476309,-547.880001863454,0,1.273
"S3",1000,1.5,3,0.3,810,0.998088409281245,3.12723709721305,0.234653346778898,-590.13848300378,0,1.274
"S3",1000,1.5,3,0.3,811,2.27189641253902,2.84549268770121,0.350808048789023,-631.0845831099,0,1.24099999999999
"S3",1000,1.5,3,0.3,812,2.56381668154527,2.94320497960198,0.386075366531205,-572.310255363995,0,1.31700000000001
"S3",1000,1.5,3,0.3,813,1.78960380361962,2.92497456749163,0.322587338001482,-613.183499156641,0,1.46899999999999
"S3",1000,1.5,3,0.3,814,2.3896638147511,2.97032300778035,0.380743458313178,-564.072236697606,0,1.416
"S3",1000,1.5,3,0.3,815,2.469102664458,2.91398345001331,0.36866576165774,-596.934276754344,0,1.28999999999999
"S3",1000,1.5,3,0.3,816,0.853379655126386,3.2309198614046,0.220820784678961,-553.230670230258,0,1.24700000000001
"S3",1000,1.5,3,0.3,817,1.26635371521985,3.1864457529661,0.260604045645992,-564.573406391117,0,1.23399999999998
"S3",1000,1.5,3,0.3,818,1.80256667403088,3.00686277433792,0.33403946329694,-575.401193080033,0,1.453
"S3",1000,1.5,3,0.3,819,1.05328612609487,2.9645308382564,0.246485430788529,-632.141587176633,0,1.22200000000001
"S3",1000,1.5,3,0.3,820,1.22564056218219,3.0615151102862,0.267137833911134,-589.150562760051,0,1.22400000000002
"S3",1000,1.5,3,0.3,821,1.26336359821174,3.25022269612812,0.247888176770079,-559.086828868011,0,1.22999999999999
"S3",1000,1.5,3,0.3,822,1.71448712621631,3.03339429126417,0.297857090179467,-600.206047421339,0,1.245
"S3",1000,1.5,3,0.3,823,0.689062264824389,3.30712803945245,0.18864690721463,-544.823026840488,0,1.27799999999999
"S3",1000,1.5,3,0.3,824,0.741611609378165,3.1583141299552,0.197021161218557,-590.689198738954,0,1.17499999999998
"S3",1000,1.5,3,0.3,825,1.410907393673,3.02076510622136,0.285706023389952,-597.815992243619,0,1.108
"S3",1000,1.5,3,0.3,826,1.01671833544274,3.00527478357895,0.24691083555382,-610.692337402919,0,1.17599999999999
"S3",1000,1.5,3,0.3,827,1.11637779573091,3.13427290852546,0.247755539057969,-579.620090906741,0,1.239
"S3",1000,1.5,3,0.3,828,1.15141453581497,3.04845864631711,0.255486206360183,-604.987192067953,0,1.17499999999998
"S3",1000,1.5,3,0.3,829,2.52918412782424,2.97264549990164,0.35606998203363,-588.070912527627,0,1.27600000000001
"S3",1000,1.5,3,0.3,830,2.46920563737788,2.94199355493528,0.362972802955217,-589.087971691893,0,1.256
"S3",1000,1.5,3,0.3,831,3.47389011352848,2.76405692479053,0.419922006314311,-620.55099253526,0,1.28399999999999
"S3",1000,1.5,3,0.3,832,1.29237098243162,3.02145861897529,0.259205176663848,-622.312561346996,0,1.291
"S3",1000,1.5,3,0.3,833,1.61200524557664,2.96411757286038,0.318197045327157,-594.62431584642,0,1.20599999999999
"S3",1000,1.5,3,0.3,834,2.68784215873816,2.89954138128699,0.368088366111655,-605.898138245922,0,1.393
"S3",1000,1.5,3,0.3,835,1.56282410232209,2.92938371454717,0.302353309421001,-619.799806656824,0,1.33799999999999
"S3",1000,1.5,3,0.3,836,1.09208282515472,3.13264451654442,0.23690526928543,-596.68920397685,0,1.173
"S3",1000,1.5,3,0.3,837,1.71328788939793,3.04034169217539,0.301772137637858,-594.925073143174,0,1.28999999999999
"S3",1000,1.5,3,0.3,838,1.37877684154589,2.96330502677138,0.287672872200444,-616.216314408989,0,1.179
"S3",1000,1.5,3,0.3,839,1.33295905602145,3.04077745620793,0.281544360336064,-592.127633062044,0,1.13800000000001
"S3",1000,1.5,3,0.3,840,1.70499191456064,2.94386317558512,0.326559915360466,-597.449559076305,0,1.19399999999999
"S3",1000,1.5,3,0.3,841,2.62136146546263,2.64226238761811,0.378836379969097,-687.19585672725,0,1.22899999999998
"S3",1000,1.5,3,0.3,842,22.8777825024752,2.66935842588838,0.562568299197775,-588.050765013514,0,1.89699999999999
"S3",1000,1.5,3,0.3,843,1.28313904959343,3.04423820053723,0.284775793239458,-580.486572775217,0,1.16200000000001
"S3",1000,1.5,3,0.3,844,2.7836461039907,2.95923183477012,0.382680663722277,-577.070307524326,0,1.15000000000001
"S3",1000,1.5,3,0.3,845,0.780885490281079,3.17253693411309,0.193457194871432,-598.913462115941,0,1.327
"S3",1000,1.5,3,0.3,846,1.76641719189351,3.00805360027694,0.310478850782893,-596.171942623826,0,1.22999999999999
"S3",1000,1.5,3,0.3,847,0.967383228531068,3.10179904139829,0.249700178090335,-570.16691152355,0,1.178
"S3",1000,1.5,3,0.3,848,1.0534456301847,3.21280109118304,0.238759784030929,-565.115384929598,0,1.167
"S3",1000,1.5,3,0.3,849,0.939369289952898,3.17487345877474,0.246306094583711,-549.12008038264,0,1.30099999999999
"S3",1000,1.5,3,0.3,850,1.86220559271739,3.01983581327264,0.312405300571235,-597.075141654272,0,1.16200000000001
"S3",1000,1.5,3,0.3,851,0.810700459062735,3.15026780722201,0.205993224397132,-589.913016865733,0,1.37
"S3",1000,1.5,3,0.3,852,1.38076760999212,3.01754189574215,0.297457272801166,-580.123158012007,0,1.19299999999998
"S3",1000,1.5,3,0.3,853,1.06017447308597,2.96061375522491,0.260648275421761,-614.8782329594,0,1.22999999999999
"S3",1000,1.5,3,0.3,854,0.917293331868788,3.09226568650955,0.236221592855545,-585.756005350967,0,1.20800000000003
"S3",1000,1.5,3,0.3,855,0.910032262356664,3.15315492851038,0.24081071567942,-559.104968988609,0,1.31099999999998
"S3",1000,1.5,3,0.3,856,1.23910765177986,3.01651702308717,0.247899274904423,-636.827812482745,0,1.28700000000001
"S3",1000,1.5,3,0.3,857,2.3218632551287,2.7913614056333,0.377398239887708,-626.358303897535,0,1.208
"S3",1000,1.5,3,0.3,858,0.966255831805135,3.26567321731357,0.246935805986332,-521.663609569317,0,1.286
"S3",1000,1.5,3,0.3,859,1.15329673187703,2.98820973421628,0.268570334667624,-606.298073190075,0,1.20299999999997
"S3",1000,1.5,3,0.3,860,0.934723667282414,3.28209209051308,0.229793915726421,-541.260166638893,0,1.226
"S3",1000,1.5,3,0.3,861,1.46427331752711,2.96574171262059,0.312087830040818,-590.86524764615,0,1.14400000000001
"S3",1000,1.5,3,0.3,862,2.18517311612377,2.84104432019234,0.345571489922874,-635.440059858607,0,1.13200000000001
"S3",1000,1.5,3,0.3,863,2.82351940446409,2.88841356429528,0.376121623445637,-606.892153916051,0,1.245
"S3",1000,1.5,3,0.3,864,2.88256230081631,2.73299189757705,0.400857258891301,-639.650737833339,0,1.221
"S3",1000,1.5,3,0.3,865,2.29459626146089,2.85128217437478,0.34924862626774,-631.063055603067,0,1.369
"S3",1000,1.5,3,0.3,866,1.43771797740945,3.06979172068942,0.282738681922453,-589.350393924739,0,1.27799999999999
"S3",1000,1.5,3,0.3,867,6.32233402957176,2.72693321538402,0.46380975320241,-621.31013690397,0,1.387
"S3",1000,1.5,3,0.3,868,2.01748847238567,2.94663514396759,0.327789979125519,-611.225823273515,0,1.249
"S3",1000,1.5,3,0.3,869,1.25920784358427,3.06128740565221,0.26249772043878,-603.306812478791,0,1.227
"S3",1000,1.5,3,0.3,870,1.11978359284702,2.94984973130192,0.25136752354777,-636.798336032874,0,1.29500000000002
"S3",1000,1.5,3,0.3,871,1.13615125712497,3.13119419643522,0.250679000398198,-582.709213818283,0,1.11900000000003
"S3",1000,1.5,3,0.3,872,1.34371685912459,3.07878795014382,0.275891208200845,-586.434552904882,0,1.18400000000003
"S3",1000,1.5,3,0.3,873,1.5932080525472,2.90201243585705,0.2915212326609,-645.200111534896,0,1.18099999999998
"S3",1000,1.5,3,0.3,874,1.33432112705855,3.0949374929755,0.282550806387348,-573.846380119035,0,1.38200000000001
"S3",1000,1.5,3,0.3,875,2.17779936095484,2.94869453430347,0.353373822483102,-590.882347514894,0,1.19399999999996
"S3",1000,1.5,3,0.3,876,8.54036185721239,2.7072484793668,0.5104529774956,-599.740350663257,0,1.37899999999996
"S3",1000,1.5,3,0.3,877,2.20367627341143,2.90507789672845,0.35889738010358,-600.595550444165,0,1.13200000000001
"S3",1000,1.5,3,0.3,878,1.22889807980231,3.1179991477207,0.248456279381258,-595.271829666431,0,1.20699999999999
"S3",1000,1.5,3,0.3,879,0.925350638346501,3.12405255984181,0.222314281808813,-595.0442718831,0,1.32899999999995
"S3",1000,1.5,3,0.3,880,0.791070807122285,3.14100693286043,0.188703845631699,-618.559453366406,0,1.22399999999999
"S3",1000,1.5,3,0.3,881,1.25676294696095,2.98648468071532,0.268406110138209,-617.38882978903,0,1.23200000000003
"S3",1000,1.5,3,0.3,882,1.67854756399767,2.99576264965089,0.298177527373911,-608.817504208582,0,1.21300000000002
"S3",1000,1.5,3,0.3,883,2.19489669608485,2.90507653422003,0.355962680645548,-599.662016550911,0,1.36700000000002
"S3",1000,1.5,3,0.3,884,1.46035266578074,2.94489010717953,0.299166136891736,-611.070052936407,0,1.32999999999998
"S3",1000,1.5,3,0.3,885,1.50116017343795,3.00875793947911,0.30297911979501,-589.501782013572,0,1.274
"S3",1000,1.5,3,0.3,886,1.46372012152693,3.10268463386753,0.309557608576411,-550.421794784353,0,1.23699999999997
"S3",1000,1.5,3,0.3,887,1.32539627070011,3.03944516806886,0.282898868148833,-589.08715722036,0,1.291
"S3",1000,1.5,3,0.3,888,1.74853020485922,2.9176737399155,0.332759896923753,-602.154220243694,0,1.20100000000002
"S3",1000,1.5,3,0.3,889,1.10977877977233,3.03335991006765,0.263352308291156,-594.009058432416,0,1.25200000000001
"S3",1000,1.5,3,0.3,890,1.08595933257033,2.8986821554544,0.268513853566357,-628.524921896267,0,1.28299999999996
"S3",1000,1.5,3,0.3,891,1.71894520595036,3.08172532132907,0.296022864738071,-587.882777789972,0,1.25899999999996
"S3",1000,1.5,3,0.3,892,1.62389506812023,3.00182763524489,0.316807126430826,-584.882614705287,0,1.22499999999997
"S3",1000,1.5,3,0.3,893,0.983631378347084,3.06471805171183,0.242878234225568,-593.754982057809,0,1.233
"S3",1000,1.5,3,0.3,894,2.35229036872319,3.00874224503684,0.364715376128434,-566.200983538489,0,1.16399999999999
"S3",1000,1.5,3,0.3,895,1.25183723368371,2.94926622143695,0.282233369779653,-614.292910761754,0,1.19799999999998
"S3",1000,1.5,3,0.3,896,0.924841137851824,3.06542507157728,0.246778213514247,-580.446772838635,0,1.25900000000001
"S3",1000,1.5,3,0.3,897,2.29351638284206,2.86162009384516,0.358858894177807,-620.276521534037,0,1.40300000000002
"S3",1000,1.5,3,0.3,898,1.01421863155317,3.06068430269313,0.247859041364031,-596.087616225667,0,1.25100000000003
"S3",1000,1.5,3,0.3,899,1.24018251230851,3.01259269600342,0.282214058771931,-590.026492994497,0,1.18900000000002
"S3",1000,1.5,3,0.3,900,1.7889991311733,3.03483924780646,0.308088694190545,-592.636607098067,0,1.178
"S3",1000,1.5,3,0.3,901,1.87003001608495,2.86587192368701,0.336657870286377,-621.856348285647,0,1.22999999999996
"S3",1000,1.5,3,0.3,902,2.62812497148558,2.97287827146082,0.367615074613968,-580.231863047079,0,1.32100000000003
"S3",1000,1.5,3,0.3,903,0.764598518704185,3.09384620329653,0.199344883091126,-609.310132961868,0,1.32299999999998
"S3",1000,1.5,3,0.3,904,2.36668409171224,2.94680611238104,0.363016673976761,-588.183104227905,0,1.29500000000002
"S3",1000,1.5,3,0.3,905,1.35903563431077,2.97915699959409,0.288678234043011,-605.192675976026,0,1.23899999999998
"S3",1000,1.5,3,0.3,906,1.60364144797999,2.9058858924331,0.319553056333763,-612.463977480087,0,1.30799999999999
"S3",1000,1.5,3,0.3,907,1.28697608643423,3.06775294071904,0.275769199986716,-584.333828881634,0,1.39699999999999
"S3",1000,1.5,3,0.3,908,1.55623446946473,2.88217585089979,0.315743747171302,-620.667349723788,0,1.26000000000005
"S3",1000,1.5,3,0.3,909,0.965314383932246,3.10027293317313,0.243676902513129,-580.144325839601,0,1.32299999999998
"S3",1000,1.5,3,0.3,910,1.45554606570894,3.06937257235725,0.28643451872284,-585.837342003448,0,1.32600000000002
"S3",1000,1.5,3,0.3,911,1.85902995564914,2.89367119351379,0.322188098949932,-627.234752859245,0,1.27500000000003
"S3",1000,1.5,3,0.3,912,1.14769385063803,3.06178196404342,0.251260364075275,-604.469086336935,0,1.39699999999999
"S3",1000,1.5,3,0.3,913,0.944696920222819,3.18339339943819,0.234574546569153,-564.010213197142,0,1.22399999999999
"S3",1000,1.5,3,0.3,914,1.34133174260885,2.96794143474994,0.29768594334617,-598.367746611139,0,1.19600000000003
"S3",1000,1.5,3,0.3,915,1.27909947657359,3.01272634000242,0.277248516380751,-600.849763969955,0,1.15000000000003
"S3",1000,1.5,3,0.3,916,1.30987240708507,2.92040274723556,0.293966560701387,-615.511207187237,0,1.18000000000001
"S3",1000,1.5,3,0.3,917,1.46242456445738,3.14778475626217,0.288495788536266,-561.980271284749,0,1.25
"S3",1000,1.5,3,0.3,918,0.83216396345189,3.01224888773426,0.220862301161833,-618.638257906384,0,1.20100000000002
"S3",1000,1.5,3,0.3,919,9.37670695250534,2.79380772118538,0.490596869651395,-583.212617917713,0,1.49700000000001
"S3",1000,1.5,3,0.3,920,4.49130835386447,2.74724426470089,0.452449880371244,-609.533470005837,0,1.327
"S3",1000,1.5,3,0.3,921,1.01019968991034,3.16882461682762,0.22692502077521,-589.576142430042,0,1.25
"S3",1000,1.5,3,0.3,922,1.29853604423582,3.04408216974389,0.269959446356089,-601.565172779522,0,1.22399999999999
"S3",1000,1.5,3,0.3,923,1.28258723202759,2.99599306267359,0.275613132382812,-609.333818778214,0,1.178
"S3",1000,1.5,3,0.3,924,1.21421277161311,3.06834414820538,0.266821803595094,-590.95617080755,0,1.202
"S3",1000,1.5,3,0.3,925,1.46569904078533,2.91437220195964,0.295463877001122,-627.0562301621,0,1.23099999999999
"S3",1000,1.5,3,0.3,926,2.31019637612236,2.97313271524502,0.351512700826249,-586.961558710249,0,1.233
"S3",1000,1.5,3,0.3,927,0.947327001021362,3.12409740510469,0.232147872626077,-584.402123155098,0,1.25299999999999
"S3",1000,1.5,3,0.3,928,1.36222885113158,3.02468660980325,0.282333139440611,-598.291799568847,0,1.18100000000004
"S3",1000,1.5,3,0.3,929,1.94623586413091,3.00757124291885,0.354407659206432,-560.774406852407,0,1.30000000000001
"S3",1000,1.5,3,0.3,930,1.48337913426465,3.0066148979291,0.307702933168421,-584.660167907891,0,1.31999999999999
"S3",1000,1.5,3,0.3,931,2.40067824834952,2.87290527125599,0.344743068272479,-632.615474380326,0,1.35500000000002
"S3",1000,1.5,3,0.3,932,1.03577727970402,3.00097331929562,0.283076582691501,-569.099159600557,0,1.17599999999999
"S3",1000,1.5,3,0.3,933,1.11638785163428,3.09251458212484,0.280049279370884,-556.148916380223,0,1.22699999999998
"S3",1000,1.5,3,0.3,934,6.67479479996247,2.77058544182168,0.465894552301319,-605.691761546825,0,1.39700000000005
"S3",1000,1.5,3,0.3,935,1.32049549599614,3.10156930863329,0.262264072154846,-593.378946832543,0,1.34300000000002
"S3",1000,1.5,3,0.3,936,2.93521454850778,2.93707613643513,0.402441415233379,-567.183980939157,0,1.24799999999999
"S3",1000,1.5,3,0.3,937,3.06841147600716,2.85465564357394,0.400516215967272,-602.178687445546,0,1.29699999999997
"S3",1000,1.5,3,0.3,938,1.3035374685513,3.01030894506901,0.298384079188915,-577.814411937948,0,1.19
"S3",1000,1.5,3,0.3,939,2.05693506333397,2.91091472685868,0.34929586310318,-602.455453288231,0,1.24299999999999
"S3",1000,1.5,3,0.3,940,1.52551079159182,2.97142235158205,0.292425318741092,-614.907231923174,0,1.26599999999996
"S3",1000,1.5,3,0.3,941,1.42780865306002,3.02780197221187,0.28460654608828,-596.337741327163,0,1.26400000000001
"S3",1000,1.5,3,0.3,942,0.870568193329658,3.2605647679792,0.20533069065324,-567.538375007888,0,1.24900000000002
"S3",1000,1.5,3,0.3,943,9.96370175039366,2.69055477273618,0.53255640172927,-591.239102976157,0,1.60500000000002
"S3",1000,1.5,3,0.3,944,2.07323842110589,2.95616935270199,0.352943883057165,-584.49908271061,0,1.21600000000001
"S3",1000,1.5,3,0.3,945,0.749316033304848,3.12948734425172,0.200987004289824,-594.632347668388,0,1.37799999999999
"S3",1000,1.5,3,0.3,946,1.86616795008181,2.97281785703313,0.331960547039899,-591.960595680621,0,1.21200000000005
"S3",1000,1.5,3,0.3,947,1.77759346230742,2.94347691573552,0.339292447623347,-589.644479840208,0,1.10300000000001
"S3",1000,1.5,3,0.3,948,1.0655789725234,3.09513973542445,0.250132131790149,-587.839928782399,0,1.23099999999999
"S3",1000,1.5,3,0.3,949,3.92754724475477,2.85108601609161,0.40384773344296,-611.040884463863,0,1.38200000000001
"S3",1000,1.5,3,0.3,950,2.25563563351983,2.97971399720816,0.3660250669274,-569.832542426182,0,1.12
"S3",1000,1.5,3,0.3,951,3.07033188860754,2.76039712650903,0.42148090676247,-614.361622518156,0,1.22199999999998
"S3",1000,1.5,3,0.3,952,0.671473773383635,3.1577264827807,0.18786950517384,-589.761133973013,0,1.13599999999997
"S3",1000,1.5,3,0.3,953,1.81903017841863,2.92575550222077,0.334826770076728,-603.10059176467,0,1.322
"S3",1000,1.5,3,0.3,954,2.20745433889725,2.81756817443912,0.362875203367068,-629.643860574134,0,1.40700000000004
"S3",1000,1.5,3,0.3,955,2.13626237031087,2.86630348372935,0.35968747971423,-610.057409075188,0,1.12799999999999
"S3",1000,1.5,3,0.3,956,1.06963353001818,3.11565016333846,0.253693575658429,-576.708258037922,0,1.18599999999998
"S3",1000,1.5,3,0.3,957,0.985605605870511,3.11511739811231,0.238151478224396,-586.103086610153,0,1.22200000000004
"S3",1000,1.5,3,0.3,958,1.12816214970436,3.09227401611269,0.266649285188475,-572.201551028967,0,1.19900000000001
"S3",1000,1.5,3,0.3,959,1.19343918069963,2.94081565835081,0.272120755144434,-624.804679811502,0,1.24700000000001
"S3",1000,1.5,3,0.3,960,2.78393460797589,2.78980808189756,0.409480982282732,-610.603965536383,0,1.20799999999997
"S3",1000,1.5,3,0.3,961,11.7400268976048,2.69186892969634,0.51150524336525,-609.849359756496,0,1.45000000000005
"S3",1000,1.5,3,0.3,962,1.1533346470185,2.97865813592714,0.251090934248742,-631.590123104838,0,1.34899999999999
"S3",1000,1.5,3,0.3,963,1.01094075797137,3.08367543100299,0.242176458841614,-592.05404919782,0,1.30899999999997
"S3",1000,1.5,3,0.3,964,2.99651693585492,2.82069202732866,0.392062923768464,-618.890545896936,0,1.166
"S3",1000,1.5,3,0.3,965,9.5553633627935,2.75554935993592,0.502301260944681,-588.613048933448,0,1.476
"S3",1000,1.5,3,0.3,966,1.23462264756693,3.12184708245192,0.265364211918509,-574.700463706309,0,1.154
"S3",1000,1.5,3,0.3,967,1.06585822175843,3.16325032535913,0.22696513447772,-595.789491022988,0,1.29900000000004
"S3",1000,1.5,3,0.3,968,0.798187206410411,3.29682539817737,0.2124323305582,-534.198947333154,0,1.26999999999998
"S3",1000,1.5,3,0.3,969,0.781860599490309,3.05394051235215,0.208244842097429,-611.207567775683,0,1.30600000000004
"S3",1000,1.5,3,0.3,970,1.76779648849238,2.8994546828523,0.334664703510886,-607.607940648088,0,1.21600000000001
"S3",1000,1.5,3,0.3,971,0.948173809456625,3.07305686572319,0.22510255676752,-610.515856432969,0,1.32400000000001
"S3",1000,1.5,3,0.3,972,1.51169391748307,2.93740636245846,0.303040442860969,-614.220157386443,0,1.30599999999998
"S3",1000,1.5,3,0.3,973,1.66754924461831,2.91201880824718,0.345012789200232,-590.952227666199,0,1.18600000000004
"S3",1000,1.5,3,0.3,974,1.26958748906372,3.10948510749799,0.271349491430106,-575.559166682729,0,1.178
"S3",1000,1.5,3,0.3,975,1.41431695505211,2.95194512461082,0.28008463915995,-630.182031850908,0,1.20699999999999
"S3",1000,1.5,3,0.3,976,1.0119832737359,3.15838005844466,0.239010671440423,-576.491433132503,0,1.33600000000001
"S3",1000,1.5,3,0.3,977,2.42330845616648,2.96701464936302,0.365462035979684,-580.548303336781,0,1.29399999999998
"S3",1000,1.5,3,0.3,978,0.957780626466325,2.9633211299332,0.249627677604353,-616.107548904809,0,1.22800000000001
"S3",1000,1.5,3,0.3,979,0.703937297906382,3.1959881425406,0.185271101679462,-589.536144243882,0,1.26400000000001
"S3",1000,1.5,3,0.3,980,0.700064081698905,3.1861501190251,0.192596820462085,-578.617798472845,0,1.185
"S3",1000,1.5,3,0.3,981,0.886976364135679,3.12932302094821,0.217573948744678,-594.414820731608,0,1.20499999999998
"S3",1000,1.5,3,0.3,982,1.43789518812478,3.07835421853874,0.30677391421774,-558.386888790647,0,1.39699999999999
"S3",1000,1.5,3,0.3,983,1.13847854765321,3.07779326491382,0.256658515453124,-593.244276688053,0,1.26100000000002
"S3",1000,1.5,3,0.3,984,1.36000136775851,3.00048632849333,0.276297359749518,-614.798801384122,0,1.21600000000001
"S3",1000,1.5,3,0.3,985,3.28193704480922,2.78197575441397,0.425857843536722,-607.94930681761,0,1.29899999999998
"S3",1000,1.5,3,0.3,986,1.23738154033567,2.96382659596432,0.285899749011622,-602.354566829931,0,1.23000000000002
"S3",1000,1.5,3,0.3,987,1.483508636271,2.89436189615163,0.307573405657579,-623.261746478662,0,1.334
"S3",1000,1.5,3,0.3,988,1.14755675189242,3.04315070750072,0.258717845602116,-601.181343274865,0,1.20399999999995
"S3",1000,1.5,3,0.3,989,1.21344407194661,3.05895330354768,0.24659731495454,-618.035914846075,0,1.22899999999998
"S3",1000,1.5,3,0.3,990,1.11552626560917,2.91647086464569,0.267967692987114,-624.824744236884,0,1.21900000000005
"S3",1000,1.5,3,0.3,991,2.23475337547934,2.75657295968274,0.366647061035402,-645.807864525572,0,1.32299999999998
"S3",1000,1.5,3,0.3,992,0.744266830779349,3.3047519805301,0.198668065385551,-541.400382661103,0,1.24100000000004
"S3",1000,1.5,3,0.3,993,1.27567152222703,3.01791345226284,0.27294013036473,-601.798146771189,0,1.23399999999998
"S3",1000,1.5,3,0.3,994,1.48385821525239,2.97134444395136,0.301242718659259,-602.271314862313,0,1.20500000000004
"S3",1000,1.5,3,0.3,995,1.30303723966953,3.05485609056314,0.284638669069049,-582.73993721709,0,1.19799999999998
"S3",1000,1.5,3,0.3,996,1.94142819708434,3.034818170193,0.314722289068545,-591.293316241388,0,1.21800000000002
"S3",1000,1.5,3,0.3,997,2.20084959061351,2.87482547724948,0.366195718579959,-604.387695415764,0,1.20600000000002
"S3",1000,1.5,3,0.3,998,1.37625268365115,2.99798527009054,0.281496910634684,-609.874289142386,0,1.15500000000003
"S3",1000,1.5,3,0.3,999,1.07297547780338,3.07703466437941,0.253337958977999,-588.882859642858,0,1.26499999999999
"S3",1000,1.5,3,0.3,1000,3.60337427427024,2.78189889159844,0.429540438029022,-607.067284574234,0,1.26499999999999
